-- Migration 006: Demo listings from real Kaidee + Facebook Marketplace scrapes
-- Generated by scripts/run_fb_pipeline.py from live scraped data
-- Date: 2026-03-29

-- Clean up any previous demo data (respecting FK constraints)
DELETE FROM intelligence_briefs WHERE listing_id::text LIKE 'd0000000-0000-0000-0000-%';
DELETE FROM listing_reviews WHERE listing_id::text LIKE 'd0000000-0000-0000-0000-%';
DELETE FROM listing_analysis WHERE listing_id::text LIKE 'd0000000-0000-0000-0000-%';
DELETE FROM listings WHERE id::text LIKE 'd0000000-0000-0000-0000-%';
DELETE FROM scan_jobs WHERE id IN ('a0000000-0000-0000-0000-000000000001', 'a0000000-0000-0000-0000-000000000002');

-- Scan job: Kaidee.com
INSERT INTO scan_jobs (id, marketplace, region, proxy_country, status, search_queries, listings_found, listings_passed_triage, listings_flagged, started_at, completed_at)
VALUES ('a0000000-0000-0000-0000-000000000001', 'kaidee.com', 'TH', 'TH', 'completed', ARRAY['amulet','talisman','statue','collectibles'], 95, 95, 1, '2026-03-29 10:00:00', '2026-03-29 10:05:00')
ON CONFLICT (id) DO UPDATE SET
  marketplace = EXCLUDED.marketplace,
  listings_found = EXCLUDED.listings_found,
  listings_passed_triage = EXCLUDED.listings_passed_triage,
  listings_flagged = EXCLUDED.listings_flagged,
  completed_at = EXCLUDED.completed_at;

-- Scan job: Facebook Marketplace
INSERT INTO scan_jobs (id, marketplace, region, proxy_country, status, search_queries, listings_found, listings_passed_triage, listings_flagged, started_at, completed_at)
VALUES ('a0000000-0000-0000-0000-000000000002', 'facebook.com', 'TH', 'TH', 'completed', ARRAY['งาช้าง','ivory','เขี้ยวเสือ','กระดองเต่า'], 98, 98, 31, '2026-03-29 11:00:00', '2026-03-29 11:10:00')
ON CONFLICT (id) DO UPDATE SET
  marketplace = EXCLUDED.marketplace,
  listings_found = EXCLUDED.listings_found,
  listings_passed_triage = EXCLUDED.listings_passed_triage,
  listings_flagged = EXCLUDED.listings_flagged,
  completed_at = EXCLUDED.completed_at;

-- Listing 1: พระรูปหล่อเก่า พร้อมกรอบ 1 องค์
INSERT INTO listings (id, scan_job_id, platform, platform_listing_id, title_original, price_amount, price_currency, images, images_local, seller_name, location_text, post_date, platform_category, content_hash, language, triage_passed, triage_reason)
VALUES ('d0000000-0000-0000-0000-000000000001', 'a0000000-0000-0000-0000-000000000001', 'kaidee.com', 'kaidee-371301263', 'พระรูปหล่อเก่า พร้อมกรอบ 1 องค์', 300.0, 'THB', ARRAY['https://img.kaidee.com/prd/20260329/371301263/m/65ffe2d9-cc86-406f-80c3-febe527a4f02.jpg'], ARRAY['/static/images/demo/371301263_0.jpg'], NULL, 'เมืองอุทัยธานี อุทัยธานี', '2026-03-29 10:00:00', 'amulet-talisman', '1411414bf35703f0', 'th', true, 'high_risk_category')
ON CONFLICT (platform, platform_listing_id) DO UPDATE SET
  title_original = EXCLUDED.title_original,
  price_amount = EXCLUDED.price_amount,
  images = EXCLUDED.images,
  images_local = EXCLUDED.images_local,
  triage_passed = EXCLUDED.triage_passed,
  triage_reason = EXCLUDED.triage_reason;
INSERT INTO listing_analysis (id, listing_id, code_word_matches, linguistic_risk_score, analysis_method, risk_score, alert_tier, signal_breakdown, agreement_bonus)
VALUES ('e0000000-0000-0000-0000-000000000001', 'd0000000-0000-0000-0000-000000000001', '[]', 0.0, 'deterministic', 2, 'clear', '{"code_word": {"score": 0, "max": 15}, "cites": {"score": 0, "max": 25}, "iucn": {"score": 0, "max": 12}, "seizure": {"score": 0, "max": 13}, "geographic": {"score": 2, "max": 10}, "seller": {"score": 0, "max": 10}, "price": {"score": 0, "max": 3}, "image": {"score": 0, "max": 12}}', 0)
ON CONFLICT (listing_id) DO UPDATE SET
  code_word_matches = EXCLUDED.code_word_matches,
  linguistic_risk_score = EXCLUDED.linguistic_risk_score,
  risk_score = EXCLUDED.risk_score,
  alert_tier = EXCLUDED.alert_tier,
  signal_breakdown = EXCLUDED.signal_breakdown;

-- Listing 2: พระสี่เหลี่ยมเก่า 1 องค์
INSERT INTO listings (id, scan_job_id, platform, platform_listing_id, title_original, price_amount, price_currency, images, images_local, seller_name, location_text, post_date, platform_category, content_hash, language, triage_passed, triage_reason)
VALUES ('d0000000-0000-0000-0000-000000000002', 'a0000000-0000-0000-0000-000000000001', 'kaidee.com', 'kaidee-371301235', 'พระสี่เหลี่ยมเก่า 1 องค์', 250.0, 'THB', ARRAY['https://img.kaidee.com/prd/20260329/371301235/m/20a00868-c8fb-4ad2-9cfd-3e471ca3b1f5.jpg'], ARRAY['/static/images/demo/371301235_0.jpg'], NULL, 'เมืองอุทัยธานี อุทัยธานี', '2026-03-29 10:00:00', 'amulet-talisman', '2bd3ec18a145a6ba', 'th', true, 'high_risk_category')
ON CONFLICT (platform, platform_listing_id) DO UPDATE SET
  title_original = EXCLUDED.title_original,
  price_amount = EXCLUDED.price_amount,
  images = EXCLUDED.images,
  images_local = EXCLUDED.images_local,
  triage_passed = EXCLUDED.triage_passed,
  triage_reason = EXCLUDED.triage_reason;
INSERT INTO listing_analysis (id, listing_id, code_word_matches, linguistic_risk_score, analysis_method, risk_score, alert_tier, signal_breakdown, agreement_bonus)
VALUES ('e0000000-0000-0000-0000-000000000002', 'd0000000-0000-0000-0000-000000000002', '[]', 0.0, 'deterministic', 2, 'clear', '{"code_word": {"score": 0, "max": 15}, "cites": {"score": 0, "max": 25}, "iucn": {"score": 0, "max": 12}, "seizure": {"score": 0, "max": 13}, "geographic": {"score": 2, "max": 10}, "seller": {"score": 0, "max": 10}, "price": {"score": 0, "max": 3}, "image": {"score": 0, "max": 12}}', 0)
ON CONFLICT (listing_id) DO UPDATE SET
  code_word_matches = EXCLUDED.code_word_matches,
  linguistic_risk_score = EXCLUDED.linguistic_risk_score,
  risk_score = EXCLUDED.risk_score,
  alert_tier = EXCLUDED.alert_tier,
  signal_breakdown = EXCLUDED.signal_breakdown;

-- Listing 3: ท้าวเวชสุวรรณ
INSERT INTO listings (id, scan_job_id, platform, platform_listing_id, title_original, price_amount, price_currency, images, images_local, seller_name, location_text, post_date, platform_category, content_hash, language, triage_passed, triage_reason)
VALUES ('d0000000-0000-0000-0000-000000000003', 'a0000000-0000-0000-0000-000000000001', 'kaidee.com', 'kaidee-371301113', 'ท้าวเวชสุวรรณ', 1400.0, 'THB', ARRAY['https://img.kaidee.com/prd/20260329/371301113/m/d4747d26-53cb-4a3f-8abd-72bb264e1033.jpg'], ARRAY['/static/images/demo/371301113_0.jpg'], NULL, 'เมืองสมุทรสาคร สมุทรสาคร', '2026-03-29 10:00:00', 'amulet-talisman', 'acd8f13c3942ee20', 'th', true, 'high_risk_category')
ON CONFLICT (platform, platform_listing_id) DO UPDATE SET
  title_original = EXCLUDED.title_original,
  price_amount = EXCLUDED.price_amount,
  images = EXCLUDED.images,
  images_local = EXCLUDED.images_local,
  triage_passed = EXCLUDED.triage_passed,
  triage_reason = EXCLUDED.triage_reason;
INSERT INTO listing_analysis (id, listing_id, code_word_matches, linguistic_risk_score, analysis_method, risk_score, alert_tier, signal_breakdown, agreement_bonus)
VALUES ('e0000000-0000-0000-0000-000000000003', 'd0000000-0000-0000-0000-000000000003', '[]', 0.0, 'deterministic', 2, 'clear', '{"code_word": {"score": 0, "max": 15}, "cites": {"score": 0, "max": 25}, "iucn": {"score": 0, "max": 12}, "seizure": {"score": 0, "max": 13}, "geographic": {"score": 2, "max": 10}, "seller": {"score": 0, "max": 10}, "price": {"score": 0, "max": 3}, "image": {"score": 0, "max": 12}}', 0)
ON CONFLICT (listing_id) DO UPDATE SET
  code_word_matches = EXCLUDED.code_word_matches,
  linguistic_risk_score = EXCLUDED.linguistic_risk_score,
  risk_score = EXCLUDED.risk_score,
  alert_tier = EXCLUDED.alert_tier,
  signal_breakdown = EXCLUDED.signal_breakdown;

-- Listing 4: ตะกรุดเก่ามากๆตามรูปเลยครับเก่าสุดสุดพร้อมเลี่ยมสแตนเลสอย่าง
INSERT INTO listings (id, scan_job_id, platform, platform_listing_id, title_original, price_amount, price_currency, images, images_local, seller_name, location_text, post_date, platform_category, content_hash, language, triage_passed, triage_reason)
VALUES ('d0000000-0000-0000-0000-000000000004', 'a0000000-0000-0000-0000-000000000001', 'kaidee.com', 'kaidee-371300887', 'ตะกรุดเก่ามากๆตามรูปเลยครับเก่าสุดสุดพร้อมเลี่ยมสแตนเลสอย่างดี', 350.0, 'THB', ARRAY['https://img.kaidee.com/prd/20260329/371300887/m/1b36e6f1-9c43-4657-a470-b94975d4b8d3.jpg'], ARRAY['/static/images/demo/371300887_0.jpg'], NULL, 'ลาดพร้าว กรุงเทพมหานคร', '2026-03-29 10:00:00', 'amulet-talisman', '62ffc026038e243a', 'th', true, 'high_risk_category')
ON CONFLICT (platform, platform_listing_id) DO UPDATE SET
  title_original = EXCLUDED.title_original,
  price_amount = EXCLUDED.price_amount,
  images = EXCLUDED.images,
  images_local = EXCLUDED.images_local,
  triage_passed = EXCLUDED.triage_passed,
  triage_reason = EXCLUDED.triage_reason;
INSERT INTO listing_analysis (id, listing_id, code_word_matches, linguistic_risk_score, analysis_method, risk_score, alert_tier, signal_breakdown, agreement_bonus)
VALUES ('e0000000-0000-0000-0000-000000000004', 'd0000000-0000-0000-0000-000000000004', '[]', 0.0, 'deterministic', 2, 'clear', '{"code_word": {"score": 0, "max": 15}, "cites": {"score": 0, "max": 25}, "iucn": {"score": 0, "max": 12}, "seizure": {"score": 0, "max": 13}, "geographic": {"score": 2, "max": 10}, "seller": {"score": 0, "max": 10}, "price": {"score": 0, "max": 3}, "image": {"score": 0, "max": 12}}', 0)
ON CONFLICT (listing_id) DO UPDATE SET
  code_word_matches = EXCLUDED.code_word_matches,
  linguistic_risk_score = EXCLUDED.linguistic_risk_score,
  risk_score = EXCLUDED.risk_score,
  alert_tier = EXCLUDED.alert_tier,
  signal_breakdown = EXCLUDED.signal_breakdown;

-- Listing 5: หลวงพ่อเดิม
INSERT INTO listings (id, scan_job_id, platform, platform_listing_id, title_original, price_amount, price_currency, images, images_local, seller_name, location_text, post_date, platform_category, content_hash, language, triage_passed, triage_reason)
VALUES ('d0000000-0000-0000-0000-000000000005', 'a0000000-0000-0000-0000-000000000001', 'kaidee.com', 'kaidee-371202547', 'หลวงพ่อเดิม', 12000.0, 'THB', ARRAY['https://img.kaidee.com/prd/20260329/371202547/m/02c9ae67-509f-4a78-99a1-fa5e33890322.jpg'], ARRAY['/static/images/demo/371202547_0.jpg'], NULL, 'บางกะปิ กรุงเทพมหานคร', '2026-03-29 10:00:00', 'amulet-talisman', '5b5569c434be7153', 'th', true, 'high_risk_category')
ON CONFLICT (platform, platform_listing_id) DO UPDATE SET
  title_original = EXCLUDED.title_original,
  price_amount = EXCLUDED.price_amount,
  images = EXCLUDED.images,
  images_local = EXCLUDED.images_local,
  triage_passed = EXCLUDED.triage_passed,
  triage_reason = EXCLUDED.triage_reason;
INSERT INTO listing_analysis (id, listing_id, code_word_matches, linguistic_risk_score, analysis_method, risk_score, alert_tier, signal_breakdown, agreement_bonus)
VALUES ('e0000000-0000-0000-0000-000000000005', 'd0000000-0000-0000-0000-000000000005', '[]', 0.0, 'deterministic', 2, 'clear', '{"code_word": {"score": 0, "max": 15}, "cites": {"score": 0, "max": 25}, "iucn": {"score": 0, "max": 12}, "seizure": {"score": 0, "max": 13}, "geographic": {"score": 2, "max": 10}, "seller": {"score": 0, "max": 10}, "price": {"score": 0, "max": 3}, "image": {"score": 0, "max": 12}}', 0)
ON CONFLICT (listing_id) DO UPDATE SET
  code_word_matches = EXCLUDED.code_word_matches,
  linguistic_risk_score = EXCLUDED.linguistic_risk_score,
  risk_score = EXCLUDED.risk_score,
  alert_tier = EXCLUDED.alert_tier,
  signal_breakdown = EXCLUDED.signal_breakdown;

-- Listing 6: งานเครื่องรางเก่าศิลป์สวย ตามภาพราคาหลุด ๆ ไม่รู้ที่ค่ะ
INSERT INTO listings (id, scan_job_id, platform, platform_listing_id, title_original, price_amount, price_currency, images, images_local, seller_name, location_text, post_date, platform_category, content_hash, language, triage_passed, triage_reason)
VALUES ('d0000000-0000-0000-0000-000000000006', 'a0000000-0000-0000-0000-000000000001', 'kaidee.com', 'kaidee-371276831', 'งานเครื่องรางเก่าศิลป์สวย ตามภาพราคาหลุด ๆ ไม่รู้ที่ค่ะ', 850.0, 'THB', ARRAY['https://img.kaidee.com/prd/20260314/371276831/m/13adbdcc-036e-477c-aa91-73349a62144f.jpg'], ARRAY['/static/images/demo/371276831_0.jpg'], NULL, 'เมืองพิจิตร พิจิตร', '2026-03-29 10:00:00', 'amulet-talisman', '65e0d71bb4453c01', 'th', true, 'high_risk_category')
ON CONFLICT (platform, platform_listing_id) DO UPDATE SET
  title_original = EXCLUDED.title_original,
  price_amount = EXCLUDED.price_amount,
  images = EXCLUDED.images,
  images_local = EXCLUDED.images_local,
  triage_passed = EXCLUDED.triage_passed,
  triage_reason = EXCLUDED.triage_reason;
INSERT INTO listing_analysis (id, listing_id, code_word_matches, linguistic_risk_score, analysis_method, risk_score, alert_tier, signal_breakdown, agreement_bonus)
VALUES ('e0000000-0000-0000-0000-000000000006', 'd0000000-0000-0000-0000-000000000006', '[]', 0.0, 'deterministic', 2, 'clear', '{"code_word": {"score": 0, "max": 15}, "cites": {"score": 0, "max": 25}, "iucn": {"score": 0, "max": 12}, "seizure": {"score": 0, "max": 13}, "geographic": {"score": 2, "max": 10}, "seller": {"score": 0, "max": 10}, "price": {"score": 0, "max": 3}, "image": {"score": 0, "max": 12}}', 0)
ON CONFLICT (listing_id) DO UPDATE SET
  code_word_matches = EXCLUDED.code_word_matches,
  linguistic_risk_score = EXCLUDED.linguistic_risk_score,
  risk_score = EXCLUDED.risk_score,
  alert_tier = EXCLUDED.alert_tier,
  signal_breakdown = EXCLUDED.signal_breakdown;

-- Listing 7: ลพ.ติ่ง วัดบ้านคา 2471
INSERT INTO listings (id, scan_job_id, platform, platform_listing_id, title_original, price_amount, price_currency, images, images_local, seller_name, location_text, post_date, platform_category, content_hash, language, triage_passed, triage_reason)
VALUES ('d0000000-0000-0000-0000-000000000007', 'a0000000-0000-0000-0000-000000000001', 'kaidee.com', 'kaidee-371299939', 'ลพ.ติ่ง วัดบ้านคา 2471', 1800.0, 'THB', ARRAY['https://img.kaidee.com/prd/20260329/371299939/m/11df1576-f262-4054-9c7e-1f11b91af72e.jpg'], ARRAY['/static/images/demo/371299939_0.jpg'], NULL, 'ชุมแสง นครสวรรค์', '2026-03-29 10:00:00', 'amulet-talisman', 'a10267f14dbbb465', 'th', true, 'high_risk_category')
ON CONFLICT (platform, platform_listing_id) DO UPDATE SET
  title_original = EXCLUDED.title_original,
  price_amount = EXCLUDED.price_amount,
  images = EXCLUDED.images,
  images_local = EXCLUDED.images_local,
  triage_passed = EXCLUDED.triage_passed,
  triage_reason = EXCLUDED.triage_reason;
INSERT INTO listing_analysis (id, listing_id, code_word_matches, linguistic_risk_score, analysis_method, risk_score, alert_tier, signal_breakdown, agreement_bonus)
VALUES ('e0000000-0000-0000-0000-000000000007', 'd0000000-0000-0000-0000-000000000007', '[]', 0.0, 'deterministic', 2, 'clear', '{"code_word": {"score": 0, "max": 15}, "cites": {"score": 0, "max": 25}, "iucn": {"score": 0, "max": 12}, "seizure": {"score": 0, "max": 13}, "geographic": {"score": 2, "max": 10}, "seller": {"score": 0, "max": 10}, "price": {"score": 0, "max": 3}, "image": {"score": 0, "max": 12}}', 0)
ON CONFLICT (listing_id) DO UPDATE SET
  code_word_matches = EXCLUDED.code_word_matches,
  linguistic_risk_score = EXCLUDED.linguistic_risk_score,
  risk_score = EXCLUDED.risk_score,
  alert_tier = EXCLUDED.alert_tier,
  signal_breakdown = EXCLUDED.signal_breakdown;

-- Listing 8: ปล่อยพระค่ะ
INSERT INTO listings (id, scan_job_id, platform, platform_listing_id, title_original, price_amount, price_currency, images, images_local, seller_name, location_text, post_date, platform_category, content_hash, language, triage_passed, triage_reason)
VALUES ('d0000000-0000-0000-0000-000000000008', 'a0000000-0000-0000-0000-000000000001', 'kaidee.com', 'kaidee-371299854', 'ปล่อยพระค่ะ', 2100.0, 'THB', ARRAY['https://img.kaidee.com/prd/20260328/371299854/m/f3101015-82aa-4948-a9df-ed3fd0c9bb63.jpg'], ARRAY['/static/images/demo/371299854_0.jpg'], NULL, 'เมืองสมุทรปราการ สมุทรปราการ', '2026-03-29 10:00:00', 'amulet-talisman', '24987c9cafb8ec9f', 'th', true, 'high_risk_category')
ON CONFLICT (platform, platform_listing_id) DO UPDATE SET
  title_original = EXCLUDED.title_original,
  price_amount = EXCLUDED.price_amount,
  images = EXCLUDED.images,
  images_local = EXCLUDED.images_local,
  triage_passed = EXCLUDED.triage_passed,
  triage_reason = EXCLUDED.triage_reason;
INSERT INTO listing_analysis (id, listing_id, code_word_matches, linguistic_risk_score, analysis_method, risk_score, alert_tier, signal_breakdown, agreement_bonus)
VALUES ('e0000000-0000-0000-0000-000000000008', 'd0000000-0000-0000-0000-000000000008', '[]', 0.0, 'deterministic', 2, 'clear', '{"code_word": {"score": 0, "max": 15}, "cites": {"score": 0, "max": 25}, "iucn": {"score": 0, "max": 12}, "seizure": {"score": 0, "max": 13}, "geographic": {"score": 2, "max": 10}, "seller": {"score": 0, "max": 10}, "price": {"score": 0, "max": 3}, "image": {"score": 0, "max": 12}}', 0)
ON CONFLICT (listing_id) DO UPDATE SET
  code_word_matches = EXCLUDED.code_word_matches,
  linguistic_risk_score = EXCLUDED.linguistic_risk_score,
  risk_score = EXCLUDED.risk_score,
  alert_tier = EXCLUDED.alert_tier,
  signal_breakdown = EXCLUDED.signal_breakdown;

-- Listing 9: ปล่อยพระค่ะ
INSERT INTO listings (id, scan_job_id, platform, platform_listing_id, title_original, price_amount, price_currency, images, images_local, seller_name, location_text, post_date, platform_category, content_hash, language, triage_passed, triage_reason)
VALUES ('d0000000-0000-0000-0000-000000000009', 'a0000000-0000-0000-0000-000000000001', 'kaidee.com', 'kaidee-371299848', 'ปล่อยพระค่ะ', 1600.0, 'THB', ARRAY['https://img.kaidee.com/prd/20260328/371299848/m/9c212da1-6b64-4efd-8cdc-0ef79fd3ea6f.jpg'], ARRAY['/static/images/demo/371299848_0.jpg'], NULL, 'เมืองสมุทรปราการ สมุทรปราการ', '2026-03-29 10:00:00', 'amulet-talisman', '1f82b80b8ad17d22', 'th', true, 'high_risk_category')
ON CONFLICT (platform, platform_listing_id) DO UPDATE SET
  title_original = EXCLUDED.title_original,
  price_amount = EXCLUDED.price_amount,
  images = EXCLUDED.images,
  images_local = EXCLUDED.images_local,
  triage_passed = EXCLUDED.triage_passed,
  triage_reason = EXCLUDED.triage_reason;
INSERT INTO listing_analysis (id, listing_id, code_word_matches, linguistic_risk_score, analysis_method, risk_score, alert_tier, signal_breakdown, agreement_bonus)
VALUES ('e0000000-0000-0000-0000-000000000009', 'd0000000-0000-0000-0000-000000000009', '[]', 0.0, 'deterministic', 2, 'clear', '{"code_word": {"score": 0, "max": 15}, "cites": {"score": 0, "max": 25}, "iucn": {"score": 0, "max": 12}, "seizure": {"score": 0, "max": 13}, "geographic": {"score": 2, "max": 10}, "seller": {"score": 0, "max": 10}, "price": {"score": 0, "max": 3}, "image": {"score": 0, "max": 12}}', 0)
ON CONFLICT (listing_id) DO UPDATE SET
  code_word_matches = EXCLUDED.code_word_matches,
  linguistic_risk_score = EXCLUDED.linguistic_risk_score,
  risk_score = EXCLUDED.risk_score,
  alert_tier = EXCLUDED.alert_tier,
  signal_breakdown = EXCLUDED.signal_breakdown;

-- Listing 10: พยัคฆ์เขี้ยวดาบเนื้อแร่ หลวงปู่กาหลง วัดเขาแหลม จ.สระแก้ว
INSERT INTO listings (id, scan_job_id, platform, platform_listing_id, title_original, price_amount, price_currency, images, images_local, seller_name, location_text, post_date, platform_category, content_hash, language, triage_passed, triage_reason)
VALUES ('d0000000-0000-0000-0000-000000000010', 'a0000000-0000-0000-0000-000000000001', 'kaidee.com', 'kaidee-371293742', 'พยัคฆ์เขี้ยวดาบเนื้อแร่ หลวงปู่กาหลง วัดเขาแหลม จ.สระแก้ว', 5500.0, 'THB', ARRAY['https://img.kaidee.com/prd/20260325/371293742/m/fea0498a-d1c3-44e0-96ef-14f10430f13e.jpg'], ARRAY['/static/images/demo/371293742_0.jpg'], NULL, 'เมืองกาฬสินธุ์ กาฬสินธุ์', '2026-03-29 10:00:00', 'amulet-talisman', 'e61048dc5d67e6de', 'th', true, 'high_risk_category')
ON CONFLICT (platform, platform_listing_id) DO UPDATE SET
  title_original = EXCLUDED.title_original,
  price_amount = EXCLUDED.price_amount,
  images = EXCLUDED.images,
  images_local = EXCLUDED.images_local,
  triage_passed = EXCLUDED.triage_passed,
  triage_reason = EXCLUDED.triage_reason;
INSERT INTO listing_analysis (id, listing_id, code_word_matches, linguistic_risk_score, analysis_method, risk_score, alert_tier, signal_breakdown, agreement_bonus)
VALUES ('e0000000-0000-0000-0000-000000000010', 'd0000000-0000-0000-0000-000000000010', '[]', 0.0, 'deterministic', 2, 'clear', '{"code_word": {"score": 0, "max": 15}, "cites": {"score": 0, "max": 25}, "iucn": {"score": 0, "max": 12}, "seizure": {"score": 0, "max": 13}, "geographic": {"score": 2, "max": 10}, "seller": {"score": 0, "max": 10}, "price": {"score": 0, "max": 3}, "image": {"score": 0, "max": 12}}', 0)
ON CONFLICT (listing_id) DO UPDATE SET
  code_word_matches = EXCLUDED.code_word_matches,
  linguistic_risk_score = EXCLUDED.linguistic_risk_score,
  risk_score = EXCLUDED.risk_score,
  alert_tier = EXCLUDED.alert_tier,
  signal_breakdown = EXCLUDED.signal_breakdown;

-- Listing 11: หลวงปู่เอี่ยม วัดสะพานสูง.
INSERT INTO listings (id, scan_job_id, platform, platform_listing_id, title_original, price_amount, price_currency, images, images_local, seller_name, location_text, post_date, platform_category, content_hash, language, triage_passed, triage_reason)
VALUES ('d0000000-0000-0000-0000-000000000011', 'a0000000-0000-0000-0000-000000000001', 'kaidee.com', 'kaidee-371224769', 'หลวงปู่เอี่ยม วัดสะพานสูง.', 3000.0, 'THB', ARRAY['https://img.kaidee.com/prd/20260213/371224769/m/cd7d1cbd-d52c-4ef8-8392-ec996a96d832.jpg'], ARRAY['/static/images/demo/371224769_0.jpg'], NULL, 'เมืองปทุมธานี ปทุมธานี', '2026-03-29 10:00:00', 'amulet-talisman', '943e856dd61704b7', 'th', true, 'high_risk_category')
ON CONFLICT (platform, platform_listing_id) DO UPDATE SET
  title_original = EXCLUDED.title_original,
  price_amount = EXCLUDED.price_amount,
  images = EXCLUDED.images,
  images_local = EXCLUDED.images_local,
  triage_passed = EXCLUDED.triage_passed,
  triage_reason = EXCLUDED.triage_reason;
INSERT INTO listing_analysis (id, listing_id, code_word_matches, linguistic_risk_score, analysis_method, risk_score, alert_tier, signal_breakdown, agreement_bonus)
VALUES ('e0000000-0000-0000-0000-000000000011', 'd0000000-0000-0000-0000-000000000011', '[]', 0.0, 'deterministic', 2, 'clear', '{"code_word": {"score": 0, "max": 15}, "cites": {"score": 0, "max": 25}, "iucn": {"score": 0, "max": 12}, "seizure": {"score": 0, "max": 13}, "geographic": {"score": 2, "max": 10}, "seller": {"score": 0, "max": 10}, "price": {"score": 0, "max": 3}, "image": {"score": 0, "max": 12}}', 0)
ON CONFLICT (listing_id) DO UPDATE SET
  code_word_matches = EXCLUDED.code_word_matches,
  linguistic_risk_score = EXCLUDED.linguistic_risk_score,
  risk_score = EXCLUDED.risk_score,
  alert_tier = EXCLUDED.alert_tier,
  signal_breakdown = EXCLUDED.signal_breakdown;

-- Listing 12: หลวงพ่อกวย ไม้ค้ำโบสถ์ ตัวใหญ่ สร้างน้อยมากๆ
INSERT INTO listings (id, scan_job_id, platform, platform_listing_id, title_original, price_amount, price_currency, images, images_local, seller_name, location_text, post_date, platform_category, content_hash, language, triage_passed, triage_reason)
VALUES ('d0000000-0000-0000-0000-000000000012', 'a0000000-0000-0000-0000-000000000001', 'kaidee.com', 'kaidee-371299601', 'หลวงพ่อกวย ไม้ค้ำโบสถ์ ตัวใหญ่ สร้างน้อยมากๆ', 13500.0, 'THB', ARRAY['https://img.kaidee.com/prd/20260328/371299601/m/b4c3d72d-34c5-4cca-8210-1f6d54d8ae65.jpg'], ARRAY['/static/images/demo/371299601_0.jpg'], NULL, 'คลองหลวง ปทุมธานี', '2026-03-29 10:00:00', 'amulet-talisman', 'ac9957133ba163ed', 'th', true, 'high_risk_category')
ON CONFLICT (platform, platform_listing_id) DO UPDATE SET
  title_original = EXCLUDED.title_original,
  price_amount = EXCLUDED.price_amount,
  images = EXCLUDED.images,
  images_local = EXCLUDED.images_local,
  triage_passed = EXCLUDED.triage_passed,
  triage_reason = EXCLUDED.triage_reason;
INSERT INTO listing_analysis (id, listing_id, code_word_matches, linguistic_risk_score, analysis_method, risk_score, alert_tier, signal_breakdown, agreement_bonus)
VALUES ('e0000000-0000-0000-0000-000000000012', 'd0000000-0000-0000-0000-000000000012', '[]', 0.0, 'deterministic', 2, 'clear', '{"code_word": {"score": 0, "max": 15}, "cites": {"score": 0, "max": 25}, "iucn": {"score": 0, "max": 12}, "seizure": {"score": 0, "max": 13}, "geographic": {"score": 2, "max": 10}, "seller": {"score": 0, "max": 10}, "price": {"score": 0, "max": 3}, "image": {"score": 0, "max": 12}}', 0)
ON CONFLICT (listing_id) DO UPDATE SET
  code_word_matches = EXCLUDED.code_word_matches,
  linguistic_risk_score = EXCLUDED.linguistic_risk_score,
  risk_score = EXCLUDED.risk_score,
  alert_tier = EXCLUDED.alert_tier,
  signal_breakdown = EXCLUDED.signal_breakdown;

-- Listing 13: 🙏เหรียญหล่อประภามลฑลเลี่ยมเดิม🙏เหรียญประมลฑลตัดชิด🙏หนุมานหลั
INSERT INTO listings (id, scan_job_id, platform, platform_listing_id, title_original, price_amount, price_currency, images, images_local, seller_name, location_text, post_date, platform_category, content_hash, language, triage_passed, triage_reason)
VALUES ('d0000000-0000-0000-0000-000000000013', 'a0000000-0000-0000-0000-000000000001', 'kaidee.com', 'kaidee-370737913', '🙏เหรียญหล่อประภามลฑลเลี่ยมเดิม🙏เหรียญประมลฑลตัดชิด🙏หนุมานหลังจาร ไม่ทราบที่องค์ละ 1550', 1550.0, 'THB', ARRAY['https://img.kaidee.com/prd/20250805/370737913/m/f37607c3-aae9-45b0-bb3b-fb7abe7d7433.jpg'], ARRAY['/static/images/demo/370737913_0.jpg'], NULL, 'ธัญบุรี ปทุมธานี', '2026-03-29 10:00:00', 'amulet-talisman', 'a8261249e6671c81', 'th', true, 'high_risk_category')
ON CONFLICT (platform, platform_listing_id) DO UPDATE SET
  title_original = EXCLUDED.title_original,
  price_amount = EXCLUDED.price_amount,
  images = EXCLUDED.images,
  images_local = EXCLUDED.images_local,
  triage_passed = EXCLUDED.triage_passed,
  triage_reason = EXCLUDED.triage_reason;
INSERT INTO listing_analysis (id, listing_id, code_word_matches, linguistic_risk_score, analysis_method, risk_score, alert_tier, signal_breakdown, agreement_bonus)
VALUES ('e0000000-0000-0000-0000-000000000013', 'd0000000-0000-0000-0000-000000000013', '[]', 0.0, 'deterministic', 2, 'clear', '{"code_word": {"score": 0, "max": 15}, "cites": {"score": 0, "max": 25}, "iucn": {"score": 0, "max": 12}, "seizure": {"score": 0, "max": 13}, "geographic": {"score": 2, "max": 10}, "seller": {"score": 0, "max": 10}, "price": {"score": 0, "max": 3}, "image": {"score": 0, "max": 12}}', 0)
ON CONFLICT (listing_id) DO UPDATE SET
  code_word_matches = EXCLUDED.code_word_matches,
  linguistic_risk_score = EXCLUDED.linguistic_risk_score,
  risk_score = EXCLUDED.risk_score,
  alert_tier = EXCLUDED.alert_tier,
  signal_breakdown = EXCLUDED.signal_breakdown;

-- Listing 14: แม่นางกวัก
INSERT INTO listings (id, scan_job_id, platform, platform_listing_id, title_original, price_amount, price_currency, images, images_local, seller_name, location_text, post_date, platform_category, content_hash, language, triage_passed, triage_reason)
VALUES ('d0000000-0000-0000-0000-000000000014', 'a0000000-0000-0000-0000-000000000001', 'kaidee.com', 'kaidee-371299413', 'แม่นางกวัก', 300.0, 'THB', ARRAY['https://img.kaidee.com/prd/20260328/371299413/m/fcb38bf3-a03f-4554-bdd3-e2d4a8fda6f3.jpg'], ARRAY['/static/images/demo/371299413_0.jpg'], NULL, 'สายไหม กรุงเทพมหานคร', '2026-03-29 10:00:00', 'amulet-talisman', '66e5c5669eb60ebb', 'th', true, 'high_risk_category')
ON CONFLICT (platform, platform_listing_id) DO UPDATE SET
  title_original = EXCLUDED.title_original,
  price_amount = EXCLUDED.price_amount,
  images = EXCLUDED.images,
  images_local = EXCLUDED.images_local,
  triage_passed = EXCLUDED.triage_passed,
  triage_reason = EXCLUDED.triage_reason;
INSERT INTO listing_analysis (id, listing_id, code_word_matches, linguistic_risk_score, analysis_method, risk_score, alert_tier, signal_breakdown, agreement_bonus)
VALUES ('e0000000-0000-0000-0000-000000000014', 'd0000000-0000-0000-0000-000000000014', '[]', 0.0, 'deterministic', 2, 'clear', '{"code_word": {"score": 0, "max": 15}, "cites": {"score": 0, "max": 25}, "iucn": {"score": 0, "max": 12}, "seizure": {"score": 0, "max": 13}, "geographic": {"score": 2, "max": 10}, "seller": {"score": 0, "max": 10}, "price": {"score": 0, "max": 3}, "image": {"score": 0, "max": 12}}', 0)
ON CONFLICT (listing_id) DO UPDATE SET
  code_word_matches = EXCLUDED.code_word_matches,
  linguistic_risk_score = EXCLUDED.linguistic_risk_score,
  risk_score = EXCLUDED.risk_score,
  alert_tier = EXCLUDED.alert_tier,
  signal_breakdown = EXCLUDED.signal_breakdown;

-- Listing 15: ของเก่า สร้อยไทยเกอร์อาย
INSERT INTO listings (id, scan_job_id, platform, platform_listing_id, title_original, price_amount, price_currency, images, images_local, seller_name, location_text, post_date, platform_category, content_hash, language, triage_passed, triage_reason)
VALUES ('d0000000-0000-0000-0000-000000000015', 'a0000000-0000-0000-0000-000000000001', 'kaidee.com', 'kaidee-371299224', 'ของเก่า สร้อยไทยเกอร์อาย', 250.0, 'THB', ARRAY['https://img.kaidee.com/prd/20260329/371299224/m/a19fad05-029b-4de0-badf-efe91c3b83b6.jpg'], ARRAY['/static/images/demo/371299224_0.jpg'], NULL, 'นครชัยศรี นครปฐม', '2026-03-29 10:00:00', 'amulet-talisman', 'ecaf4906ea8e3ae9', 'th', true, 'high_risk_category')
ON CONFLICT (platform, platform_listing_id) DO UPDATE SET
  title_original = EXCLUDED.title_original,
  price_amount = EXCLUDED.price_amount,
  images = EXCLUDED.images,
  images_local = EXCLUDED.images_local,
  triage_passed = EXCLUDED.triage_passed,
  triage_reason = EXCLUDED.triage_reason;
INSERT INTO listing_analysis (id, listing_id, code_word_matches, linguistic_risk_score, analysis_method, risk_score, alert_tier, signal_breakdown, agreement_bonus)
VALUES ('e0000000-0000-0000-0000-000000000015', 'd0000000-0000-0000-0000-000000000015', '[]', 0.0, 'deterministic', 2, 'clear', '{"code_word": {"score": 0, "max": 15}, "cites": {"score": 0, "max": 25}, "iucn": {"score": 0, "max": 12}, "seizure": {"score": 0, "max": 13}, "geographic": {"score": 2, "max": 10}, "seller": {"score": 0, "max": 10}, "price": {"score": 0, "max": 3}, "image": {"score": 0, "max": 12}}', 0)
ON CONFLICT (listing_id) DO UPDATE SET
  code_word_matches = EXCLUDED.code_word_matches,
  linguistic_risk_score = EXCLUDED.linguistic_risk_score,
  risk_score = EXCLUDED.risk_score,
  alert_tier = EXCLUDED.alert_tier,
  signal_breakdown = EXCLUDED.signal_breakdown;

-- Listing 16: ตะกรุดพอกคลั่งเก่ามากๆตามรูปเก่าสุดสุดใครชอบรู้ที่เชิญครับ
INSERT INTO listings (id, scan_job_id, platform, platform_listing_id, title_original, price_amount, price_currency, images, images_local, seller_name, location_text, post_date, platform_category, content_hash, language, triage_passed, triage_reason)
VALUES ('d0000000-0000-0000-0000-000000000016', 'a0000000-0000-0000-0000-000000000001', 'kaidee.com', 'kaidee-371161843', 'ตะกรุดพอกคลั่งเก่ามากๆตามรูปเก่าสุดสุดใครชอบรู้ที่เชิญครับ', 400.0, 'THB', ARRAY['https://img.kaidee.com/prd/20260102/371161843/m/54c0b140-e112-4ee6-a28c-6bf3c7e800cb.jpg'], ARRAY['/static/images/demo/371161843_0.jpg'], NULL, 'ลาดพร้าว กรุงเทพมหานคร', '2026-03-29 10:00:00', 'amulet-talisman', '9a0601f658047745', 'th', true, 'high_risk_category')
ON CONFLICT (platform, platform_listing_id) DO UPDATE SET
  title_original = EXCLUDED.title_original,
  price_amount = EXCLUDED.price_amount,
  images = EXCLUDED.images,
  images_local = EXCLUDED.images_local,
  triage_passed = EXCLUDED.triage_passed,
  triage_reason = EXCLUDED.triage_reason;
INSERT INTO listing_analysis (id, listing_id, code_word_matches, linguistic_risk_score, analysis_method, risk_score, alert_tier, signal_breakdown, agreement_bonus)
VALUES ('e0000000-0000-0000-0000-000000000016', 'd0000000-0000-0000-0000-000000000016', '[]', 0.0, 'deterministic', 2, 'clear', '{"code_word": {"score": 0, "max": 15}, "cites": {"score": 0, "max": 25}, "iucn": {"score": 0, "max": 12}, "seizure": {"score": 0, "max": 13}, "geographic": {"score": 2, "max": 10}, "seller": {"score": 0, "max": 10}, "price": {"score": 0, "max": 3}, "image": {"score": 0, "max": 12}}', 0)
ON CONFLICT (listing_id) DO UPDATE SET
  code_word_matches = EXCLUDED.code_word_matches,
  linguistic_risk_score = EXCLUDED.linguistic_risk_score,
  risk_score = EXCLUDED.risk_score,
  alert_tier = EXCLUDED.alert_tier,
  signal_breakdown = EXCLUDED.signal_breakdown;

-- Listing 17: ของเก่าสะสม
INSERT INTO listings (id, scan_job_id, platform, platform_listing_id, title_original, price_amount, price_currency, images, images_local, seller_name, location_text, post_date, platform_category, content_hash, language, triage_passed, triage_reason)
VALUES ('d0000000-0000-0000-0000-000000000017', 'a0000000-0000-0000-0000-000000000001', 'kaidee.com', 'kaidee-371167527', 'ของเก่าสะสม', 700.0, 'THB', ARRAY['https://img.kaidee.com/prd/20260109/371167527/m/ea840a3b-01eb-40ef-b132-a7c3566b51ac.jpg'], ARRAY['/static/images/demo/371167527_0.jpg'], NULL, 'นครชัยศรี นครปฐม', '2026-03-29 10:00:00', 'amulet-talisman', '6b51f48cbe74aa51', 'th', true, 'high_risk_category')
ON CONFLICT (platform, platform_listing_id) DO UPDATE SET
  title_original = EXCLUDED.title_original,
  price_amount = EXCLUDED.price_amount,
  images = EXCLUDED.images,
  images_local = EXCLUDED.images_local,
  triage_passed = EXCLUDED.triage_passed,
  triage_reason = EXCLUDED.triage_reason;
INSERT INTO listing_analysis (id, listing_id, code_word_matches, linguistic_risk_score, analysis_method, risk_score, alert_tier, signal_breakdown, agreement_bonus)
VALUES ('e0000000-0000-0000-0000-000000000017', 'd0000000-0000-0000-0000-000000000017', '[]', 0.0, 'deterministic', 2, 'clear', '{"code_word": {"score": 0, "max": 15}, "cites": {"score": 0, "max": 25}, "iucn": {"score": 0, "max": 12}, "seizure": {"score": 0, "max": 13}, "geographic": {"score": 2, "max": 10}, "seller": {"score": 0, "max": 10}, "price": {"score": 0, "max": 3}, "image": {"score": 0, "max": 12}}', 0)
ON CONFLICT (listing_id) DO UPDATE SET
  code_word_matches = EXCLUDED.code_word_matches,
  linguistic_risk_score = EXCLUDED.linguistic_risk_score,
  risk_score = EXCLUDED.risk_score,
  alert_tier = EXCLUDED.alert_tier,
  signal_breakdown = EXCLUDED.signal_breakdown;

-- Listing 18: กะลาแกะ
INSERT INTO listings (id, scan_job_id, platform, platform_listing_id, title_original, price_amount, price_currency, images, images_local, seller_name, location_text, post_date, platform_category, content_hash, language, triage_passed, triage_reason)
VALUES ('d0000000-0000-0000-0000-000000000018', 'a0000000-0000-0000-0000-000000000001', 'kaidee.com', 'kaidee-371298684', 'กะลาแกะ', 1000.0, 'THB', ARRAY['https://img.kaidee.com/prd/20260328/371298684/m/6b7c45c3-a4c0-4e0e-b152-7a03389b476d.jpg'], ARRAY['/static/images/demo/371298684_0.jpg'], NULL, 'สายไหม กรุงเทพมหานคร', '2026-03-29 10:00:00', 'amulet-talisman', 'c33d37906170bb9e', 'th', true, 'high_risk_category')
ON CONFLICT (platform, platform_listing_id) DO UPDATE SET
  title_original = EXCLUDED.title_original,
  price_amount = EXCLUDED.price_amount,
  images = EXCLUDED.images,
  images_local = EXCLUDED.images_local,
  triage_passed = EXCLUDED.triage_passed,
  triage_reason = EXCLUDED.triage_reason;
INSERT INTO listing_analysis (id, listing_id, code_word_matches, linguistic_risk_score, analysis_method, risk_score, alert_tier, signal_breakdown, agreement_bonus)
VALUES ('e0000000-0000-0000-0000-000000000018', 'd0000000-0000-0000-0000-000000000018', '[]', 0.0, 'deterministic', 2, 'clear', '{"code_word": {"score": 0, "max": 15}, "cites": {"score": 0, "max": 25}, "iucn": {"score": 0, "max": 12}, "seizure": {"score": 0, "max": 13}, "geographic": {"score": 2, "max": 10}, "seller": {"score": 0, "max": 10}, "price": {"score": 0, "max": 3}, "image": {"score": 0, "max": 12}}', 0)
ON CONFLICT (listing_id) DO UPDATE SET
  code_word_matches = EXCLUDED.code_word_matches,
  linguistic_risk_score = EXCLUDED.linguistic_risk_score,
  risk_score = EXCLUDED.risk_score,
  alert_tier = EXCLUDED.alert_tier,
  signal_breakdown = EXCLUDED.signal_breakdown;

-- Listing 19: 🙏พระปิดตาล.พ.เดิม🙏สิงหหน้าโบสถ์ องค์ละ2000
INSERT INTO listings (id, scan_job_id, platform, platform_listing_id, title_original, price_amount, price_currency, images, images_local, seller_name, location_text, post_date, platform_category, content_hash, language, triage_passed, triage_reason)
VALUES ('d0000000-0000-0000-0000-000000000019', 'a0000000-0000-0000-0000-000000000001', 'kaidee.com', 'kaidee-370479555', '🙏พระปิดตาล.พ.เดิม🙏สิงหหน้าโบสถ์ องค์ละ2000', 2000.0, 'THB', ARRAY['https://img.kaidee.com/prd/20260323/370479555/m/3cafe6e8-1cb1-4903-9502-8d7b0d8baa96.jpg'], ARRAY['/static/images/demo/370479555_0.jpg'], NULL, 'ธัญบุรี ปทุมธานี', '2026-03-29 10:00:00', 'amulet-talisman', 'bf52b14b506e8561', 'th', true, 'high_risk_category')
ON CONFLICT (platform, platform_listing_id) DO UPDATE SET
  title_original = EXCLUDED.title_original,
  price_amount = EXCLUDED.price_amount,
  images = EXCLUDED.images,
  images_local = EXCLUDED.images_local,
  triage_passed = EXCLUDED.triage_passed,
  triage_reason = EXCLUDED.triage_reason;
INSERT INTO listing_analysis (id, listing_id, code_word_matches, linguistic_risk_score, analysis_method, risk_score, alert_tier, signal_breakdown, agreement_bonus)
VALUES ('e0000000-0000-0000-0000-000000000019', 'd0000000-0000-0000-0000-000000000019', '[]', 0.0, 'deterministic', 2, 'clear', '{"code_word": {"score": 0, "max": 15}, "cites": {"score": 0, "max": 25}, "iucn": {"score": 0, "max": 12}, "seizure": {"score": 0, "max": 13}, "geographic": {"score": 2, "max": 10}, "seller": {"score": 0, "max": 10}, "price": {"score": 0, "max": 3}, "image": {"score": 0, "max": 12}}', 0)
ON CONFLICT (listing_id) DO UPDATE SET
  code_word_matches = EXCLUDED.code_word_matches,
  linguistic_risk_score = EXCLUDED.linguistic_risk_score,
  risk_score = EXCLUDED.risk_score,
  alert_tier = EXCLUDED.alert_tier,
  signal_breakdown = EXCLUDED.signal_breakdown;

-- Listing 20: ตะกรุดหลวงพ่อพิธ วัดฆะมัง
INSERT INTO listings (id, scan_job_id, platform, platform_listing_id, title_original, price_amount, price_currency, images, images_local, seller_name, location_text, post_date, platform_category, content_hash, language, triage_passed, triage_reason)
VALUES ('d0000000-0000-0000-0000-000000000020', 'a0000000-0000-0000-0000-000000000001', 'kaidee.com', 'kaidee-371285190', 'ตะกรุดหลวงพ่อพิธ วัดฆะมัง', 1500.0, 'THB', ARRAY['https://img.kaidee.com/prd/20260319/371285190/m/14dcc3d3-69c5-4ade-b793-4dfdd16c8479.jpg'], ARRAY['/static/images/demo/371285190_0.jpg'], NULL, 'เมืองพิจิตร พิจิตร', '2026-03-29 10:00:00', 'amulet-talisman', 'bfa96b1966bca194', 'th', true, 'high_risk_category')
ON CONFLICT (platform, platform_listing_id) DO UPDATE SET
  title_original = EXCLUDED.title_original,
  price_amount = EXCLUDED.price_amount,
  images = EXCLUDED.images,
  images_local = EXCLUDED.images_local,
  triage_passed = EXCLUDED.triage_passed,
  triage_reason = EXCLUDED.triage_reason;
INSERT INTO listing_analysis (id, listing_id, code_word_matches, linguistic_risk_score, analysis_method, risk_score, alert_tier, signal_breakdown, agreement_bonus)
VALUES ('e0000000-0000-0000-0000-000000000020', 'd0000000-0000-0000-0000-000000000020', '[]', 0.0, 'deterministic', 2, 'clear', '{"code_word": {"score": 0, "max": 15}, "cites": {"score": 0, "max": 25}, "iucn": {"score": 0, "max": 12}, "seizure": {"score": 0, "max": 13}, "geographic": {"score": 2, "max": 10}, "seller": {"score": 0, "max": 10}, "price": {"score": 0, "max": 3}, "image": {"score": 0, "max": 12}}', 0)
ON CONFLICT (listing_id) DO UPDATE SET
  code_word_matches = EXCLUDED.code_word_matches,
  linguistic_risk_score = EXCLUDED.linguistic_risk_score,
  risk_score = EXCLUDED.risk_score,
  alert_tier = EXCLUDED.alert_tier,
  signal_breakdown = EXCLUDED.signal_breakdown;

-- Listing 21: แพห้าพัน วัดพิกุลทอง
INSERT INTO listings (id, scan_job_id, platform, platform_listing_id, title_original, price_amount, price_currency, images, images_local, seller_name, location_text, post_date, platform_category, content_hash, language, triage_passed, triage_reason)
VALUES ('d0000000-0000-0000-0000-000000000021', 'a0000000-0000-0000-0000-000000000001', 'kaidee.com', 'kaidee-371296953', 'แพห้าพัน วัดพิกุลทอง', 1500.0, 'THB', ARRAY['https://img.kaidee.com/prd/20260327/371296953/m/dd04ca31-371b-44c9-8cd6-8ac8a5c4f67c.jpg'], ARRAY['/static/images/demo/371296953_0.jpg'], NULL, 'ชุมแสง นครสวรรค์', '2026-03-29 10:00:00', 'amulet-talisman', 'bbf06a4253881134', 'th', true, 'high_risk_category')
ON CONFLICT (platform, platform_listing_id) DO UPDATE SET
  title_original = EXCLUDED.title_original,
  price_amount = EXCLUDED.price_amount,
  images = EXCLUDED.images,
  images_local = EXCLUDED.images_local,
  triage_passed = EXCLUDED.triage_passed,
  triage_reason = EXCLUDED.triage_reason;
INSERT INTO listing_analysis (id, listing_id, code_word_matches, linguistic_risk_score, analysis_method, risk_score, alert_tier, signal_breakdown, agreement_bonus)
VALUES ('e0000000-0000-0000-0000-000000000021', 'd0000000-0000-0000-0000-000000000021', '[]', 0.0, 'deterministic', 2, 'clear', '{"code_word": {"score": 0, "max": 15}, "cites": {"score": 0, "max": 25}, "iucn": {"score": 0, "max": 12}, "seizure": {"score": 0, "max": 13}, "geographic": {"score": 2, "max": 10}, "seller": {"score": 0, "max": 10}, "price": {"score": 0, "max": 3}, "image": {"score": 0, "max": 12}}', 0)
ON CONFLICT (listing_id) DO UPDATE SET
  code_word_matches = EXCLUDED.code_word_matches,
  linguistic_risk_score = EXCLUDED.linguistic_risk_score,
  risk_score = EXCLUDED.risk_score,
  alert_tier = EXCLUDED.alert_tier,
  signal_breakdown = EXCLUDED.signal_breakdown;

-- Listing 22: (ของขวัญ ลดพิเศษสดๆ) สวยแชมปี เหมาทั้งหมด 5 ตัวเสือหลวงพ่อปา
INSERT INTO listings (id, scan_job_id, platform, platform_listing_id, title_original, price_amount, price_currency, images, images_local, seller_name, location_text, post_date, platform_category, content_hash, language, triage_passed, triage_reason)
VALUES ('d0000000-0000-0000-0000-000000000022', 'a0000000-0000-0000-0000-000000000001', 'kaidee.com', 'kaidee-368624838', '(ของขวัญ ลดพิเศษสดๆ) สวยแชมปี เหมาทั้งหมด 5 ตัวเสือหลวงพ่อปาน (เนื้อทองแดง 2 และ เนื้อทองเหลือง 3) วัดมงคลโคราวาส(บางเหี้ย) ครบรอบ ๑๐๑ ปี', 6500.0, 'THB', ARRAY['https://img.kaidee.com/prd/20231021/368624838/m/a68a89e0-af25-4cfa-80bf-e065f65b1ab3.jpg'], ARRAY['/static/images/demo/368624838_0.jpg'], NULL, 'ห้วยขวาง กรุงเทพมหานคร', '2026-03-29 10:00:00', 'amulet-talisman', '547816e5e5621a4d', 'th', true, 'high_risk_category')
ON CONFLICT (platform, platform_listing_id) DO UPDATE SET
  title_original = EXCLUDED.title_original,
  price_amount = EXCLUDED.price_amount,
  images = EXCLUDED.images,
  images_local = EXCLUDED.images_local,
  triage_passed = EXCLUDED.triage_passed,
  triage_reason = EXCLUDED.triage_reason;
INSERT INTO listing_analysis (id, listing_id, code_word_matches, linguistic_risk_score, analysis_method, risk_score, alert_tier, signal_breakdown, agreement_bonus)
VALUES ('e0000000-0000-0000-0000-000000000022', 'd0000000-0000-0000-0000-000000000022', '[]', 0.0, 'deterministic', 2, 'clear', '{"code_word": {"score": 0, "max": 15}, "cites": {"score": 0, "max": 25}, "iucn": {"score": 0, "max": 12}, "seizure": {"score": 0, "max": 13}, "geographic": {"score": 2, "max": 10}, "seller": {"score": 0, "max": 10}, "price": {"score": 0, "max": 3}, "image": {"score": 0, "max": 12}}', 0)
ON CONFLICT (listing_id) DO UPDATE SET
  code_word_matches = EXCLUDED.code_word_matches,
  linguistic_risk_score = EXCLUDED.linguistic_risk_score,
  risk_score = EXCLUDED.risk_score,
  alert_tier = EXCLUDED.alert_tier,
  signal_breakdown = EXCLUDED.signal_breakdown;

-- Listing 23: ตะกรุดมหารูดตะกั่วยาว 5นิ้ว ไม่ทราบที่ (มีสินค้าหลายรายการกด
INSERT INTO listings (id, scan_job_id, platform, platform_listing_id, title_original, price_amount, price_currency, images, images_local, seller_name, location_text, post_date, platform_category, content_hash, language, triage_passed, triage_reason)
VALUES ('d0000000-0000-0000-0000-000000000023', 'a0000000-0000-0000-0000-000000000001', 'kaidee.com', 'kaidee-371268931', 'ตะกรุดมหารูดตะกั่วยาว 5นิ้ว ไม่ทราบที่ (มีสินค้าหลายรายการกดเข้ามาดูในโปรไฟล์ได้เลยครับ)', 850.0, 'THB', ARRAY['https://img.kaidee.com/prd/20260327/371268931/m/44d3e395-6804-40a5-9ede-10e61ccc5944.jpg'], ARRAY['/static/images/demo/371268931_0.jpg'], NULL, 'เมืองนครสวรรค์ นครสวรรค์', '2026-03-29 10:00:00', 'amulet-talisman', 'e5cecade64633114', 'th', true, 'high_risk_category')
ON CONFLICT (platform, platform_listing_id) DO UPDATE SET
  title_original = EXCLUDED.title_original,
  price_amount = EXCLUDED.price_amount,
  images = EXCLUDED.images,
  images_local = EXCLUDED.images_local,
  triage_passed = EXCLUDED.triage_passed,
  triage_reason = EXCLUDED.triage_reason;
INSERT INTO listing_analysis (id, listing_id, code_word_matches, linguistic_risk_score, analysis_method, risk_score, alert_tier, signal_breakdown, agreement_bonus)
VALUES ('e0000000-0000-0000-0000-000000000023', 'd0000000-0000-0000-0000-000000000023', '[]', 0.0, 'deterministic', 2, 'clear', '{"code_word": {"score": 0, "max": 15}, "cites": {"score": 0, "max": 25}, "iucn": {"score": 0, "max": 12}, "seizure": {"score": 0, "max": 13}, "geographic": {"score": 2, "max": 10}, "seller": {"score": 0, "max": 10}, "price": {"score": 0, "max": 3}, "image": {"score": 0, "max": 12}}', 0)
ON CONFLICT (listing_id) DO UPDATE SET
  code_word_matches = EXCLUDED.code_word_matches,
  linguistic_risk_score = EXCLUDED.linguistic_risk_score,
  risk_score = EXCLUDED.risk_score,
  alert_tier = EXCLUDED.alert_tier,
  signal_breakdown = EXCLUDED.signal_breakdown;

-- Listing 24: ตลับสีผึ้ง หลวงพ่อพรหม และหลวงพ่อเดิม 3ชิ้น1,000บาท ตามรูป
INSERT INTO listings (id, scan_job_id, platform, platform_listing_id, title_original, price_amount, price_currency, images, images_local, seller_name, location_text, post_date, platform_category, content_hash, language, triage_passed, triage_reason)
VALUES ('d0000000-0000-0000-0000-000000000024', 'a0000000-0000-0000-0000-000000000001', 'kaidee.com', 'kaidee-371264026', 'ตลับสีผึ้ง หลวงพ่อพรหม และหลวงพ่อเดิม 3ชิ้น1,000บาท ตามรูป', 1000.0, 'THB', ARRAY['https://img.kaidee.com/prd/20260306/371264026/m/3f6de099-9cdc-4259-8235-02c1033042d4.jpg'], ARRAY['/static/images/demo/371264026_0.jpg'], NULL, 'ตลิ่งชัน กรุงเทพมหานคร', '2026-03-29 10:00:00', 'amulet-talisman', 'ee02d053abcff191', 'th', true, 'high_risk_category')
ON CONFLICT (platform, platform_listing_id) DO UPDATE SET
  title_original = EXCLUDED.title_original,
  price_amount = EXCLUDED.price_amount,
  images = EXCLUDED.images,
  images_local = EXCLUDED.images_local,
  triage_passed = EXCLUDED.triage_passed,
  triage_reason = EXCLUDED.triage_reason;
INSERT INTO listing_analysis (id, listing_id, code_word_matches, linguistic_risk_score, analysis_method, risk_score, alert_tier, signal_breakdown, agreement_bonus)
VALUES ('e0000000-0000-0000-0000-000000000024', 'd0000000-0000-0000-0000-000000000024', '[]', 0.0, 'deterministic', 2, 'clear', '{"code_word": {"score": 0, "max": 15}, "cites": {"score": 0, "max": 25}, "iucn": {"score": 0, "max": 12}, "seizure": {"score": 0, "max": 13}, "geographic": {"score": 2, "max": 10}, "seller": {"score": 0, "max": 10}, "price": {"score": 0, "max": 3}, "image": {"score": 0, "max": 12}}', 0)
ON CONFLICT (listing_id) DO UPDATE SET
  code_word_matches = EXCLUDED.code_word_matches,
  linguistic_risk_score = EXCLUDED.linguistic_risk_score,
  risk_score = EXCLUDED.risk_score,
  alert_tier = EXCLUDED.alert_tier,
  signal_breakdown = EXCLUDED.signal_breakdown;

-- Listing 25: พระกริ่งหลวงพ่อโต วัดบางพลีใหญ่ใน จังหวัดสมุทรปราการ ยุคก่อน
INSERT INTO listings (id, scan_job_id, platform, platform_listing_id, title_original, price_amount, price_currency, images, images_local, seller_name, location_text, post_date, platform_category, content_hash, language, triage_passed, triage_reason)
VALUES ('d0000000-0000-0000-0000-000000000025', 'a0000000-0000-0000-0000-000000000001', 'kaidee.com', 'kaidee-371299493', 'พระกริ่งหลวงพ่อโต วัดบางพลีใหญ่ใน จังหวัดสมุทรปราการ ยุคก่อนปี พ.ศ.2500', 500.0, 'THB', ARRAY['https://img.kaidee.com/prd/20260329/371299493/m/cadb2f0b-8622-492a-81e2-ab2b3c929590.jpg'], ARRAY['/static/images/demo/371299493_0.jpg'], NULL, 'พระโขนง กรุงเทพมหานคร', '2026-03-29 10:00:00', 'amulet-other', '7a76eb4fc2e58248', 'th', true, 'high_risk_category')
ON CONFLICT (platform, platform_listing_id) DO UPDATE SET
  title_original = EXCLUDED.title_original,
  price_amount = EXCLUDED.price_amount,
  images = EXCLUDED.images,
  images_local = EXCLUDED.images_local,
  triage_passed = EXCLUDED.triage_passed,
  triage_reason = EXCLUDED.triage_reason;
INSERT INTO listing_analysis (id, listing_id, code_word_matches, linguistic_risk_score, analysis_method, risk_score, alert_tier, signal_breakdown, agreement_bonus)
VALUES ('e0000000-0000-0000-0000-000000000025', 'd0000000-0000-0000-0000-000000000025', '[]', 0.0, 'deterministic', 2, 'clear', '{"code_word": {"score": 0, "max": 15}, "cites": {"score": 0, "max": 25}, "iucn": {"score": 0, "max": 12}, "seizure": {"score": 0, "max": 13}, "geographic": {"score": 2, "max": 10}, "seller": {"score": 0, "max": 10}, "price": {"score": 0, "max": 3}, "image": {"score": 0, "max": 12}}', 0)
ON CONFLICT (listing_id) DO UPDATE SET
  code_word_matches = EXCLUDED.code_word_matches,
  linguistic_risk_score = EXCLUDED.linguistic_risk_score,
  risk_score = EXCLUDED.risk_score,
  alert_tier = EXCLUDED.alert_tier,
  signal_breakdown = EXCLUDED.signal_breakdown;

-- Listing 26: พระหลวงพ่อโต เนื้อดินผสมว่าน เก่าเก็บ
INSERT INTO listings (id, scan_job_id, platform, platform_listing_id, title_original, price_amount, price_currency, images, images_local, seller_name, location_text, post_date, platform_category, content_hash, language, triage_passed, triage_reason)
VALUES ('d0000000-0000-0000-0000-000000000026', 'a0000000-0000-0000-0000-000000000001', 'kaidee.com', 'kaidee-371300690', 'พระหลวงพ่อโต เนื้อดินผสมว่าน เก่าเก็บ', 400.0, 'THB', ARRAY['https://img.kaidee.com/prd/20260329/371300690/m/e03c0cc5-a075-4eeb-b743-9b33d4de8eb3.jpg'], ARRAY['/static/images/demo/371300690_0.jpg'], NULL, 'พระโขนง กรุงเทพมหานคร', '2026-03-29 10:00:00', 'amulet-other', '191b24f4f25c4c2c', 'th', true, 'high_risk_category')
ON CONFLICT (platform, platform_listing_id) DO UPDATE SET
  title_original = EXCLUDED.title_original,
  price_amount = EXCLUDED.price_amount,
  images = EXCLUDED.images,
  images_local = EXCLUDED.images_local,
  triage_passed = EXCLUDED.triage_passed,
  triage_reason = EXCLUDED.triage_reason;
INSERT INTO listing_analysis (id, listing_id, code_word_matches, linguistic_risk_score, analysis_method, risk_score, alert_tier, signal_breakdown, agreement_bonus)
VALUES ('e0000000-0000-0000-0000-000000000026', 'd0000000-0000-0000-0000-000000000026', '[]', 0.0, 'deterministic', 2, 'clear', '{"code_word": {"score": 0, "max": 15}, "cites": {"score": 0, "max": 25}, "iucn": {"score": 0, "max": 12}, "seizure": {"score": 0, "max": 13}, "geographic": {"score": 2, "max": 10}, "seller": {"score": 0, "max": 10}, "price": {"score": 0, "max": 3}, "image": {"score": 0, "max": 12}}', 0)
ON CONFLICT (listing_id) DO UPDATE SET
  code_word_matches = EXCLUDED.code_word_matches,
  linguistic_risk_score = EXCLUDED.linguistic_risk_score,
  risk_score = EXCLUDED.risk_score,
  alert_tier = EXCLUDED.alert_tier,
  signal_breakdown = EXCLUDED.signal_breakdown;

-- Listing 27: พระสมเด็จเก่า
INSERT INTO listings (id, scan_job_id, platform, platform_listing_id, title_original, price_amount, price_currency, images, images_local, seller_name, location_text, post_date, platform_category, content_hash, language, triage_passed, triage_reason)
VALUES ('d0000000-0000-0000-0000-000000000027', 'a0000000-0000-0000-0000-000000000001', 'kaidee.com', 'kaidee-371300907', 'พระสมเด็จเก่า', 900.0, 'THB', ARRAY['https://img.kaidee.com/prd/20260329/371300907/m/9298f7d0-89ff-4093-9eca-4360450724e3.jpg'], ARRAY['/static/images/demo/371300907_0.jpg'], NULL, 'หนองแขม กรุงเทพมหานคร', '2026-03-29 10:00:00', 'amulet-other', 'e02f8f9242d651f1', 'th', true, 'high_risk_category')
ON CONFLICT (platform, platform_listing_id) DO UPDATE SET
  title_original = EXCLUDED.title_original,
  price_amount = EXCLUDED.price_amount,
  images = EXCLUDED.images,
  images_local = EXCLUDED.images_local,
  triage_passed = EXCLUDED.triage_passed,
  triage_reason = EXCLUDED.triage_reason;
INSERT INTO listing_analysis (id, listing_id, code_word_matches, linguistic_risk_score, analysis_method, risk_score, alert_tier, signal_breakdown, agreement_bonus)
VALUES ('e0000000-0000-0000-0000-000000000027', 'd0000000-0000-0000-0000-000000000027', '[]', 0.0, 'deterministic', 2, 'clear', '{"code_word": {"score": 0, "max": 15}, "cites": {"score": 0, "max": 25}, "iucn": {"score": 0, "max": 12}, "seizure": {"score": 0, "max": 13}, "geographic": {"score": 2, "max": 10}, "seller": {"score": 0, "max": 10}, "price": {"score": 0, "max": 3}, "image": {"score": 0, "max": 12}}', 0)
ON CONFLICT (listing_id) DO UPDATE SET
  code_word_matches = EXCLUDED.code_word_matches,
  linguistic_risk_score = EXCLUDED.linguistic_risk_score,
  risk_score = EXCLUDED.risk_score,
  alert_tier = EXCLUDED.alert_tier,
  signal_breakdown = EXCLUDED.signal_breakdown;

-- Listing 28: หลวงปู่ศิลาเหรียญเสมาฉลองกุฏิ สวยเข้มขลัง
INSERT INTO listings (id, scan_job_id, platform, platform_listing_id, title_original, price_amount, price_currency, images, images_local, seller_name, location_text, post_date, platform_category, content_hash, language, triage_passed, triage_reason)
VALUES ('d0000000-0000-0000-0000-000000000028', 'a0000000-0000-0000-0000-000000000001', 'kaidee.com', 'kaidee-370527214', 'หลวงปู่ศิลาเหรียญเสมาฉลองกุฏิ สวยเข้มขลัง', 1860.0, 'THB', ARRAY['https://img.kaidee.com/prd/20260216/370527214/m/cd6b6ea0-44b6-4d49-83b6-9929cc2bfb44.jpg'], ARRAY['/static/images/demo/370527214_0.jpg'], NULL, 'เมืองนครราชสีมา นครราชสีมา', '2026-03-29 10:00:00', 'amulet-other', '4fd90742f2b43a40', 'th', true, 'high_risk_category')
ON CONFLICT (platform, platform_listing_id) DO UPDATE SET
  title_original = EXCLUDED.title_original,
  price_amount = EXCLUDED.price_amount,
  images = EXCLUDED.images,
  images_local = EXCLUDED.images_local,
  triage_passed = EXCLUDED.triage_passed,
  triage_reason = EXCLUDED.triage_reason;
INSERT INTO listing_analysis (id, listing_id, code_word_matches, linguistic_risk_score, analysis_method, risk_score, alert_tier, signal_breakdown, agreement_bonus)
VALUES ('e0000000-0000-0000-0000-000000000028', 'd0000000-0000-0000-0000-000000000028', '[]', 0.0, 'deterministic', 2, 'clear', '{"code_word": {"score": 0, "max": 15}, "cites": {"score": 0, "max": 25}, "iucn": {"score": 0, "max": 12}, "seizure": {"score": 0, "max": 13}, "geographic": {"score": 2, "max": 10}, "seller": {"score": 0, "max": 10}, "price": {"score": 0, "max": 3}, "image": {"score": 0, "max": 12}}', 0)
ON CONFLICT (listing_id) DO UPDATE SET
  code_word_matches = EXCLUDED.code_word_matches,
  linguistic_risk_score = EXCLUDED.linguistic_risk_score,
  risk_score = EXCLUDED.risk_score,
  alert_tier = EXCLUDED.alert_tier,
  signal_breakdown = EXCLUDED.signal_breakdown;

-- Listing 29: หลวงพ่อเงิน วัดบางคลานพิมพ์นิยมเก่า
INSERT INTO listings (id, scan_job_id, platform, platform_listing_id, title_original, price_amount, price_currency, images, images_local, seller_name, location_text, post_date, platform_category, content_hash, language, triage_passed, triage_reason)
VALUES ('d0000000-0000-0000-0000-000000000029', 'a0000000-0000-0000-0000-000000000001', 'kaidee.com', 'kaidee-371268834', 'หลวงพ่อเงิน วัดบางคลานพิมพ์นิยมเก่า', 3500.0, 'THB', ARRAY['https://img.kaidee.com/prd/20260328/371268834/m/9b46c06e-7c15-4cf4-8314-1b7eab876a0d.jpg'], ARRAY['/static/images/demo/371268834_0.jpg'], NULL, 'เมืองพิจิตร พิจิตร', '2026-03-29 10:00:00', 'amulet-other', 'c8d9006333fa28a0', 'th', true, 'high_risk_category')
ON CONFLICT (platform, platform_listing_id) DO UPDATE SET
  title_original = EXCLUDED.title_original,
  price_amount = EXCLUDED.price_amount,
  images = EXCLUDED.images,
  images_local = EXCLUDED.images_local,
  triage_passed = EXCLUDED.triage_passed,
  triage_reason = EXCLUDED.triage_reason;
INSERT INTO listing_analysis (id, listing_id, code_word_matches, linguistic_risk_score, analysis_method, risk_score, alert_tier, signal_breakdown, agreement_bonus)
VALUES ('e0000000-0000-0000-0000-000000000029', 'd0000000-0000-0000-0000-000000000029', '[]', 0.0, 'deterministic', 2, 'clear', '{"code_word": {"score": 0, "max": 15}, "cites": {"score": 0, "max": 25}, "iucn": {"score": 0, "max": 12}, "seizure": {"score": 0, "max": 13}, "geographic": {"score": 2, "max": 10}, "seller": {"score": 0, "max": 10}, "price": {"score": 0, "max": 3}, "image": {"score": 0, "max": 12}}', 0)
ON CONFLICT (listing_id) DO UPDATE SET
  code_word_matches = EXCLUDED.code_word_matches,
  linguistic_risk_score = EXCLUDED.linguistic_risk_score,
  risk_score = EXCLUDED.risk_score,
  alert_tier = EXCLUDED.alert_tier,
  signal_breakdown = EXCLUDED.signal_breakdown;

-- Listing 30: มีดหลวงพ่อเดิมสวยเก่าน่าเก็บมาก ค่ะ
INSERT INTO listings (id, scan_job_id, platform, platform_listing_id, title_original, price_amount, price_currency, images, images_local, seller_name, location_text, post_date, platform_category, content_hash, language, triage_passed, triage_reason)
VALUES ('d0000000-0000-0000-0000-000000000030', 'a0000000-0000-0000-0000-000000000001', 'kaidee.com', 'kaidee-371277005', 'มีดหลวงพ่อเดิมสวยเก่าน่าเก็บมาก ค่ะ', 5500.0, 'THB', ARRAY['https://img.kaidee.com/prd/20260314/371277005/m/89fd1d4c-1957-470f-9368-7fab040cb11e.jpg'], ARRAY['/static/images/demo/371277005_0.jpg'], NULL, 'เมืองพิจิตร พิจิตร', '2026-03-29 10:00:00', 'amulet-other', '95a60caafb860a61', 'th', true, 'high_risk_category')
ON CONFLICT (platform, platform_listing_id) DO UPDATE SET
  title_original = EXCLUDED.title_original,
  price_amount = EXCLUDED.price_amount,
  images = EXCLUDED.images,
  images_local = EXCLUDED.images_local,
  triage_passed = EXCLUDED.triage_passed,
  triage_reason = EXCLUDED.triage_reason;
INSERT INTO listing_analysis (id, listing_id, code_word_matches, linguistic_risk_score, analysis_method, risk_score, alert_tier, signal_breakdown, agreement_bonus)
VALUES ('e0000000-0000-0000-0000-000000000030', 'd0000000-0000-0000-0000-000000000030', '[]', 0.0, 'deterministic', 2, 'clear', '{"code_word": {"score": 0, "max": 15}, "cites": {"score": 0, "max": 25}, "iucn": {"score": 0, "max": 12}, "seizure": {"score": 0, "max": 13}, "geographic": {"score": 2, "max": 10}, "seller": {"score": 0, "max": 10}, "price": {"score": 0, "max": 3}, "image": {"score": 0, "max": 12}}', 0)
ON CONFLICT (listing_id) DO UPDATE SET
  code_word_matches = EXCLUDED.code_word_matches,
  linguistic_risk_score = EXCLUDED.linguistic_risk_score,
  risk_score = EXCLUDED.risk_score,
  alert_tier = EXCLUDED.alert_tier,
  signal_breakdown = EXCLUDED.signal_breakdown;

-- Listing 31: หลวงปู่ศุข พิมพ์ ประภามณฑลรัศมี
INSERT INTO listings (id, scan_job_id, platform, platform_listing_id, title_original, price_amount, price_currency, images, images_local, seller_name, location_text, post_date, platform_category, content_hash, language, triage_passed, triage_reason)
VALUES ('d0000000-0000-0000-0000-000000000031', 'a0000000-0000-0000-0000-000000000001', 'kaidee.com', 'kaidee-371296589', 'หลวงปู่ศุข พิมพ์ ประภามณฑลรัศมี', 2500.0, 'THB', ARRAY['https://img.kaidee.com/prd/20260326/371296589/m/fee74785-9ba5-4876-ad5f-e1b99a845474.jpg'], ARRAY['/static/images/demo/371296589_0.jpg'], NULL, 'เมืองพิจิตร พิจิตร', '2026-03-29 10:00:00', 'amulet-other', '0e3a6b7480328581', 'th', true, 'high_risk_category')
ON CONFLICT (platform, platform_listing_id) DO UPDATE SET
  title_original = EXCLUDED.title_original,
  price_amount = EXCLUDED.price_amount,
  images = EXCLUDED.images,
  images_local = EXCLUDED.images_local,
  triage_passed = EXCLUDED.triage_passed,
  triage_reason = EXCLUDED.triage_reason;
INSERT INTO listing_analysis (id, listing_id, code_word_matches, linguistic_risk_score, analysis_method, risk_score, alert_tier, signal_breakdown, agreement_bonus)
VALUES ('e0000000-0000-0000-0000-000000000031', 'd0000000-0000-0000-0000-000000000031', '[]', 0.0, 'deterministic', 2, 'clear', '{"code_word": {"score": 0, "max": 15}, "cites": {"score": 0, "max": 25}, "iucn": {"score": 0, "max": 12}, "seizure": {"score": 0, "max": 13}, "geographic": {"score": 2, "max": 10}, "seller": {"score": 0, "max": 10}, "price": {"score": 0, "max": 3}, "image": {"score": 0, "max": 12}}', 0)
ON CONFLICT (listing_id) DO UPDATE SET
  code_word_matches = EXCLUDED.code_word_matches,
  linguistic_risk_score = EXCLUDED.linguistic_risk_score,
  risk_score = EXCLUDED.risk_score,
  alert_tier = EXCLUDED.alert_tier,
  signal_breakdown = EXCLUDED.signal_breakdown;

-- Listing 32: จอบใหญ่หลวงพ่อเงิน บางคลาน
INSERT INTO listings (id, scan_job_id, platform, platform_listing_id, title_original, price_amount, price_currency, images, images_local, seller_name, location_text, post_date, platform_category, content_hash, language, triage_passed, triage_reason)
VALUES ('d0000000-0000-0000-0000-000000000032', 'a0000000-0000-0000-0000-000000000001', 'kaidee.com', 'kaidee-371095767', 'จอบใหญ่หลวงพ่อเงิน บางคลาน', 7500.0, 'THB', ARRAY['https://img.kaidee.com/prd/20260327/371095767/m/7eccd013-a8e9-4506-9db9-8158f8813df0.jpg'], ARRAY['/static/images/demo/371095767_0.jpg'], NULL, 'เมืองพิจิตร พิจิตร', '2026-03-29 10:00:00', 'amulet-other', 'f3f1d369396ad38a', 'th', true, 'high_risk_category')
ON CONFLICT (platform, platform_listing_id) DO UPDATE SET
  title_original = EXCLUDED.title_original,
  price_amount = EXCLUDED.price_amount,
  images = EXCLUDED.images,
  images_local = EXCLUDED.images_local,
  triage_passed = EXCLUDED.triage_passed,
  triage_reason = EXCLUDED.triage_reason;
INSERT INTO listing_analysis (id, listing_id, code_word_matches, linguistic_risk_score, analysis_method, risk_score, alert_tier, signal_breakdown, agreement_bonus)
VALUES ('e0000000-0000-0000-0000-000000000032', 'd0000000-0000-0000-0000-000000000032', '[]', 0.0, 'deterministic', 2, 'clear', '{"code_word": {"score": 0, "max": 15}, "cites": {"score": 0, "max": 25}, "iucn": {"score": 0, "max": 12}, "seizure": {"score": 0, "max": 13}, "geographic": {"score": 2, "max": 10}, "seller": {"score": 0, "max": 10}, "price": {"score": 0, "max": 3}, "image": {"score": 0, "max": 12}}', 0)
ON CONFLICT (listing_id) DO UPDATE SET
  code_word_matches = EXCLUDED.code_word_matches,
  linguistic_risk_score = EXCLUDED.linguistic_risk_score,
  risk_score = EXCLUDED.risk_score,
  alert_tier = EXCLUDED.alert_tier,
  signal_breakdown = EXCLUDED.signal_breakdown;

-- Listing 33: รูปหล่อหลวงพ่อเงิน วัดบางคลานพิมพ์นิยมเก่า ๆ
INSERT INTO listings (id, scan_job_id, platform, platform_listing_id, title_original, price_amount, price_currency, images, images_local, seller_name, location_text, post_date, platform_category, content_hash, language, triage_passed, triage_reason)
VALUES ('d0000000-0000-0000-0000-000000000033', 'a0000000-0000-0000-0000-000000000001', 'kaidee.com', 'kaidee-371299464', 'รูปหล่อหลวงพ่อเงิน วัดบางคลานพิมพ์นิยมเก่า ๆ', 5500.0, 'THB', ARRAY['https://img.kaidee.com/prd/20260328/371299464/m/b506a6c9-56f3-48e6-afa0-36184f3365e6.jpg'], ARRAY['/static/images/demo/371299464_0.jpg'], NULL, 'เมืองพิจิตร พิจิตร', '2026-03-29 10:00:00', 'amulet-other', '7f509488ebab4158', 'th', true, 'high_risk_category')
ON CONFLICT (platform, platform_listing_id) DO UPDATE SET
  title_original = EXCLUDED.title_original,
  price_amount = EXCLUDED.price_amount,
  images = EXCLUDED.images,
  images_local = EXCLUDED.images_local,
  triage_passed = EXCLUDED.triage_passed,
  triage_reason = EXCLUDED.triage_reason;
INSERT INTO listing_analysis (id, listing_id, code_word_matches, linguistic_risk_score, analysis_method, risk_score, alert_tier, signal_breakdown, agreement_bonus)
VALUES ('e0000000-0000-0000-0000-000000000033', 'd0000000-0000-0000-0000-000000000033', '[]', 0.0, 'deterministic', 2, 'clear', '{"code_word": {"score": 0, "max": 15}, "cites": {"score": 0, "max": 25}, "iucn": {"score": 0, "max": 12}, "seizure": {"score": 0, "max": 13}, "geographic": {"score": 2, "max": 10}, "seller": {"score": 0, "max": 10}, "price": {"score": 0, "max": 3}, "image": {"score": 0, "max": 12}}', 0)
ON CONFLICT (listing_id) DO UPDATE SET
  code_word_matches = EXCLUDED.code_word_matches,
  linguistic_risk_score = EXCLUDED.linguistic_risk_score,
  risk_score = EXCLUDED.risk_score,
  alert_tier = EXCLUDED.alert_tier,
  signal_breakdown = EXCLUDED.signal_breakdown;

-- Listing 34: พระสมเด็จวัดระฆัง พิมพ์ใหญ่ เนื้อเก่ามาก ๆ
INSERT INTO listings (id, scan_job_id, platform, platform_listing_id, title_original, price_amount, price_currency, images, images_local, seller_name, location_text, post_date, platform_category, content_hash, language, triage_passed, triage_reason)
VALUES ('d0000000-0000-0000-0000-000000000034', 'a0000000-0000-0000-0000-000000000001', 'kaidee.com', 'kaidee-371127652', 'พระสมเด็จวัดระฆัง พิมพ์ใหญ่ เนื้อเก่ามาก ๆ', 35000.0, 'THB', ARRAY['https://img.kaidee.com/prd/20251210/371127652/m/275af3cd-92d6-401e-b192-7557a07fcbf7.jpg'], ARRAY['/static/images/demo/371127652_0.jpg'], NULL, 'เมืองพิจิตร พิจิตร', '2026-03-29 10:00:00', 'amulet-other', '82c547d2e3b20be3', 'th', true, 'high_risk_category')
ON CONFLICT (platform, platform_listing_id) DO UPDATE SET
  title_original = EXCLUDED.title_original,
  price_amount = EXCLUDED.price_amount,
  images = EXCLUDED.images,
  images_local = EXCLUDED.images_local,
  triage_passed = EXCLUDED.triage_passed,
  triage_reason = EXCLUDED.triage_reason;
INSERT INTO listing_analysis (id, listing_id, code_word_matches, linguistic_risk_score, analysis_method, risk_score, alert_tier, signal_breakdown, agreement_bonus)
VALUES ('e0000000-0000-0000-0000-000000000034', 'd0000000-0000-0000-0000-000000000034', '[]', 0.0, 'deterministic', 2, 'clear', '{"code_word": {"score": 0, "max": 15}, "cites": {"score": 0, "max": 25}, "iucn": {"score": 0, "max": 12}, "seizure": {"score": 0, "max": 13}, "geographic": {"score": 2, "max": 10}, "seller": {"score": 0, "max": 10}, "price": {"score": 0, "max": 3}, "image": {"score": 0, "max": 12}}', 0)
ON CONFLICT (listing_id) DO UPDATE SET
  code_word_matches = EXCLUDED.code_word_matches,
  linguistic_risk_score = EXCLUDED.linguistic_risk_score,
  risk_score = EXCLUDED.risk_score,
  alert_tier = EXCLUDED.alert_tier,
  signal_breakdown = EXCLUDED.signal_breakdown;

-- Listing 35: หลวงพ่อเงิน วัดบางคลาน พิมพ์นิยม
INSERT INTO listings (id, scan_job_id, platform, platform_listing_id, title_original, price_amount, price_currency, images, images_local, seller_name, location_text, post_date, platform_category, content_hash, language, triage_passed, triage_reason)
VALUES ('d0000000-0000-0000-0000-000000000035', 'a0000000-0000-0000-0000-000000000001', 'kaidee.com', 'kaidee-371297354', 'หลวงพ่อเงิน วัดบางคลาน พิมพ์นิยม', 2500.0, 'THB', ARRAY['https://img.kaidee.com/prd/20260329/371297354/m/26278349-17c1-4697-b04b-91f081f66fd7.jpg'], ARRAY['/static/images/demo/371297354_0.jpg'], NULL, 'เมืองพิจิตร พิจิตร', '2026-03-29 10:00:00', 'amulet-other', '1484797346917d4f', 'th', true, 'high_risk_category')
ON CONFLICT (platform, platform_listing_id) DO UPDATE SET
  title_original = EXCLUDED.title_original,
  price_amount = EXCLUDED.price_amount,
  images = EXCLUDED.images,
  images_local = EXCLUDED.images_local,
  triage_passed = EXCLUDED.triage_passed,
  triage_reason = EXCLUDED.triage_reason;
INSERT INTO listing_analysis (id, listing_id, code_word_matches, linguistic_risk_score, analysis_method, risk_score, alert_tier, signal_breakdown, agreement_bonus)
VALUES ('e0000000-0000-0000-0000-000000000035', 'd0000000-0000-0000-0000-000000000035', '[]', 0.0, 'deterministic', 2, 'clear', '{"code_word": {"score": 0, "max": 15}, "cites": {"score": 0, "max": 25}, "iucn": {"score": 0, "max": 12}, "seizure": {"score": 0, "max": 13}, "geographic": {"score": 2, "max": 10}, "seller": {"score": 0, "max": 10}, "price": {"score": 0, "max": 3}, "image": {"score": 0, "max": 12}}', 0)
ON CONFLICT (listing_id) DO UPDATE SET
  code_word_matches = EXCLUDED.code_word_matches,
  linguistic_risk_score = EXCLUDED.linguistic_risk_score,
  risk_score = EXCLUDED.risk_score,
  alert_tier = EXCLUDED.alert_tier,
  signal_breakdown = EXCLUDED.signal_breakdown;

-- Listing 36: หลวงพ่อเงิน วัดท่ามะไฟ
INSERT INTO listings (id, scan_job_id, platform, platform_listing_id, title_original, price_amount, price_currency, images, images_local, seller_name, location_text, post_date, platform_category, content_hash, language, triage_passed, triage_reason)
VALUES ('d0000000-0000-0000-0000-000000000036', 'a0000000-0000-0000-0000-000000000001', 'kaidee.com', 'kaidee-371297488', 'หลวงพ่อเงิน วัดท่ามะไฟ', 1550.0, 'THB', ARRAY['https://img.kaidee.com/prd/20260327/371297488/m/158502eb-31bb-401e-83b2-7b79482f78f8.jpg'], ARRAY['/static/images/demo/371297488_0.jpg'], NULL, 'เมืองพิจิตร พิจิตร', '2026-03-29 10:00:00', 'amulet-other', '2ab30f30b6fbc2df', 'th', true, 'high_risk_category')
ON CONFLICT (platform, platform_listing_id) DO UPDATE SET
  title_original = EXCLUDED.title_original,
  price_amount = EXCLUDED.price_amount,
  images = EXCLUDED.images,
  images_local = EXCLUDED.images_local,
  triage_passed = EXCLUDED.triage_passed,
  triage_reason = EXCLUDED.triage_reason;
INSERT INTO listing_analysis (id, listing_id, code_word_matches, linguistic_risk_score, analysis_method, risk_score, alert_tier, signal_breakdown, agreement_bonus)
VALUES ('e0000000-0000-0000-0000-000000000036', 'd0000000-0000-0000-0000-000000000036', '[]', 0.0, 'deterministic', 2, 'clear', '{"code_word": {"score": 0, "max": 15}, "cites": {"score": 0, "max": 25}, "iucn": {"score": 0, "max": 12}, "seizure": {"score": 0, "max": 13}, "geographic": {"score": 2, "max": 10}, "seller": {"score": 0, "max": 10}, "price": {"score": 0, "max": 3}, "image": {"score": 0, "max": 12}}', 0)
ON CONFLICT (listing_id) DO UPDATE SET
  code_word_matches = EXCLUDED.code_word_matches,
  linguistic_risk_score = EXCLUDED.linguistic_risk_score,
  risk_score = EXCLUDED.risk_score,
  alert_tier = EXCLUDED.alert_tier,
  signal_breakdown = EXCLUDED.signal_breakdown;

-- Listing 37: หลวงพ่อเงินพิมพ์ขี้ตา
INSERT INTO listings (id, scan_job_id, platform, platform_listing_id, title_original, price_amount, price_currency, images, images_local, seller_name, location_text, post_date, platform_category, content_hash, language, triage_passed, triage_reason)
VALUES ('d0000000-0000-0000-0000-000000000037', 'a0000000-0000-0000-0000-000000000001', 'kaidee.com', 'kaidee-371279731', 'หลวงพ่อเงินพิมพ์ขี้ตา', 200.0, 'THB', ARRAY['https://img.kaidee.com/prd/20260316/371279731/m/a44ea0cc-9db3-4301-9ecc-ac7eadf9b7df.jpg'], ARRAY['/static/images/demo/371279731_0.jpg'], NULL, 'เมืองพิจิตร พิจิตร', '2026-03-29 10:00:00', 'amulet-other', '138a77ea3c5d7ba5', 'th', true, 'high_risk_category')
ON CONFLICT (platform, platform_listing_id) DO UPDATE SET
  title_original = EXCLUDED.title_original,
  price_amount = EXCLUDED.price_amount,
  images = EXCLUDED.images,
  images_local = EXCLUDED.images_local,
  triage_passed = EXCLUDED.triage_passed,
  triage_reason = EXCLUDED.triage_reason;
INSERT INTO listing_analysis (id, listing_id, code_word_matches, linguistic_risk_score, analysis_method, risk_score, alert_tier, signal_breakdown, agreement_bonus)
VALUES ('e0000000-0000-0000-0000-000000000037', 'd0000000-0000-0000-0000-000000000037', '[]', 0.0, 'deterministic', 2, 'clear', '{"code_word": {"score": 0, "max": 15}, "cites": {"score": 0, "max": 25}, "iucn": {"score": 0, "max": 12}, "seizure": {"score": 0, "max": 13}, "geographic": {"score": 2, "max": 10}, "seller": {"score": 0, "max": 10}, "price": {"score": 0, "max": 3}, "image": {"score": 0, "max": 12}}', 0)
ON CONFLICT (listing_id) DO UPDATE SET
  code_word_matches = EXCLUDED.code_word_matches,
  linguistic_risk_score = EXCLUDED.linguistic_risk_score,
  risk_score = EXCLUDED.risk_score,
  alert_tier = EXCLUDED.alert_tier,
  signal_breakdown = EXCLUDED.signal_breakdown;

-- Listing 38: พระเนื้อผงเก่า ฐาน 1.3สูง 1.5ซ.ม BB 373
INSERT INTO listings (id, scan_job_id, platform, platform_listing_id, title_original, price_amount, price_currency, images, images_local, seller_name, location_text, post_date, platform_category, content_hash, language, triage_passed, triage_reason)
VALUES ('d0000000-0000-0000-0000-000000000038', 'a0000000-0000-0000-0000-000000000001', 'kaidee.com', 'kaidee-371296162', 'พระเนื้อผงเก่า ฐาน 1.3สูง 1.5ซ.ม BB 373', 1500.0, 'THB', ARRAY['https://img.kaidee.com/prd/20260326/371296162/m/e53cc54f-7e26-402d-a26d-732769d2733d.jpg'], ARRAY['/static/images/demo/371296162_0.jpg'], NULL, 'เมืองพะเยา พะเยา', '2026-03-29 10:00:00', 'amulet-other', '8666a0fcb8c6cbc8', 'th', true, 'high_risk_category')
ON CONFLICT (platform, platform_listing_id) DO UPDATE SET
  title_original = EXCLUDED.title_original,
  price_amount = EXCLUDED.price_amount,
  images = EXCLUDED.images,
  images_local = EXCLUDED.images_local,
  triage_passed = EXCLUDED.triage_passed,
  triage_reason = EXCLUDED.triage_reason;
INSERT INTO listing_analysis (id, listing_id, code_word_matches, linguistic_risk_score, analysis_method, risk_score, alert_tier, signal_breakdown, agreement_bonus)
VALUES ('e0000000-0000-0000-0000-000000000038', 'd0000000-0000-0000-0000-000000000038', '[]', 0.0, 'deterministic', 2, 'clear', '{"code_word": {"score": 0, "max": 15}, "cites": {"score": 0, "max": 25}, "iucn": {"score": 0, "max": 12}, "seizure": {"score": 0, "max": 13}, "geographic": {"score": 2, "max": 10}, "seller": {"score": 0, "max": 10}, "price": {"score": 0, "max": 3}, "image": {"score": 0, "max": 12}}', 0)
ON CONFLICT (listing_id) DO UPDATE SET
  code_word_matches = EXCLUDED.code_word_matches,
  linguistic_risk_score = EXCLUDED.linguistic_risk_score,
  risk_score = EXCLUDED.risk_score,
  alert_tier = EXCLUDED.alert_tier,
  signal_breakdown = EXCLUDED.signal_breakdown;

-- Listing 39: พระเก่า ฐาน 2.2สูง 3.6 ซ.ม BB 375
INSERT INTO listings (id, scan_job_id, platform, platform_listing_id, title_original, price_amount, price_currency, images, images_local, seller_name, location_text, post_date, platform_category, content_hash, language, triage_passed, triage_reason)
VALUES ('d0000000-0000-0000-0000-000000000039', 'a0000000-0000-0000-0000-000000000001', 'kaidee.com', 'kaidee-371296232', 'พระเก่า ฐาน 2.2สูง 3.6 ซ.ม BB 375', 1200.0, 'THB', ARRAY['https://img.kaidee.com/prd/20260326/371296232/m/39f526a2-8aa3-45d5-a91d-11e367acf9a7.jpg'], ARRAY['/static/images/demo/371296232_0.jpg'], NULL, 'เมืองพะเยา พะเยา', '2026-03-29 10:00:00', 'amulet-other', 'f0cc59b6b6076c81', 'th', true, 'high_risk_category')
ON CONFLICT (platform, platform_listing_id) DO UPDATE SET
  title_original = EXCLUDED.title_original,
  price_amount = EXCLUDED.price_amount,
  images = EXCLUDED.images,
  images_local = EXCLUDED.images_local,
  triage_passed = EXCLUDED.triage_passed,
  triage_reason = EXCLUDED.triage_reason;
INSERT INTO listing_analysis (id, listing_id, code_word_matches, linguistic_risk_score, analysis_method, risk_score, alert_tier, signal_breakdown, agreement_bonus)
VALUES ('e0000000-0000-0000-0000-000000000039', 'd0000000-0000-0000-0000-000000000039', '[]', 0.0, 'deterministic', 2, 'clear', '{"code_word": {"score": 0, "max": 15}, "cites": {"score": 0, "max": 25}, "iucn": {"score": 0, "max": 12}, "seizure": {"score": 0, "max": 13}, "geographic": {"score": 2, "max": 10}, "seller": {"score": 0, "max": 10}, "price": {"score": 0, "max": 3}, "image": {"score": 0, "max": 12}}', 0)
ON CONFLICT (listing_id) DO UPDATE SET
  code_word_matches = EXCLUDED.code_word_matches,
  linguistic_risk_score = EXCLUDED.linguistic_risk_score,
  risk_score = EXCLUDED.risk_score,
  alert_tier = EXCLUDED.alert_tier,
  signal_breakdown = EXCLUDED.signal_breakdown;

-- Listing 40: พระเนื้อโลหะเก่า ฐาน 1.4สูง 1.8 ซ.ม BB 376
INSERT INTO listings (id, scan_job_id, platform, platform_listing_id, title_original, price_amount, price_currency, images, images_local, seller_name, location_text, post_date, platform_category, content_hash, language, triage_passed, triage_reason)
VALUES ('d0000000-0000-0000-0000-000000000040', 'a0000000-0000-0000-0000-000000000001', 'kaidee.com', 'kaidee-371296246', 'พระเนื้อโลหะเก่า ฐาน 1.4สูง 1.8 ซ.ม BB 376', 1100.0, 'THB', ARRAY['https://img.kaidee.com/prd/20260326/371296246/m/f9db1451-c59f-41d5-9ec1-cb189660bfb4.jpg'], ARRAY['/static/images/demo/371296246_0.jpg'], NULL, 'เมืองพะเยา พะเยา', '2026-03-29 10:00:00', 'amulet-other', 'b4f679bf36b5cbf7', 'th', true, 'high_risk_category')
ON CONFLICT (platform, platform_listing_id) DO UPDATE SET
  title_original = EXCLUDED.title_original,
  price_amount = EXCLUDED.price_amount,
  images = EXCLUDED.images,
  images_local = EXCLUDED.images_local,
  triage_passed = EXCLUDED.triage_passed,
  triage_reason = EXCLUDED.triage_reason;
INSERT INTO listing_analysis (id, listing_id, code_word_matches, linguistic_risk_score, analysis_method, risk_score, alert_tier, signal_breakdown, agreement_bonus)
VALUES ('e0000000-0000-0000-0000-000000000040', 'd0000000-0000-0000-0000-000000000040', '[]', 0.0, 'deterministic', 2, 'clear', '{"code_word": {"score": 0, "max": 15}, "cites": {"score": 0, "max": 25}, "iucn": {"score": 0, "max": 12}, "seizure": {"score": 0, "max": 13}, "geographic": {"score": 2, "max": 10}, "seller": {"score": 0, "max": 10}, "price": {"score": 0, "max": 3}, "image": {"score": 0, "max": 12}}', 0)
ON CONFLICT (listing_id) DO UPDATE SET
  code_word_matches = EXCLUDED.code_word_matches,
  linguistic_risk_score = EXCLUDED.linguistic_risk_score,
  risk_score = EXCLUDED.risk_score,
  alert_tier = EXCLUDED.alert_tier,
  signal_breakdown = EXCLUDED.signal_breakdown;

-- Listing 41: พระบ้านๆ รูปถ่ายหลวงปู่ดู่ วัดสะแก
INSERT INTO listings (id, scan_job_id, platform, platform_listing_id, title_original, price_amount, price_currency, images, images_local, seller_name, location_text, post_date, platform_category, content_hash, language, triage_passed, triage_reason)
VALUES ('d0000000-0000-0000-0000-000000000041', 'a0000000-0000-0000-0000-000000000001', 'kaidee.com', 'kaidee-371253371', 'พระบ้านๆ รูปถ่ายหลวงปู่ดู่ วัดสะแก', 550.0, 'THB', ARRAY['https://img.kaidee.com/prd/20260329/371253371/m/925aeae0-d416-4969-ad80-02e840c80b9c.jpg'], ARRAY['/static/images/demo/371253371_0.jpg'], NULL, 'เมืองนครราชสีมา นครราชสีมา', '2026-03-29 10:00:00', 'amulet-other', '23d37707ed8e0d76', 'th', true, 'high_risk_category')
ON CONFLICT (platform, platform_listing_id) DO UPDATE SET
  title_original = EXCLUDED.title_original,
  price_amount = EXCLUDED.price_amount,
  images = EXCLUDED.images,
  images_local = EXCLUDED.images_local,
  triage_passed = EXCLUDED.triage_passed,
  triage_reason = EXCLUDED.triage_reason;
INSERT INTO listing_analysis (id, listing_id, code_word_matches, linguistic_risk_score, analysis_method, risk_score, alert_tier, signal_breakdown, agreement_bonus)
VALUES ('e0000000-0000-0000-0000-000000000041', 'd0000000-0000-0000-0000-000000000041', '[]', 0.0, 'deterministic', 2, 'clear', '{"code_word": {"score": 0, "max": 15}, "cites": {"score": 0, "max": 25}, "iucn": {"score": 0, "max": 12}, "seizure": {"score": 0, "max": 13}, "geographic": {"score": 2, "max": 10}, "seller": {"score": 0, "max": 10}, "price": {"score": 0, "max": 3}, "image": {"score": 0, "max": 12}}', 0)
ON CONFLICT (listing_id) DO UPDATE SET
  code_word_matches = EXCLUDED.code_word_matches,
  linguistic_risk_score = EXCLUDED.linguistic_risk_score,
  risk_score = EXCLUDED.risk_score,
  alert_tier = EXCLUDED.alert_tier,
  signal_breakdown = EXCLUDED.signal_breakdown;

-- Listing 42: พระของขวัญ ลพสด
INSERT INTO listings (id, scan_job_id, platform, platform_listing_id, title_original, price_amount, price_currency, images, images_local, seller_name, location_text, post_date, platform_category, content_hash, language, triage_passed, triage_reason)
VALUES ('d0000000-0000-0000-0000-000000000042', 'a0000000-0000-0000-0000-000000000001', 'kaidee.com', 'kaidee-371301075', 'พระของขวัญ ลพสด', 1000.0, 'THB', ARRAY['https://img.kaidee.com/prd/20260329/371301075/m/7b81936c-9136-45bb-8722-141cf3451597.jpg'], ARRAY['/static/images/demo/371301075_0.jpg'], NULL, 'เมืองสมุทรสาคร สมุทรสาคร', '2026-03-29 10:00:00', 'amulet-other', 'c9475b19a941dab6', 'th', true, 'high_risk_category')
ON CONFLICT (platform, platform_listing_id) DO UPDATE SET
  title_original = EXCLUDED.title_original,
  price_amount = EXCLUDED.price_amount,
  images = EXCLUDED.images,
  images_local = EXCLUDED.images_local,
  triage_passed = EXCLUDED.triage_passed,
  triage_reason = EXCLUDED.triage_reason;
INSERT INTO listing_analysis (id, listing_id, code_word_matches, linguistic_risk_score, analysis_method, risk_score, alert_tier, signal_breakdown, agreement_bonus)
VALUES ('e0000000-0000-0000-0000-000000000042', 'd0000000-0000-0000-0000-000000000042', '[]', 0.0, 'deterministic', 2, 'clear', '{"code_word": {"score": 0, "max": 15}, "cites": {"score": 0, "max": 25}, "iucn": {"score": 0, "max": 12}, "seizure": {"score": 0, "max": 13}, "geographic": {"score": 2, "max": 10}, "seller": {"score": 0, "max": 10}, "price": {"score": 0, "max": 3}, "image": {"score": 0, "max": 12}}', 0)
ON CONFLICT (listing_id) DO UPDATE SET
  code_word_matches = EXCLUDED.code_word_matches,
  linguistic_risk_score = EXCLUDED.linguistic_risk_score,
  risk_score = EXCLUDED.risk_score,
  alert_tier = EXCLUDED.alert_tier,
  signal_breakdown = EXCLUDED.signal_breakdown;

-- Listing 43: หลวงปู่ทวด97กรอบเดิมจากวัดพร้อมคาถาบูชาพระบ้านเหมาติดมาหลวงป
INSERT INTO listings (id, scan_job_id, platform, platform_listing_id, title_original, price_amount, price_currency, images, images_local, seller_name, location_text, post_date, platform_category, content_hash, language, triage_passed, triage_reason)
VALUES ('d0000000-0000-0000-0000-000000000043', 'a0000000-0000-0000-0000-000000000001', 'kaidee.com', 'kaidee-371191341', 'หลวงปู่ทวด97กรอบเดิมจากวัดพร้อมคาถาบูชาพระบ้านเหมาติดมาหลวงปู่ทวดพระนิรันตรายตลอดกาลมีไว้ไม่ตายโหงมูลนิธิเก็บศพเคยกล่าวว่าคนที่ตายไม่มีใครแขวนหลวงปู่ทวดเลยสักคน', 350.0, 'THB', ARRAY['https://img.kaidee.com/prd/20260316/371191341/m/848f2694-2333-47aa-b2a5-8a9baab61b64.jpg'], ARRAY['/static/images/demo/371191341_0.jpg'], NULL, 'บ้านตาก ตาก', '2026-03-29 10:00:00', 'amulet-other', '3c383eb924cdf391', 'th', true, 'high_risk_category')
ON CONFLICT (platform, platform_listing_id) DO UPDATE SET
  title_original = EXCLUDED.title_original,
  price_amount = EXCLUDED.price_amount,
  images = EXCLUDED.images,
  images_local = EXCLUDED.images_local,
  triage_passed = EXCLUDED.triage_passed,
  triage_reason = EXCLUDED.triage_reason;
INSERT INTO listing_analysis (id, listing_id, code_word_matches, linguistic_risk_score, analysis_method, risk_score, alert_tier, signal_breakdown, agreement_bonus)
VALUES ('e0000000-0000-0000-0000-000000000043', 'd0000000-0000-0000-0000-000000000043', '[]', 0.0, 'deterministic', 2, 'clear', '{"code_word": {"score": 0, "max": 15}, "cites": {"score": 0, "max": 25}, "iucn": {"score": 0, "max": 12}, "seizure": {"score": 0, "max": 13}, "geographic": {"score": 2, "max": 10}, "seller": {"score": 0, "max": 10}, "price": {"score": 0, "max": 3}, "image": {"score": 0, "max": 12}}', 0)
ON CONFLICT (listing_id) DO UPDATE SET
  code_word_matches = EXCLUDED.code_word_matches,
  linguistic_risk_score = EXCLUDED.linguistic_risk_score,
  risk_score = EXCLUDED.risk_score,
  alert_tier = EXCLUDED.alert_tier,
  signal_breakdown = EXCLUDED.signal_breakdown;

-- Listing 44: พ่อโสธร18kตอกใต้ท้องแหวนเป็นพระพุทธรูปคู่บ้านเมืองมาช้านานใค
INSERT INTO listings (id, scan_job_id, platform, platform_listing_id, title_original, price_amount, price_currency, images, images_local, seller_name, location_text, post_date, platform_category, content_hash, language, triage_passed, triage_reason)
VALUES ('d0000000-0000-0000-0000-000000000044', 'a0000000-0000-0000-0000-000000000001', 'kaidee.com', 'kaidee-370641588', 'พ่อโสธร18kตอกใต้ท้องแหวนเป็นพระพุทธรูปคู่บ้านเมืองมาช้านานใครไปขอพรต่างประสบความสำเร็จสมหวังกันทุกประการ', 350.0, 'THB', ARRAY['https://img.kaidee.com/prd/20260326/370641588/m/044c027d-5be1-4b60-aa75-6595f26bf01a.jpg'], ARRAY['/static/images/demo/370641588_0.jpg'], NULL, 'บ้านตาก ตาก', '2026-03-29 10:00:00', 'amulet-other', '95538a4345008589', 'th', true, 'high_risk_category')
ON CONFLICT (platform, platform_listing_id) DO UPDATE SET
  title_original = EXCLUDED.title_original,
  price_amount = EXCLUDED.price_amount,
  images = EXCLUDED.images,
  images_local = EXCLUDED.images_local,
  triage_passed = EXCLUDED.triage_passed,
  triage_reason = EXCLUDED.triage_reason;
INSERT INTO listing_analysis (id, listing_id, code_word_matches, linguistic_risk_score, analysis_method, risk_score, alert_tier, signal_breakdown, agreement_bonus)
VALUES ('e0000000-0000-0000-0000-000000000044', 'd0000000-0000-0000-0000-000000000044', '[{"id": 1, "code_word": "งาช้าง", "species_scientific": "Loxodonta africana", "product_type": "ivory_raw", "match_type": "fuzzy", "confidence": 0.792}]', 0.792, 'deterministic', 52, 'yellow', '{"code_word": {"score": 11, "max": 15}, "cites": {"score": 25, "max": 25}, "iucn": {"score": 10, "max": 12}, "seizure": {"score": 0, "max": 13}, "geographic": {"score": 6, "max": 10}, "seller": {"score": 0, "max": 10}, "price": {"score": 0, "max": 3}, "image": {"score": 0, "max": 12}}', 0)
ON CONFLICT (listing_id) DO UPDATE SET
  code_word_matches = EXCLUDED.code_word_matches,
  linguistic_risk_score = EXCLUDED.linguistic_risk_score,
  risk_score = EXCLUDED.risk_score,
  alert_tier = EXCLUDED.alert_tier,
  signal_breakdown = EXCLUDED.signal_breakdown;

-- Listing 45: พระสมเด็จเก่าเจ้าของเดิมบอกเป็นของเก่ามรดกตกทอดของที่บ้านเก่
INSERT INTO listings (id, scan_job_id, platform, platform_listing_id, title_original, price_amount, price_currency, images, images_local, seller_name, location_text, post_date, platform_category, content_hash, language, triage_passed, triage_reason)
VALUES ('d0000000-0000-0000-0000-000000000045', 'a0000000-0000-0000-0000-000000000001', 'kaidee.com', 'kaidee-370642654', 'พระสมเด็จเก่าเจ้าของเดิมบอกเป็นของเก่ามรดกตกทอดของที่บ้านเก่ามากๆ', 250.0, 'THB', ARRAY['https://img.kaidee.com/prd/20260329/370642654/m/13a31686-8136-4ef0-a281-ce0cbc587710.jpg'], ARRAY['/static/images/demo/370642654_0.jpg'], NULL, 'บ้านตาก ตาก', '2026-03-29 10:00:00', 'amulet-other', 'abcbb69d8bf06a4c', 'th', true, 'high_risk_category')
ON CONFLICT (platform, platform_listing_id) DO UPDATE SET
  title_original = EXCLUDED.title_original,
  price_amount = EXCLUDED.price_amount,
  images = EXCLUDED.images,
  images_local = EXCLUDED.images_local,
  triage_passed = EXCLUDED.triage_passed,
  triage_reason = EXCLUDED.triage_reason;
INSERT INTO listing_analysis (id, listing_id, code_word_matches, linguistic_risk_score, analysis_method, risk_score, alert_tier, signal_breakdown, agreement_bonus)
VALUES ('e0000000-0000-0000-0000-000000000045', 'd0000000-0000-0000-0000-000000000045', '[]', 0.0, 'deterministic', 2, 'clear', '{"code_word": {"score": 0, "max": 15}, "cites": {"score": 0, "max": 25}, "iucn": {"score": 0, "max": 12}, "seizure": {"score": 0, "max": 13}, "geographic": {"score": 2, "max": 10}, "seller": {"score": 0, "max": 10}, "price": {"score": 0, "max": 3}, "image": {"score": 0, "max": 12}}', 0)
ON CONFLICT (listing_id) DO UPDATE SET
  code_word_matches = EXCLUDED.code_word_matches,
  linguistic_risk_score = EXCLUDED.linguistic_risk_score,
  risk_score = EXCLUDED.risk_score,
  alert_tier = EXCLUDED.alert_tier,
  signal_breakdown = EXCLUDED.signal_breakdown;

-- Listing 46: หลวงพ่อเงิน วัดบางคลาน
INSERT INTO listings (id, scan_job_id, platform, platform_listing_id, title_original, price_amount, price_currency, images, images_local, seller_name, location_text, post_date, platform_category, content_hash, language, triage_passed, triage_reason)
VALUES ('d0000000-0000-0000-0000-000000000046', 'a0000000-0000-0000-0000-000000000001', 'kaidee.com', 'kaidee-371299042', 'หลวงพ่อเงิน วัดบางคลาน', 300.0, 'THB', ARRAY['https://img.kaidee.com/prd/20260329/371299042/m/366931c5-ce3e-4c59-8efb-4ede385dcef5.jpg'], ARRAY['/static/images/demo/371299042_0.jpg'], NULL, 'หนองแขม กรุงเทพมหานคร', '2026-03-29 10:00:00', 'amulet-other', '7879a18cdfc6e49f', 'th', true, 'high_risk_category')
ON CONFLICT (platform, platform_listing_id) DO UPDATE SET
  title_original = EXCLUDED.title_original,
  price_amount = EXCLUDED.price_amount,
  images = EXCLUDED.images,
  images_local = EXCLUDED.images_local,
  triage_passed = EXCLUDED.triage_passed,
  triage_reason = EXCLUDED.triage_reason;
INSERT INTO listing_analysis (id, listing_id, code_word_matches, linguistic_risk_score, analysis_method, risk_score, alert_tier, signal_breakdown, agreement_bonus)
VALUES ('e0000000-0000-0000-0000-000000000046', 'd0000000-0000-0000-0000-000000000046', '[]', 0.0, 'deterministic', 2, 'clear', '{"code_word": {"score": 0, "max": 15}, "cites": {"score": 0, "max": 25}, "iucn": {"score": 0, "max": 12}, "seizure": {"score": 0, "max": 13}, "geographic": {"score": 2, "max": 10}, "seller": {"score": 0, "max": 10}, "price": {"score": 0, "max": 3}, "image": {"score": 0, "max": 12}}', 0)
ON CONFLICT (listing_id) DO UPDATE SET
  code_word_matches = EXCLUDED.code_word_matches,
  linguistic_risk_score = EXCLUDED.linguistic_risk_score,
  risk_score = EXCLUDED.risk_score,
  alert_tier = EXCLUDED.alert_tier,
  signal_breakdown = EXCLUDED.signal_breakdown;

-- Listing 47: พระเก่ามากๆหล่อโบราณตามรูปครับเก่าสุดสุดสวยมากขนาดห้อยคอ
INSERT INTO listings (id, scan_job_id, platform, platform_listing_id, title_original, price_amount, price_currency, images, images_local, seller_name, location_text, post_date, platform_category, content_hash, language, triage_passed, triage_reason)
VALUES ('d0000000-0000-0000-0000-000000000047', 'a0000000-0000-0000-0000-000000000001', 'kaidee.com', 'kaidee-370721558', 'พระเก่ามากๆหล่อโบราณตามรูปครับเก่าสุดสุดสวยมากขนาดห้อยคอ', 400.0, 'THB', ARRAY['https://img.kaidee.com/prd/20250517/370721558/m/32b1c3cd-43aa-4721-b053-f6ad54f25d45.jpg'], ARRAY['/static/images/demo/370721558_0.jpg'], NULL, 'ลาดพร้าว กรุงเทพมหานคร', '2026-03-29 10:00:00', 'amulet-other', 'ef2a23b12fc28949', 'th', true, 'high_risk_category')
ON CONFLICT (platform, platform_listing_id) DO UPDATE SET
  title_original = EXCLUDED.title_original,
  price_amount = EXCLUDED.price_amount,
  images = EXCLUDED.images,
  images_local = EXCLUDED.images_local,
  triage_passed = EXCLUDED.triage_passed,
  triage_reason = EXCLUDED.triage_reason;
INSERT INTO listing_analysis (id, listing_id, code_word_matches, linguistic_risk_score, analysis_method, risk_score, alert_tier, signal_breakdown, agreement_bonus)
VALUES ('e0000000-0000-0000-0000-000000000047', 'd0000000-0000-0000-0000-000000000047', '[]', 0.0, 'deterministic', 2, 'clear', '{"code_word": {"score": 0, "max": 15}, "cites": {"score": 0, "max": 25}, "iucn": {"score": 0, "max": 12}, "seizure": {"score": 0, "max": 13}, "geographic": {"score": 2, "max": 10}, "seller": {"score": 0, "max": 10}, "price": {"score": 0, "max": 3}, "image": {"score": 0, "max": 12}}', 0)
ON CONFLICT (listing_id) DO UPDATE SET
  code_word_matches = EXCLUDED.code_word_matches,
  linguistic_risk_score = EXCLUDED.linguistic_risk_score,
  risk_score = EXCLUDED.risk_score,
  alert_tier = EXCLUDED.alert_tier,
  signal_breakdown = EXCLUDED.signal_breakdown;

-- Listing 48: พระปิดตาเก่า
INSERT INTO listings (id, scan_job_id, platform, platform_listing_id, title_original, price_amount, price_currency, images, images_local, seller_name, location_text, post_date, platform_category, content_hash, language, triage_passed, triage_reason)
VALUES ('d0000000-0000-0000-0000-000000000048', 'a0000000-0000-0000-0000-000000000001', 'kaidee.com', 'kaidee-371300897', 'พระปิดตาเก่า', 800.0, 'THB', ARRAY['https://img.kaidee.com/prd/20260329/371300897/m/f7e756bc-a17c-47f4-b29c-e59852ab37af.jpg'], ARRAY['/static/images/demo/371300897_0.jpg'], NULL, 'หนองแขม กรุงเทพมหานคร', '2026-03-29 10:00:00', 'amulet-other', '33e43d27ba35eff8', 'th', true, 'high_risk_category')
ON CONFLICT (platform, platform_listing_id) DO UPDATE SET
  title_original = EXCLUDED.title_original,
  price_amount = EXCLUDED.price_amount,
  images = EXCLUDED.images,
  images_local = EXCLUDED.images_local,
  triage_passed = EXCLUDED.triage_passed,
  triage_reason = EXCLUDED.triage_reason;
INSERT INTO listing_analysis (id, listing_id, code_word_matches, linguistic_risk_score, analysis_method, risk_score, alert_tier, signal_breakdown, agreement_bonus)
VALUES ('e0000000-0000-0000-0000-000000000048', 'd0000000-0000-0000-0000-000000000048', '[]', 0.0, 'deterministic', 2, 'clear', '{"code_word": {"score": 0, "max": 15}, "cites": {"score": 0, "max": 25}, "iucn": {"score": 0, "max": 12}, "seizure": {"score": 0, "max": 13}, "geographic": {"score": 2, "max": 10}, "seller": {"score": 0, "max": 10}, "price": {"score": 0, "max": 3}, "image": {"score": 0, "max": 12}}', 0)
ON CONFLICT (listing_id) DO UPDATE SET
  code_word_matches = EXCLUDED.code_word_matches,
  linguistic_risk_score = EXCLUDED.linguistic_risk_score,
  risk_score = EXCLUDED.risk_score,
  alert_tier = EXCLUDED.alert_tier,
  signal_breakdown = EXCLUDED.signal_breakdown;

-- Listing 49: พระบูชาหน้าตัก 22 นิ้วเก่าๆ
INSERT INTO listings (id, scan_job_id, platform, platform_listing_id, title_original, price_amount, price_currency, images, images_local, seller_name, location_text, post_date, platform_category, content_hash, language, triage_passed, triage_reason)
VALUES ('d0000000-0000-0000-0000-000000000049', 'a0000000-0000-0000-0000-000000000001', 'kaidee.com', 'kaidee-371200145', 'พระบูชาหน้าตัก 22 นิ้วเก่าๆ', 36500.0, 'THB', ARRAY['https://img.kaidee.com/prd/20260324/371200145/m/49890d71-8056-428d-82b6-ce14ed316cfd.jpg'], ARRAY['/static/images/demo/371200145_0.jpg'], NULL, 'เมืองสุโขทัย สุโขทัย', '2026-03-29 10:00:00', 'amulet-statue', 'd250f8c31d377929', 'th', true, 'high_risk_category')
ON CONFLICT (platform, platform_listing_id) DO UPDATE SET
  title_original = EXCLUDED.title_original,
  price_amount = EXCLUDED.price_amount,
  images = EXCLUDED.images,
  images_local = EXCLUDED.images_local,
  triage_passed = EXCLUDED.triage_passed,
  triage_reason = EXCLUDED.triage_reason;
INSERT INTO listing_analysis (id, listing_id, code_word_matches, linguistic_risk_score, analysis_method, risk_score, alert_tier, signal_breakdown, agreement_bonus)
VALUES ('e0000000-0000-0000-0000-000000000049', 'd0000000-0000-0000-0000-000000000049', '[]', 0.0, 'deterministic', 2, 'clear', '{"code_word": {"score": 0, "max": 15}, "cites": {"score": 0, "max": 25}, "iucn": {"score": 0, "max": 12}, "seizure": {"score": 0, "max": 13}, "geographic": {"score": 2, "max": 10}, "seller": {"score": 0, "max": 10}, "price": {"score": 0, "max": 3}, "image": {"score": 0, "max": 12}}', 0)
ON CONFLICT (listing_id) DO UPDATE SET
  code_word_matches = EXCLUDED.code_word_matches,
  linguistic_risk_score = EXCLUDED.linguistic_risk_score,
  risk_score = EXCLUDED.risk_score,
  alert_tier = EXCLUDED.alert_tier,
  signal_breakdown = EXCLUDED.signal_breakdown;

-- Listing 50: พระบูชาหน้าตัก 15 นิ้วเก่าๆ
INSERT INTO listings (id, scan_job_id, platform, platform_listing_id, title_original, price_amount, price_currency, images, images_local, seller_name, location_text, post_date, platform_category, content_hash, language, triage_passed, triage_reason)
VALUES ('d0000000-0000-0000-0000-000000000050', 'a0000000-0000-0000-0000-000000000001', 'kaidee.com', 'kaidee-371200141', 'พระบูชาหน้าตัก 15 นิ้วเก่าๆ', 22500.0, 'THB', ARRAY['https://img.kaidee.com/prd/20260326/371200141/m/986f81ec-fc5c-4452-b4c7-f49651a0f080.jpg'], ARRAY['/static/images/demo/371200141_0.jpg'], NULL, 'เมืองสุโขทัย สุโขทัย', '2026-03-29 10:00:00', 'amulet-statue', 'ee2984c6a9b8b067', 'th', true, 'high_risk_category')
ON CONFLICT (platform, platform_listing_id) DO UPDATE SET
  title_original = EXCLUDED.title_original,
  price_amount = EXCLUDED.price_amount,
  images = EXCLUDED.images,
  images_local = EXCLUDED.images_local,
  triage_passed = EXCLUDED.triage_passed,
  triage_reason = EXCLUDED.triage_reason;
INSERT INTO listing_analysis (id, listing_id, code_word_matches, linguistic_risk_score, analysis_method, risk_score, alert_tier, signal_breakdown, agreement_bonus)
VALUES ('e0000000-0000-0000-0000-000000000050', 'd0000000-0000-0000-0000-000000000050', '[]', 0.0, 'deterministic', 2, 'clear', '{"code_word": {"score": 0, "max": 15}, "cites": {"score": 0, "max": 25}, "iucn": {"score": 0, "max": 12}, "seizure": {"score": 0, "max": 13}, "geographic": {"score": 2, "max": 10}, "seller": {"score": 0, "max": 10}, "price": {"score": 0, "max": 3}, "image": {"score": 0, "max": 12}}', 0)
ON CONFLICT (listing_id) DO UPDATE SET
  code_word_matches = EXCLUDED.code_word_matches,
  linguistic_risk_score = EXCLUDED.linguistic_risk_score,
  risk_score = EXCLUDED.risk_score,
  alert_tier = EXCLUDED.alert_tier,
  signal_breakdown = EXCLUDED.signal_breakdown;

-- Listing 51: พระบูชาเก่า 5นิ้ว
INSERT INTO listings (id, scan_job_id, platform, platform_listing_id, title_original, price_amount, price_currency, images, images_local, seller_name, location_text, post_date, platform_category, content_hash, language, triage_passed, triage_reason)
VALUES ('d0000000-0000-0000-0000-000000000051', 'a0000000-0000-0000-0000-000000000001', 'kaidee.com', 'kaidee-371300048', 'พระบูชาเก่า 5นิ้ว', 2500.0, 'THB', ARRAY['https://img.kaidee.com/prd/20260329/371300048/m/6e6e7b4e-11cb-486e-9a52-b53912ddeae9.jpg'], ARRAY['/static/images/demo/371300048_0.jpg'], NULL, 'เมืองพิษณุโลก พิษณุโลก', '2026-03-29 10:00:00', 'amulet-statue', '814c24a2c6ab6495', 'th', true, 'high_risk_category')
ON CONFLICT (platform, platform_listing_id) DO UPDATE SET
  title_original = EXCLUDED.title_original,
  price_amount = EXCLUDED.price_amount,
  images = EXCLUDED.images,
  images_local = EXCLUDED.images_local,
  triage_passed = EXCLUDED.triage_passed,
  triage_reason = EXCLUDED.triage_reason;
INSERT INTO listing_analysis (id, listing_id, code_word_matches, linguistic_risk_score, analysis_method, risk_score, alert_tier, signal_breakdown, agreement_bonus)
VALUES ('e0000000-0000-0000-0000-000000000051', 'd0000000-0000-0000-0000-000000000051', '[]', 0.0, 'deterministic', 2, 'clear', '{"code_word": {"score": 0, "max": 15}, "cites": {"score": 0, "max": 25}, "iucn": {"score": 0, "max": 12}, "seizure": {"score": 0, "max": 13}, "geographic": {"score": 2, "max": 10}, "seller": {"score": 0, "max": 10}, "price": {"score": 0, "max": 3}, "image": {"score": 0, "max": 12}}', 0)
ON CONFLICT (listing_id) DO UPDATE SET
  code_word_matches = EXCLUDED.code_word_matches,
  linguistic_risk_score = EXCLUDED.linguistic_risk_score,
  risk_score = EXCLUDED.risk_score,
  alert_tier = EXCLUDED.alert_tier,
  signal_breakdown = EXCLUDED.signal_breakdown;

-- Listing 52: พระอู่ทอง
INSERT INTO listings (id, scan_job_id, platform, platform_listing_id, title_original, price_amount, price_currency, images, images_local, seller_name, location_text, post_date, platform_category, content_hash, language, triage_passed, triage_reason)
VALUES ('d0000000-0000-0000-0000-000000000052', 'a0000000-0000-0000-0000-000000000001', 'kaidee.com', 'kaidee-371299762', 'พระอู่ทอง', 3000.0, 'THB', ARRAY['https://img.kaidee.com/prd/20260328/371299762/m/048d5394-6a39-41cf-b8e3-3d83c602bfe9.jpg'], ARRAY['/static/images/demo/371299762_0.jpg'], NULL, 'ดอนเมือง กรุงเทพมหานคร', '2026-03-29 10:00:00', 'amulet-statue', '0deeae7e50f538d7', 'th', true, 'high_risk_category')
ON CONFLICT (platform, platform_listing_id) DO UPDATE SET
  title_original = EXCLUDED.title_original,
  price_amount = EXCLUDED.price_amount,
  images = EXCLUDED.images,
  images_local = EXCLUDED.images_local,
  triage_passed = EXCLUDED.triage_passed,
  triage_reason = EXCLUDED.triage_reason;
INSERT INTO listing_analysis (id, listing_id, code_word_matches, linguistic_risk_score, analysis_method, risk_score, alert_tier, signal_breakdown, agreement_bonus)
VALUES ('e0000000-0000-0000-0000-000000000052', 'd0000000-0000-0000-0000-000000000052', '[]', 0.0, 'deterministic', 2, 'clear', '{"code_word": {"score": 0, "max": 15}, "cites": {"score": 0, "max": 25}, "iucn": {"score": 0, "max": 12}, "seizure": {"score": 0, "max": 13}, "geographic": {"score": 2, "max": 10}, "seller": {"score": 0, "max": 10}, "price": {"score": 0, "max": 3}, "image": {"score": 0, "max": 12}}', 0)
ON CONFLICT (listing_id) DO UPDATE SET
  code_word_matches = EXCLUDED.code_word_matches,
  linguistic_risk_score = EXCLUDED.linguistic_risk_score,
  risk_score = EXCLUDED.risk_score,
  alert_tier = EXCLUDED.alert_tier,
  signal_breakdown = EXCLUDED.signal_breakdown;

-- Listing 53: พระยืนอยุธยาทรงเครื่องปางห้ามญาติ
INSERT INTO listings (id, scan_job_id, platform, platform_listing_id, title_original, price_amount, price_currency, images, images_local, seller_name, location_text, post_date, platform_category, content_hash, language, triage_passed, triage_reason)
VALUES ('d0000000-0000-0000-0000-000000000053', 'a0000000-0000-0000-0000-000000000001', 'kaidee.com', 'kaidee-370591043', 'พระยืนอยุธยาทรงเครื่องปางห้ามญาติ', 3200.0, 'THB', ARRAY['https://img.kaidee.com/prd/20250320/370591043/m/ae58e6f4-f68f-4fc7-b443-230590c36ff0.jpg'], ARRAY['/static/images/demo/370591043_0.jpg'], NULL, 'ดอนเมือง กรุงเทพมหานคร', '2026-03-29 10:00:00', 'amulet-statue', '32bad0982339eea8', 'th', true, 'high_risk_category')
ON CONFLICT (platform, platform_listing_id) DO UPDATE SET
  title_original = EXCLUDED.title_original,
  price_amount = EXCLUDED.price_amount,
  images = EXCLUDED.images,
  images_local = EXCLUDED.images_local,
  triage_passed = EXCLUDED.triage_passed,
  triage_reason = EXCLUDED.triage_reason;
INSERT INTO listing_analysis (id, listing_id, code_word_matches, linguistic_risk_score, analysis_method, risk_score, alert_tier, signal_breakdown, agreement_bonus)
VALUES ('e0000000-0000-0000-0000-000000000053', 'd0000000-0000-0000-0000-000000000053', '[]', 0.0, 'deterministic', 2, 'clear', '{"code_word": {"score": 0, "max": 15}, "cites": {"score": 0, "max": 25}, "iucn": {"score": 0, "max": 12}, "seizure": {"score": 0, "max": 13}, "geographic": {"score": 2, "max": 10}, "seller": {"score": 0, "max": 10}, "price": {"score": 0, "max": 3}, "image": {"score": 0, "max": 12}}', 0)
ON CONFLICT (listing_id) DO UPDATE SET
  code_word_matches = EXCLUDED.code_word_matches,
  linguistic_risk_score = EXCLUDED.linguistic_risk_score,
  risk_score = EXCLUDED.risk_score,
  alert_tier = EXCLUDED.alert_tier,
  signal_breakdown = EXCLUDED.signal_breakdown;

-- Listing 54: พระคงและพระสมเด็จ
INSERT INTO listings (id, scan_job_id, platform, platform_listing_id, title_original, price_amount, price_currency, images, images_local, seller_name, location_text, post_date, platform_category, content_hash, language, triage_passed, triage_reason)
VALUES ('d0000000-0000-0000-0000-000000000054', 'a0000000-0000-0000-0000-000000000001', 'kaidee.com', 'kaidee-371299286', 'พระคงและพระสมเด็จ', 8000.0, 'THB', ARRAY['https://img.kaidee.com/prd/20260328/371299286/m/5adc35b9-acc0-4aea-bae5-a11b2ee664c3.jpg'], ARRAY['/static/images/demo/371299286_0.jpg'], NULL, 'ลาดกระบัง กรุงเทพมหานคร', '2026-03-29 10:00:00', 'amulet-statue', '3dd56a5a81727d39', 'th', true, 'high_risk_category')
ON CONFLICT (platform, platform_listing_id) DO UPDATE SET
  title_original = EXCLUDED.title_original,
  price_amount = EXCLUDED.price_amount,
  images = EXCLUDED.images,
  images_local = EXCLUDED.images_local,
  triage_passed = EXCLUDED.triage_passed,
  triage_reason = EXCLUDED.triage_reason;
INSERT INTO listing_analysis (id, listing_id, code_word_matches, linguistic_risk_score, analysis_method, risk_score, alert_tier, signal_breakdown, agreement_bonus)
VALUES ('e0000000-0000-0000-0000-000000000054', 'd0000000-0000-0000-0000-000000000054', '[]', 0.0, 'deterministic', 2, 'clear', '{"code_word": {"score": 0, "max": 15}, "cites": {"score": 0, "max": 25}, "iucn": {"score": 0, "max": 12}, "seizure": {"score": 0, "max": 13}, "geographic": {"score": 2, "max": 10}, "seller": {"score": 0, "max": 10}, "price": {"score": 0, "max": 3}, "image": {"score": 0, "max": 12}}', 0)
ON CONFLICT (listing_id) DO UPDATE SET
  code_word_matches = EXCLUDED.code_word_matches,
  linguistic_risk_score = EXCLUDED.linguistic_risk_score,
  risk_score = EXCLUDED.risk_score,
  alert_tier = EXCLUDED.alert_tier,
  signal_breakdown = EXCLUDED.signal_breakdown;

-- Listing 55: พระบูชา
INSERT INTO listings (id, scan_job_id, platform, platform_listing_id, title_original, price_amount, price_currency, images, images_local, seller_name, location_text, post_date, platform_category, content_hash, language, triage_passed, triage_reason)
VALUES ('d0000000-0000-0000-0000-000000000055', 'a0000000-0000-0000-0000-000000000001', 'kaidee.com', 'kaidee-371298741', 'พระบูชา', 1500.0, 'THB', ARRAY['https://img.kaidee.com/prd/20260328/371298741/m/4bf1b3dd-dba6-4c0c-91e4-4002c024e697.jpg'], ARRAY['/static/images/demo/371298741_0.jpg'], NULL, 'สามพราน นครปฐม', '2026-03-29 10:00:00', 'amulet-statue', '457c87fdac777d97', 'th', true, 'high_risk_category')
ON CONFLICT (platform, platform_listing_id) DO UPDATE SET
  title_original = EXCLUDED.title_original,
  price_amount = EXCLUDED.price_amount,
  images = EXCLUDED.images,
  images_local = EXCLUDED.images_local,
  triage_passed = EXCLUDED.triage_passed,
  triage_reason = EXCLUDED.triage_reason;
INSERT INTO listing_analysis (id, listing_id, code_word_matches, linguistic_risk_score, analysis_method, risk_score, alert_tier, signal_breakdown, agreement_bonus)
VALUES ('e0000000-0000-0000-0000-000000000055', 'd0000000-0000-0000-0000-000000000055', '[]', 0.0, 'deterministic', 2, 'clear', '{"code_word": {"score": 0, "max": 15}, "cites": {"score": 0, "max": 25}, "iucn": {"score": 0, "max": 12}, "seizure": {"score": 0, "max": 13}, "geographic": {"score": 2, "max": 10}, "seller": {"score": 0, "max": 10}, "price": {"score": 0, "max": 3}, "image": {"score": 0, "max": 12}}', 0)
ON CONFLICT (listing_id) DO UPDATE SET
  code_word_matches = EXCLUDED.code_word_matches,
  linguistic_risk_score = EXCLUDED.linguistic_risk_score,
  risk_score = EXCLUDED.risk_score,
  alert_tier = EXCLUDED.alert_tier,
  signal_breakdown = EXCLUDED.signal_breakdown;

-- Listing 56: พระบูชาหลวงพ่อพระใส วัดโพธิ์ชัย จังหวัดหนองคาย รุ่น เพิ่มบาร
INSERT INTO listings (id, scan_job_id, platform, platform_listing_id, title_original, price_amount, price_currency, images, images_local, seller_name, location_text, post_date, platform_category, content_hash, language, triage_passed, triage_reason)
VALUES ('d0000000-0000-0000-0000-000000000056', 'a0000000-0000-0000-0000-000000000001', 'kaidee.com', 'kaidee-371190905', 'พระบูชาหลวงพ่อพระใส วัดโพธิ์ชัย จังหวัดหนองคาย รุ่น เพิ่มบารมี ปี 2564 หน้าตัก 9 นิ้ว ฐาน 14 นิ้ว สูง 22 นิ้ว หมายเลข 4959 เนื้อทองเหลือง', 9900.0, 'THB', ARRAY['https://img.kaidee.com/prd/20260121/371190905/m/c8a8a596-05ad-4077-8610-41f6e6942b54.jpg'], ARRAY['/static/images/demo/371190905_0.jpg'], NULL, 'ไทรน้อย นนทบุรี', '2026-03-29 10:00:00', 'amulet-statue', '87fcc00737ff7524', 'th', true, 'high_risk_category')
ON CONFLICT (platform, platform_listing_id) DO UPDATE SET
  title_original = EXCLUDED.title_original,
  price_amount = EXCLUDED.price_amount,
  images = EXCLUDED.images,
  images_local = EXCLUDED.images_local,
  triage_passed = EXCLUDED.triage_passed,
  triage_reason = EXCLUDED.triage_reason;
INSERT INTO listing_analysis (id, listing_id, code_word_matches, linguistic_risk_score, analysis_method, risk_score, alert_tier, signal_breakdown, agreement_bonus)
VALUES ('e0000000-0000-0000-0000-000000000056', 'd0000000-0000-0000-0000-000000000056', '[]', 0.0, 'deterministic', 2, 'clear', '{"code_word": {"score": 0, "max": 15}, "cites": {"score": 0, "max": 25}, "iucn": {"score": 0, "max": 12}, "seizure": {"score": 0, "max": 13}, "geographic": {"score": 2, "max": 10}, "seller": {"score": 0, "max": 10}, "price": {"score": 0, "max": 3}, "image": {"score": 0, "max": 12}}', 0)
ON CONFLICT (listing_id) DO UPDATE SET
  code_word_matches = EXCLUDED.code_word_matches,
  linguistic_risk_score = EXCLUDED.linguistic_risk_score,
  risk_score = EXCLUDED.risk_score,
  alert_tier = EXCLUDED.alert_tier,
  signal_breakdown = EXCLUDED.signal_breakdown;

-- Listing 57: พระพุทธรูป พระบูชาเชียงแสนทรงเครื่อง หน้าตักกว้าง 14 นิ้ว
INSERT INTO listings (id, scan_job_id, platform, platform_listing_id, title_original, price_amount, price_currency, images, images_local, seller_name, location_text, post_date, platform_category, content_hash, language, triage_passed, triage_reason)
VALUES ('d0000000-0000-0000-0000-000000000057', 'a0000000-0000-0000-0000-000000000001', 'kaidee.com', 'kaidee-371296116', 'พระพุทธรูป พระบูชาเชียงแสนทรงเครื่อง หน้าตักกว้าง 14 นิ้ว', 35000.0, 'THB', ARRAY['https://img.kaidee.com/prd/20260326/371296116/m/8b31a45e-1ff1-49c1-999e-41b4760509af.jpg'], ARRAY['/static/images/demo/371296116_0.jpg'], NULL, 'เชียงดาว เชียงใหม่', '2026-03-29 10:00:00', 'amulet-statue', 'de706bc6c53176e3', 'th', true, 'high_risk_category')
ON CONFLICT (platform, platform_listing_id) DO UPDATE SET
  title_original = EXCLUDED.title_original,
  price_amount = EXCLUDED.price_amount,
  images = EXCLUDED.images,
  images_local = EXCLUDED.images_local,
  triage_passed = EXCLUDED.triage_passed,
  triage_reason = EXCLUDED.triage_reason;
INSERT INTO listing_analysis (id, listing_id, code_word_matches, linguistic_risk_score, analysis_method, risk_score, alert_tier, signal_breakdown, agreement_bonus)
VALUES ('e0000000-0000-0000-0000-000000000057', 'd0000000-0000-0000-0000-000000000057', '[]', 0.0, 'deterministic', 2, 'clear', '{"code_word": {"score": 0, "max": 15}, "cites": {"score": 0, "max": 25}, "iucn": {"score": 0, "max": 12}, "seizure": {"score": 0, "max": 13}, "geographic": {"score": 2, "max": 10}, "seller": {"score": 0, "max": 10}, "price": {"score": 0, "max": 3}, "image": {"score": 0, "max": 12}}', 0)
ON CONFLICT (listing_id) DO UPDATE SET
  code_word_matches = EXCLUDED.code_word_matches,
  linguistic_risk_score = EXCLUDED.linguistic_risk_score,
  risk_score = EXCLUDED.risk_score,
  alert_tier = EXCLUDED.alert_tier,
  signal_breakdown = EXCLUDED.signal_breakdown;

-- Listing 58: หลวงพ่อคูณ
INSERT INTO listings (id, scan_job_id, platform, platform_listing_id, title_original, price_amount, price_currency, images, images_local, seller_name, location_text, post_date, platform_category, content_hash, language, triage_passed, triage_reason)
VALUES ('d0000000-0000-0000-0000-000000000058', 'a0000000-0000-0000-0000-000000000001', 'kaidee.com', 'kaidee-371295916', 'หลวงพ่อคูณ', 3699.0, 'THB', ARRAY['https://img.kaidee.com/prd/20260326/371295916/m/8d424393-0252-4349-a2a2-6d57fbbab8d6.jpg'], ARRAY['/static/images/demo/371295916_0.jpg'], NULL, 'วังทองหลาง กรุงเทพมหานคร', '2026-03-29 10:00:00', 'amulet-statue', '63fba6838148a42e', 'th', true, 'high_risk_category')
ON CONFLICT (platform, platform_listing_id) DO UPDATE SET
  title_original = EXCLUDED.title_original,
  price_amount = EXCLUDED.price_amount,
  images = EXCLUDED.images,
  images_local = EXCLUDED.images_local,
  triage_passed = EXCLUDED.triage_passed,
  triage_reason = EXCLUDED.triage_reason;
INSERT INTO listing_analysis (id, listing_id, code_word_matches, linguistic_risk_score, analysis_method, risk_score, alert_tier, signal_breakdown, agreement_bonus)
VALUES ('e0000000-0000-0000-0000-000000000058', 'd0000000-0000-0000-0000-000000000058', '[]', 0.0, 'deterministic', 2, 'clear', '{"code_word": {"score": 0, "max": 15}, "cites": {"score": 0, "max": 25}, "iucn": {"score": 0, "max": 12}, "seizure": {"score": 0, "max": 13}, "geographic": {"score": 2, "max": 10}, "seller": {"score": 0, "max": 10}, "price": {"score": 0, "max": 3}, "image": {"score": 0, "max": 12}}', 0)
ON CONFLICT (listing_id) DO UPDATE SET
  code_word_matches = EXCLUDED.code_word_matches,
  linguistic_risk_score = EXCLUDED.linguistic_risk_score,
  risk_score = EXCLUDED.risk_score,
  alert_tier = EXCLUDED.alert_tier,
  signal_breakdown = EXCLUDED.signal_breakdown;

-- Listing 59: พระสังกัจจายน์ หน้าตัก3นิ้ว ไม่ทราบที่ ปิดทองแท้ งานเก่า
INSERT INTO listings (id, scan_job_id, platform, platform_listing_id, title_original, price_amount, price_currency, images, images_local, seller_name, location_text, post_date, platform_category, content_hash, language, triage_passed, triage_reason)
VALUES ('d0000000-0000-0000-0000-000000000059', 'a0000000-0000-0000-0000-000000000001', 'kaidee.com', 'kaidee-371265729', 'พระสังกัจจายน์ หน้าตัก3นิ้ว ไม่ทราบที่ ปิดทองแท้ งานเก่า', 600.0, 'THB', ARRAY['https://img.kaidee.com/prd/20260307/371265729/m/a519f3f2-9323-4d55-a271-9711abf980dd.jpg'], ARRAY['/static/images/demo/371265729_0.jpg'], NULL, 'ตลิ่งชัน กรุงเทพมหานคร', '2026-03-29 10:00:00', 'amulet-statue', 'e46bd8cc76f8bb80', 'th', true, 'high_risk_category')
ON CONFLICT (platform, platform_listing_id) DO UPDATE SET
  title_original = EXCLUDED.title_original,
  price_amount = EXCLUDED.price_amount,
  images = EXCLUDED.images,
  images_local = EXCLUDED.images_local,
  triage_passed = EXCLUDED.triage_passed,
  triage_reason = EXCLUDED.triage_reason;
INSERT INTO listing_analysis (id, listing_id, code_word_matches, linguistic_risk_score, analysis_method, risk_score, alert_tier, signal_breakdown, agreement_bonus)
VALUES ('e0000000-0000-0000-0000-000000000059', 'd0000000-0000-0000-0000-000000000059', '[]', 0.0, 'deterministic', 2, 'clear', '{"code_word": {"score": 0, "max": 15}, "cites": {"score": 0, "max": 25}, "iucn": {"score": 0, "max": 12}, "seizure": {"score": 0, "max": 13}, "geographic": {"score": 2, "max": 10}, "seller": {"score": 0, "max": 10}, "price": {"score": 0, "max": 3}, "image": {"score": 0, "max": 12}}', 0)
ON CONFLICT (listing_id) DO UPDATE SET
  code_word_matches = EXCLUDED.code_word_matches,
  linguistic_risk_score = EXCLUDED.linguistic_risk_score,
  risk_score = EXCLUDED.risk_score,
  alert_tier = EXCLUDED.alert_tier,
  signal_breakdown = EXCLUDED.signal_breakdown;

-- Listing 60: พระบูชาเนื้อทองสำริดหน้าตักสามนิ้วสูง7นิ้ว
INSERT INTO listings (id, scan_job_id, platform, platform_listing_id, title_original, price_amount, price_currency, images, images_local, seller_name, location_text, post_date, platform_category, content_hash, language, triage_passed, triage_reason)
VALUES ('d0000000-0000-0000-0000-000000000060', 'a0000000-0000-0000-0000-000000000001', 'kaidee.com', 'kaidee-371230900', 'พระบูชาเนื้อทองสำริดหน้าตักสามนิ้วสูง7นิ้ว', 8500.0, 'THB', ARRAY['https://img.kaidee.com/prd/20260216/371230900/m/ae143b36-f92a-4aae-aeb8-58bf7f4f3bc2.jpg'], ARRAY['/static/images/demo/371230900_0.jpg'], NULL, 'ลาดพร้าว กรุงเทพมหานคร', '2026-03-29 10:00:00', 'amulet-statue', 'd6ec251e21728764', 'th', true, 'high_risk_category')
ON CONFLICT (platform, platform_listing_id) DO UPDATE SET
  title_original = EXCLUDED.title_original,
  price_amount = EXCLUDED.price_amount,
  images = EXCLUDED.images,
  images_local = EXCLUDED.images_local,
  triage_passed = EXCLUDED.triage_passed,
  triage_reason = EXCLUDED.triage_reason;
INSERT INTO listing_analysis (id, listing_id, code_word_matches, linguistic_risk_score, analysis_method, risk_score, alert_tier, signal_breakdown, agreement_bonus)
VALUES ('e0000000-0000-0000-0000-000000000060', 'd0000000-0000-0000-0000-000000000060', '[]', 0.0, 'deterministic', 2, 'clear', '{"code_word": {"score": 0, "max": 15}, "cites": {"score": 0, "max": 25}, "iucn": {"score": 0, "max": 12}, "seizure": {"score": 0, "max": 13}, "geographic": {"score": 2, "max": 10}, "seller": {"score": 0, "max": 10}, "price": {"score": 0, "max": 3}, "image": {"score": 0, "max": 12}}', 0)
ON CONFLICT (listing_id) DO UPDATE SET
  code_word_matches = EXCLUDED.code_word_matches,
  linguistic_risk_score = EXCLUDED.linguistic_risk_score,
  risk_score = EXCLUDED.risk_score,
  alert_tier = EXCLUDED.alert_tier,
  signal_breakdown = EXCLUDED.signal_breakdown;

-- Listing 61: พระบูชาเชียงแสนสิงห์สาม หน้าตัก1.3 นิ้ว สูง 2 นิ้ว ขนาดห้อยค
INSERT INTO listings (id, scan_job_id, platform, platform_listing_id, title_original, price_amount, price_currency, images, images_local, seller_name, location_text, post_date, platform_category, content_hash, language, triage_passed, triage_reason)
VALUES ('d0000000-0000-0000-0000-000000000061', 'a0000000-0000-0000-0000-000000000001', 'kaidee.com', 'kaidee-371290603', 'พระบูชาเชียงแสนสิงห์สาม หน้าตัก1.3 นิ้ว สูง 2 นิ้ว ขนาดห้อยคอ', 2000.0, 'THB', ARRAY['https://img.kaidee.com/prd/20260323/371290603/m/099e43c5-8f18-4ada-b989-dfcd20bbccef.jpg'], ARRAY['/static/images/demo/371290603_0.jpg'], NULL, 'เชียงดาว เชียงใหม่', '2026-03-29 10:00:00', 'amulet-statue', 'ec2f32605695d184', 'th', true, 'high_risk_category')
ON CONFLICT (platform, platform_listing_id) DO UPDATE SET
  title_original = EXCLUDED.title_original,
  price_amount = EXCLUDED.price_amount,
  images = EXCLUDED.images,
  images_local = EXCLUDED.images_local,
  triage_passed = EXCLUDED.triage_passed,
  triage_reason = EXCLUDED.triage_reason;
INSERT INTO listing_analysis (id, listing_id, code_word_matches, linguistic_risk_score, analysis_method, risk_score, alert_tier, signal_breakdown, agreement_bonus)
VALUES ('e0000000-0000-0000-0000-000000000061', 'd0000000-0000-0000-0000-000000000061', '[]', 0.0, 'deterministic', 2, 'clear', '{"code_word": {"score": 0, "max": 15}, "cites": {"score": 0, "max": 25}, "iucn": {"score": 0, "max": 12}, "seizure": {"score": 0, "max": 13}, "geographic": {"score": 2, "max": 10}, "seller": {"score": 0, "max": 10}, "price": {"score": 0, "max": 3}, "image": {"score": 0, "max": 12}}', 0)
ON CONFLICT (listing_id) DO UPDATE SET
  code_word_matches = EXCLUDED.code_word_matches,
  linguistic_risk_score = EXCLUDED.linguistic_risk_score,
  risk_score = EXCLUDED.risk_score,
  alert_tier = EXCLUDED.alert_tier,
  signal_breakdown = EXCLUDED.signal_breakdown;

-- Listing 62: พระบูชาสมัยอยุธยา
INSERT INTO listings (id, scan_job_id, platform, platform_listing_id, title_original, price_amount, price_currency, images, images_local, seller_name, location_text, post_date, platform_category, content_hash, language, triage_passed, triage_reason)
VALUES ('d0000000-0000-0000-0000-000000000062', 'a0000000-0000-0000-0000-000000000001', 'kaidee.com', 'kaidee-369549054', 'พระบูชาสมัยอยุธยา', 555555.0, 'THB', ARRAY['https://img.kaidee.com/prd/20240511/369549054/m/57746480-4029-49b6-8d9a-9c2c1b3efb19.jpg'], ARRAY['/static/images/demo/369549054_0.jpg'], NULL, 'บางพลัด กรุงเทพมหานคร', '2026-03-29 10:00:00', 'amulet-statue', 'ea4837ffd5e48b41', 'th', true, 'high_risk_category')
ON CONFLICT (platform, platform_listing_id) DO UPDATE SET
  title_original = EXCLUDED.title_original,
  price_amount = EXCLUDED.price_amount,
  images = EXCLUDED.images,
  images_local = EXCLUDED.images_local,
  triage_passed = EXCLUDED.triage_passed,
  triage_reason = EXCLUDED.triage_reason;
INSERT INTO listing_analysis (id, listing_id, code_word_matches, linguistic_risk_score, analysis_method, risk_score, alert_tier, signal_breakdown, agreement_bonus)
VALUES ('e0000000-0000-0000-0000-000000000062', 'd0000000-0000-0000-0000-000000000062', '[]', 0.0, 'deterministic', 2, 'clear', '{"code_word": {"score": 0, "max": 15}, "cites": {"score": 0, "max": 25}, "iucn": {"score": 0, "max": 12}, "seizure": {"score": 0, "max": 13}, "geographic": {"score": 2, "max": 10}, "seller": {"score": 0, "max": 10}, "price": {"score": 0, "max": 3}, "image": {"score": 0, "max": 12}}', 0)
ON CONFLICT (listing_id) DO UPDATE SET
  code_word_matches = EXCLUDED.code_word_matches,
  linguistic_risk_score = EXCLUDED.linguistic_risk_score,
  risk_score = EXCLUDED.risk_score,
  alert_tier = EXCLUDED.alert_tier,
  signal_breakdown = EXCLUDED.signal_breakdown;

-- Listing 63: พระบูชาสมัยอยุธยา
INSERT INTO listings (id, scan_job_id, platform, platform_listing_id, title_original, price_amount, price_currency, images, images_local, seller_name, location_text, post_date, platform_category, content_hash, language, triage_passed, triage_reason)
VALUES ('d0000000-0000-0000-0000-000000000063', 'a0000000-0000-0000-0000-000000000001', 'kaidee.com', 'kaidee-369549087', 'พระบูชาสมัยอยุธยา', 450000.0, 'THB', ARRAY['https://img.kaidee.com/prd/20240511/369549087/m/aa38cf4b-6583-4428-a00a-6df4adc66623.jpg'], ARRAY['/static/images/demo/369549087_0.jpg'], NULL, 'บางพลัด กรุงเทพมหานคร', '2026-03-29 10:00:00', 'amulet-statue', 'a4b183458c9ea0c4', 'th', true, 'high_risk_category')
ON CONFLICT (platform, platform_listing_id) DO UPDATE SET
  title_original = EXCLUDED.title_original,
  price_amount = EXCLUDED.price_amount,
  images = EXCLUDED.images,
  images_local = EXCLUDED.images_local,
  triage_passed = EXCLUDED.triage_passed,
  triage_reason = EXCLUDED.triage_reason;
INSERT INTO listing_analysis (id, listing_id, code_word_matches, linguistic_risk_score, analysis_method, risk_score, alert_tier, signal_breakdown, agreement_bonus)
VALUES ('e0000000-0000-0000-0000-000000000063', 'd0000000-0000-0000-0000-000000000063', '[]', 0.0, 'deterministic', 2, 'clear', '{"code_word": {"score": 0, "max": 15}, "cites": {"score": 0, "max": 25}, "iucn": {"score": 0, "max": 12}, "seizure": {"score": 0, "max": 13}, "geographic": {"score": 2, "max": 10}, "seller": {"score": 0, "max": 10}, "price": {"score": 0, "max": 3}, "image": {"score": 0, "max": 12}}', 0)
ON CONFLICT (listing_id) DO UPDATE SET
  code_word_matches = EXCLUDED.code_word_matches,
  linguistic_risk_score = EXCLUDED.linguistic_risk_score,
  risk_score = EXCLUDED.risk_score,
  alert_tier = EXCLUDED.alert_tier,
  signal_breakdown = EXCLUDED.signal_breakdown;

-- Listing 64: พระบูชาเชียงแสน ฝางไชยปราการ
INSERT INTO listings (id, scan_job_id, platform, platform_listing_id, title_original, price_amount, price_currency, images, images_local, seller_name, location_text, post_date, platform_category, content_hash, language, triage_passed, triage_reason)
VALUES ('d0000000-0000-0000-0000-000000000064', 'a0000000-0000-0000-0000-000000000001', 'kaidee.com', 'kaidee-369509215', 'พระบูชาเชียงแสน ฝางไชยปราการ', 500000.0, 'THB', ARRAY['https://img.kaidee.com/prd/20250114/369509215/m/6ba6965a-a964-479c-a936-8804cccc3d00.jpg'], ARRAY['/static/images/demo/369509215_0.jpg'], NULL, 'บางพลัด กรุงเทพมหานคร', '2026-03-29 10:00:00', 'amulet-statue', '1ca6490856d7b38c', 'th', true, 'high_risk_category')
ON CONFLICT (platform, platform_listing_id) DO UPDATE SET
  title_original = EXCLUDED.title_original,
  price_amount = EXCLUDED.price_amount,
  images = EXCLUDED.images,
  images_local = EXCLUDED.images_local,
  triage_passed = EXCLUDED.triage_passed,
  triage_reason = EXCLUDED.triage_reason;
INSERT INTO listing_analysis (id, listing_id, code_word_matches, linguistic_risk_score, analysis_method, risk_score, alert_tier, signal_breakdown, agreement_bonus)
VALUES ('e0000000-0000-0000-0000-000000000064', 'd0000000-0000-0000-0000-000000000064', '[]', 0.0, 'deterministic', 2, 'clear', '{"code_word": {"score": 0, "max": 15}, "cites": {"score": 0, "max": 25}, "iucn": {"score": 0, "max": 12}, "seizure": {"score": 0, "max": 13}, "geographic": {"score": 2, "max": 10}, "seller": {"score": 0, "max": 10}, "price": {"score": 0, "max": 3}, "image": {"score": 0, "max": 12}}', 0)
ON CONFLICT (listing_id) DO UPDATE SET
  code_word_matches = EXCLUDED.code_word_matches,
  linguistic_risk_score = EXCLUDED.linguistic_risk_score,
  risk_score = EXCLUDED.risk_score,
  alert_tier = EXCLUDED.alert_tier,
  signal_breakdown = EXCLUDED.signal_breakdown;

-- Listing 65: พระบูชาสมัยอยุธยา
INSERT INTO listings (id, scan_job_id, platform, platform_listing_id, title_original, price_amount, price_currency, images, images_local, seller_name, location_text, post_date, platform_category, content_hash, language, triage_passed, triage_reason)
VALUES ('d0000000-0000-0000-0000-000000000065', 'a0000000-0000-0000-0000-000000000001', 'kaidee.com', 'kaidee-369549190', 'พระบูชาสมัยอยุธยา', 450000.0, 'THB', ARRAY['https://img.kaidee.com/prd/20240511/369549190/m/e6e4a13c-3455-4449-8514-ed4d44b5386b.jpg'], ARRAY['/static/images/demo/369549190_0.jpg'], NULL, 'บางพลัด กรุงเทพมหานคร', '2026-03-29 10:00:00', 'amulet-statue', 'a4b183458c9ea0c4', 'th', true, 'high_risk_category')
ON CONFLICT (platform, platform_listing_id) DO UPDATE SET
  title_original = EXCLUDED.title_original,
  price_amount = EXCLUDED.price_amount,
  images = EXCLUDED.images,
  images_local = EXCLUDED.images_local,
  triage_passed = EXCLUDED.triage_passed,
  triage_reason = EXCLUDED.triage_reason;
INSERT INTO listing_analysis (id, listing_id, code_word_matches, linguistic_risk_score, analysis_method, risk_score, alert_tier, signal_breakdown, agreement_bonus)
VALUES ('e0000000-0000-0000-0000-000000000065', 'd0000000-0000-0000-0000-000000000065', '[]', 0.0, 'deterministic', 2, 'clear', '{"code_word": {"score": 0, "max": 15}, "cites": {"score": 0, "max": 25}, "iucn": {"score": 0, "max": 12}, "seizure": {"score": 0, "max": 13}, "geographic": {"score": 2, "max": 10}, "seller": {"score": 0, "max": 10}, "price": {"score": 0, "max": 3}, "image": {"score": 0, "max": 12}}', 0)
ON CONFLICT (listing_id) DO UPDATE SET
  code_word_matches = EXCLUDED.code_word_matches,
  linguistic_risk_score = EXCLUDED.linguistic_risk_score,
  risk_score = EXCLUDED.risk_score,
  alert_tier = EXCLUDED.alert_tier,
  signal_breakdown = EXCLUDED.signal_breakdown;

-- Listing 66: พระบูชาสมัยอยุธยา
INSERT INTO listings (id, scan_job_id, platform, platform_listing_id, title_original, price_amount, price_currency, images, images_local, seller_name, location_text, post_date, platform_category, content_hash, language, triage_passed, triage_reason)
VALUES ('d0000000-0000-0000-0000-000000000066', 'a0000000-0000-0000-0000-000000000001', 'kaidee.com', 'kaidee-369549227', 'พระบูชาสมัยอยุธยา', 450000.0, 'THB', ARRAY['https://img.kaidee.com/prd/20240511/369549227/m/10028e20-f1d3-4b13-b8f7-ac8a4161d098.jpg'], ARRAY['/static/images/demo/369549227_0.jpg'], NULL, 'บางพลัด กรุงเทพมหานคร', '2026-03-29 10:00:00', 'amulet-statue', 'a4b183458c9ea0c4', 'th', true, 'high_risk_category')
ON CONFLICT (platform, platform_listing_id) DO UPDATE SET
  title_original = EXCLUDED.title_original,
  price_amount = EXCLUDED.price_amount,
  images = EXCLUDED.images,
  images_local = EXCLUDED.images_local,
  triage_passed = EXCLUDED.triage_passed,
  triage_reason = EXCLUDED.triage_reason;
INSERT INTO listing_analysis (id, listing_id, code_word_matches, linguistic_risk_score, analysis_method, risk_score, alert_tier, signal_breakdown, agreement_bonus)
VALUES ('e0000000-0000-0000-0000-000000000066', 'd0000000-0000-0000-0000-000000000066', '[]', 0.0, 'deterministic', 2, 'clear', '{"code_word": {"score": 0, "max": 15}, "cites": {"score": 0, "max": 25}, "iucn": {"score": 0, "max": 12}, "seizure": {"score": 0, "max": 13}, "geographic": {"score": 2, "max": 10}, "seller": {"score": 0, "max": 10}, "price": {"score": 0, "max": 3}, "image": {"score": 0, "max": 12}}', 0)
ON CONFLICT (listing_id) DO UPDATE SET
  code_word_matches = EXCLUDED.code_word_matches,
  linguistic_risk_score = EXCLUDED.linguistic_risk_score,
  risk_score = EXCLUDED.risk_score,
  alert_tier = EXCLUDED.alert_tier,
  signal_breakdown = EXCLUDED.signal_breakdown;

-- Listing 67: ราคาต่อ 1องค์ พระบูชา หลวงปู่ทวดเนื้อนวะ องค์ใหญ่ เดิมๆเก่าเ
INSERT INTO listings (id, scan_job_id, platform, platform_listing_id, title_original, price_amount, price_currency, images, images_local, seller_name, location_text, post_date, platform_category, content_hash, language, triage_passed, triage_reason)
VALUES ('d0000000-0000-0000-0000-000000000067', 'a0000000-0000-0000-0000-000000000001', 'kaidee.com', 'kaidee-368927141', 'ราคาต่อ 1องค์ พระบูชา หลวงปู่ทวดเนื้อนวะ องค์ใหญ่ เดิมๆเก่าเก็บ เนื้อเดียวกันกับองค์ใหญ่ที่สวนป๋าเปรม สงขลา หายาก สร้างน้อย ราคาต่อ 1 องค์', 130000.0, 'THB', ARRAY['https://img.kaidee.com/prd/20231230/368927141/m/7c949bd4-dc1b-40cc-9a5f-d73d24e70266.jpg'], ARRAY['/static/images/demo/368927141_0.jpg'], NULL, 'หาดใหญ่ สงขลา', '2026-03-29 10:00:00', 'amulet-statue', 'e929b3d6ad078b92', 'th', true, 'high_risk_category')
ON CONFLICT (platform, platform_listing_id) DO UPDATE SET
  title_original = EXCLUDED.title_original,
  price_amount = EXCLUDED.price_amount,
  images = EXCLUDED.images,
  images_local = EXCLUDED.images_local,
  triage_passed = EXCLUDED.triage_passed,
  triage_reason = EXCLUDED.triage_reason;
INSERT INTO listing_analysis (id, listing_id, code_word_matches, linguistic_risk_score, analysis_method, risk_score, alert_tier, signal_breakdown, agreement_bonus)
VALUES ('e0000000-0000-0000-0000-000000000067', 'd0000000-0000-0000-0000-000000000067', '[]', 0.0, 'deterministic', 2, 'clear', '{"code_word": {"score": 0, "max": 15}, "cites": {"score": 0, "max": 25}, "iucn": {"score": 0, "max": 12}, "seizure": {"score": 0, "max": 13}, "geographic": {"score": 2, "max": 10}, "seller": {"score": 0, "max": 10}, "price": {"score": 0, "max": 3}, "image": {"score": 0, "max": 12}}', 0)
ON CONFLICT (listing_id) DO UPDATE SET
  code_word_matches = EXCLUDED.code_word_matches,
  linguistic_risk_score = EXCLUDED.linguistic_risk_score,
  risk_score = EXCLUDED.risk_score,
  alert_tier = EXCLUDED.alert_tier,
  signal_breakdown = EXCLUDED.signal_breakdown;

-- Listing 68: พระเครื่องบูชา
INSERT INTO listings (id, scan_job_id, platform, platform_listing_id, title_original, price_amount, price_currency, images, images_local, seller_name, location_text, post_date, platform_category, content_hash, language, triage_passed, triage_reason)
VALUES ('d0000000-0000-0000-0000-000000000068', 'a0000000-0000-0000-0000-000000000001', 'kaidee.com', 'kaidee-371258660', 'พระเครื่องบูชา', 1500.0, 'THB', ARRAY['https://img.kaidee.com/prd/20260303/371258660/m/5baeba3c-eed1-4eee-8604-f73bd4cd8c37.jpg'], ARRAY['/static/images/demo/371258660_0.jpg'], NULL, 'ปทุมวัน กรุงเทพมหานคร', '2026-03-29 10:00:00', 'amulet-statue', 'dabf8ad897c266a3', 'th', true, 'high_risk_category')
ON CONFLICT (platform, platform_listing_id) DO UPDATE SET
  title_original = EXCLUDED.title_original,
  price_amount = EXCLUDED.price_amount,
  images = EXCLUDED.images,
  images_local = EXCLUDED.images_local,
  triage_passed = EXCLUDED.triage_passed,
  triage_reason = EXCLUDED.triage_reason;
INSERT INTO listing_analysis (id, listing_id, code_word_matches, linguistic_risk_score, analysis_method, risk_score, alert_tier, signal_breakdown, agreement_bonus)
VALUES ('e0000000-0000-0000-0000-000000000068', 'd0000000-0000-0000-0000-000000000068', '[]', 0.0, 'deterministic', 2, 'clear', '{"code_word": {"score": 0, "max": 15}, "cites": {"score": 0, "max": 25}, "iucn": {"score": 0, "max": 12}, "seizure": {"score": 0, "max": 13}, "geographic": {"score": 2, "max": 10}, "seller": {"score": 0, "max": 10}, "price": {"score": 0, "max": 3}, "image": {"score": 0, "max": 12}}', 0)
ON CONFLICT (listing_id) DO UPDATE SET
  code_word_matches = EXCLUDED.code_word_matches,
  linguistic_risk_score = EXCLUDED.linguistic_risk_score,
  risk_score = EXCLUDED.risk_score,
  alert_tier = EXCLUDED.alert_tier,
  signal_breakdown = EXCLUDED.signal_breakdown;

-- Listing 69: ขายพระยุคสมัย
INSERT INTO listings (id, scan_job_id, platform, platform_listing_id, title_original, price_amount, price_currency, images, images_local, seller_name, location_text, post_date, platform_category, content_hash, language, triage_passed, triage_reason)
VALUES ('d0000000-0000-0000-0000-000000000069', 'a0000000-0000-0000-0000-000000000001', 'kaidee.com', 'kaidee-371128826', 'ขายพระยุคสมัย', 120000.0, 'THB', ARRAY['https://img.kaidee.com/prd/20251211/371128826/m/a0c8e130-0a86-49aa-86c5-adc748f2bd8f.jpg'], ARRAY['/static/images/demo/371128826_0.jpg'], NULL, 'ปทุมวัน กรุงเทพมหานคร', '2026-03-29 10:00:00', 'amulet-statue', 'c50acc6dbc07055d', 'th', true, 'high_risk_category')
ON CONFLICT (platform, platform_listing_id) DO UPDATE SET
  title_original = EXCLUDED.title_original,
  price_amount = EXCLUDED.price_amount,
  images = EXCLUDED.images,
  images_local = EXCLUDED.images_local,
  triage_passed = EXCLUDED.triage_passed,
  triage_reason = EXCLUDED.triage_reason;
INSERT INTO listing_analysis (id, listing_id, code_word_matches, linguistic_risk_score, analysis_method, risk_score, alert_tier, signal_breakdown, agreement_bonus)
VALUES ('e0000000-0000-0000-0000-000000000069', 'd0000000-0000-0000-0000-000000000069', '[]', 0.0, 'deterministic', 2, 'clear', '{"code_word": {"score": 0, "max": 15}, "cites": {"score": 0, "max": 25}, "iucn": {"score": 0, "max": 12}, "seizure": {"score": 0, "max": 13}, "geographic": {"score": 2, "max": 10}, "seller": {"score": 0, "max": 10}, "price": {"score": 0, "max": 3}, "image": {"score": 0, "max": 12}}', 0)
ON CONFLICT (listing_id) DO UPDATE SET
  code_word_matches = EXCLUDED.code_word_matches,
  linguistic_risk_score = EXCLUDED.linguistic_risk_score,
  risk_score = EXCLUDED.risk_score,
  alert_tier = EXCLUDED.alert_tier,
  signal_breakdown = EXCLUDED.signal_breakdown;

-- Listing 70: พระบูชา “พระไพรีพินาศ ” หน้าตัก 3 นิ้ว เนื้อสัมฤทธิ์ ปิดทอง 
INSERT INTO listings (id, scan_job_id, platform, platform_listing_id, title_original, price_amount, price_currency, images, images_local, seller_name, location_text, post_date, platform_category, content_hash, language, triage_passed, triage_reason)
VALUES ('d0000000-0000-0000-0000-000000000070', 'a0000000-0000-0000-0000-000000000001', 'kaidee.com', 'kaidee-370996728', 'พระบูชา “พระไพรีพินาศ ” หน้าตัก 3 นิ้ว เนื้อสัมฤทธิ์ ปิดทอง ที่ระลึก 72 พรรษา รัชกาลที่ 9 วัดบวรนิเวศวิหาร ปี 2542', 2700.0, 'THB', ARRAY['https://img.kaidee.com/prd/20250929/370996728/m/3a2e3d80-0ec6-4820-9393-4dccff84f9d5.jpg'], ARRAY['/static/images/demo/370996728_0.jpg'], NULL, 'เมืองสมุทรปราการ สมุทรปราการ', '2026-03-29 10:00:00', 'amulet-statue', 'c12242aedb1ec5cb', 'th', true, 'high_risk_category')
ON CONFLICT (platform, platform_listing_id) DO UPDATE SET
  title_original = EXCLUDED.title_original,
  price_amount = EXCLUDED.price_amount,
  images = EXCLUDED.images,
  images_local = EXCLUDED.images_local,
  triage_passed = EXCLUDED.triage_passed,
  triage_reason = EXCLUDED.triage_reason;
INSERT INTO listing_analysis (id, listing_id, code_word_matches, linguistic_risk_score, analysis_method, risk_score, alert_tier, signal_breakdown, agreement_bonus)
VALUES ('e0000000-0000-0000-0000-000000000070', 'd0000000-0000-0000-0000-000000000070', '[]', 0.0, 'deterministic', 2, 'clear', '{"code_word": {"score": 0, "max": 15}, "cites": {"score": 0, "max": 25}, "iucn": {"score": 0, "max": 12}, "seizure": {"score": 0, "max": 13}, "geographic": {"score": 2, "max": 10}, "seller": {"score": 0, "max": 10}, "price": {"score": 0, "max": 3}, "image": {"score": 0, "max": 12}}', 0)
ON CONFLICT (listing_id) DO UPDATE SET
  code_word_matches = EXCLUDED.code_word_matches,
  linguistic_risk_score = EXCLUDED.linguistic_risk_score,
  risk_score = EXCLUDED.risk_score,
  alert_tier = EXCLUDED.alert_tier,
  signal_breakdown = EXCLUDED.signal_breakdown;

-- Listing 71: พระไพรีพินาศ ๘๐ พรรษา ญสส "ชุดเนื้อเงิน - นวะโลหะ - สำริด วั
INSERT INTO listings (id, scan_job_id, platform, platform_listing_id, title_original, price_amount, price_currency, images, images_local, seller_name, location_text, post_date, platform_category, content_hash, language, triage_passed, triage_reason)
VALUES ('d0000000-0000-0000-0000-000000000071', 'a0000000-0000-0000-0000-000000000001', 'kaidee.com', 'kaidee-370997024', 'พระไพรีพินาศ ๘๐ พรรษา ญสส "ชุดเนื้อเงิน - นวะโลหะ - สำริด วัดบวรนิเวศวิหาร ปี2536 พร้อมกล่องเดิม', 1700.0, 'THB', ARRAY['https://img.kaidee.com/prd/20250929/370997024/m/38ea3af3-68ea-4c72-8c0c-e722170faee9.jpg'], ARRAY['/static/images/demo/370997024_0.jpg'], NULL, 'เมืองสมุทรปราการ สมุทรปราการ', '2026-03-29 10:00:00', 'amulet-statue', '08fe170cbb40939c', 'th', true, 'high_risk_category')
ON CONFLICT (platform, platform_listing_id) DO UPDATE SET
  title_original = EXCLUDED.title_original,
  price_amount = EXCLUDED.price_amount,
  images = EXCLUDED.images,
  images_local = EXCLUDED.images_local,
  triage_passed = EXCLUDED.triage_passed,
  triage_reason = EXCLUDED.triage_reason;
INSERT INTO listing_analysis (id, listing_id, code_word_matches, linguistic_risk_score, analysis_method, risk_score, alert_tier, signal_breakdown, agreement_bonus)
VALUES ('e0000000-0000-0000-0000-000000000071', 'd0000000-0000-0000-0000-000000000071', '[]', 0.0, 'deterministic', 2, 'clear', '{"code_word": {"score": 0, "max": 15}, "cites": {"score": 0, "max": 25}, "iucn": {"score": 0, "max": 12}, "seizure": {"score": 0, "max": 13}, "geographic": {"score": 2, "max": 10}, "seller": {"score": 0, "max": 10}, "price": {"score": 0, "max": 3}, "image": {"score": 0, "max": 12}}', 0)
ON CONFLICT (listing_id) DO UPDATE SET
  code_word_matches = EXCLUDED.code_word_matches,
  linguistic_risk_score = EXCLUDED.linguistic_risk_score,
  risk_score = EXCLUDED.risk_score,
  alert_tier = EXCLUDED.alert_tier,
  signal_breakdown = EXCLUDED.signal_breakdown;

-- Listing 72: ขายที่ดินสวยมาก  หมู่บ้านภูนภารีสอร์ท 108 ตรว. มวกเหล็ก
INSERT INTO listings (id, scan_job_id, platform, platform_listing_id, title_original, price_amount, price_currency, images, images_local, seller_name, location_text, post_date, platform_category, content_hash, language, triage_passed, triage_reason)
VALUES ('d0000000-0000-0000-0000-000000000072', 'a0000000-0000-0000-0000-000000000001', 'kaidee.com', 'kaidee-371251749', 'ขายที่ดินสวยมาก  หมู่บ้านภูนภารีสอร์ท 108 ตรว. มวกเหล็ก', NULL, 'THB', ARRAY['https://img.kaidee.com/prd/20260226/371251749/m/24383e0d-3311-4f0f-acc7-df1f9a7a71d8.jpg'], ARRAY['/static/images/demo/371251749_0.jpg'], NULL, NULL, '2026-03-29 10:00:00', 'collectibles', '4210c9634079460c', 'th', true, 'high_risk_category')
ON CONFLICT (platform, platform_listing_id) DO UPDATE SET
  title_original = EXCLUDED.title_original,
  price_amount = EXCLUDED.price_amount,
  images = EXCLUDED.images,
  images_local = EXCLUDED.images_local,
  triage_passed = EXCLUDED.triage_passed,
  triage_reason = EXCLUDED.triage_reason;
INSERT INTO listing_analysis (id, listing_id, code_word_matches, linguistic_risk_score, analysis_method, risk_score, alert_tier, signal_breakdown, agreement_bonus)
VALUES ('e0000000-0000-0000-0000-000000000072', 'd0000000-0000-0000-0000-000000000072', '[]', 0.0, 'deterministic', 2, 'clear', '{"code_word": {"score": 0, "max": 15}, "cites": {"score": 0, "max": 25}, "iucn": {"score": 0, "max": 12}, "seizure": {"score": 0, "max": 13}, "geographic": {"score": 2, "max": 10}, "seller": {"score": 0, "max": 10}, "price": {"score": 0, "max": 3}, "image": {"score": 0, "max": 12}}', 0)
ON CONFLICT (listing_id) DO UPDATE SET
  code_word_matches = EXCLUDED.code_word_matches,
  linguistic_risk_score = EXCLUDED.linguistic_risk_score,
  risk_score = EXCLUDED.risk_score,
  alert_tier = EXCLUDED.alert_tier,
  signal_breakdown = EXCLUDED.signal_breakdown;

-- Listing 73: ขายที่ดินทำเลทอง พร้อมสิ่งปลูกสร้าง (บ้านเก่า) ใจกลางกรุงเทพ
INSERT INTO listings (id, scan_job_id, platform, platform_listing_id, title_original, price_amount, price_currency, images, images_local, seller_name, location_text, post_date, platform_category, content_hash, language, triage_passed, triage_reason)
VALUES ('d0000000-0000-0000-0000-000000000073', 'a0000000-0000-0000-0000-000000000001', 'kaidee.com', 'kaidee-368060406', 'ขายที่ดินทำเลทอง พร้อมสิ่งปลูกสร้าง (บ้านเก่า) ใจกลางกรุงเทพฯ ใกล้ BTS', NULL, 'THB', ARRAY['https://img.kaidee.com/prd/20230621/368060406/m/ae001dab-7800-4e03-800c-8feb99e037cb.jpg'], ARRAY['/static/images/demo/368060406_0.jpg'], NULL, NULL, '2026-03-29 10:00:00', 'collectibles', '9ff449e9880536fb', 'th', true, 'high_risk_category')
ON CONFLICT (platform, platform_listing_id) DO UPDATE SET
  title_original = EXCLUDED.title_original,
  price_amount = EXCLUDED.price_amount,
  images = EXCLUDED.images,
  images_local = EXCLUDED.images_local,
  triage_passed = EXCLUDED.triage_passed,
  triage_reason = EXCLUDED.triage_reason;
INSERT INTO listing_analysis (id, listing_id, code_word_matches, linguistic_risk_score, analysis_method, risk_score, alert_tier, signal_breakdown, agreement_bonus)
VALUES ('e0000000-0000-0000-0000-000000000073', 'd0000000-0000-0000-0000-000000000073', '[]', 0.0, 'deterministic', 2, 'clear', '{"code_word": {"score": 0, "max": 15}, "cites": {"score": 0, "max": 25}, "iucn": {"score": 0, "max": 12}, "seizure": {"score": 0, "max": 13}, "geographic": {"score": 2, "max": 10}, "seller": {"score": 0, "max": 10}, "price": {"score": 0, "max": 3}, "image": {"score": 0, "max": 12}}', 0)
ON CONFLICT (listing_id) DO UPDATE SET
  code_word_matches = EXCLUDED.code_word_matches,
  linguistic_risk_score = EXCLUDED.linguistic_risk_score,
  risk_score = EXCLUDED.risk_score,
  alert_tier = EXCLUDED.alert_tier,
  signal_breakdown = EXCLUDED.signal_breakdown;

-- Listing 74: ขายที่ดินเปล่า 1 ไร่
INSERT INTO listings (id, scan_job_id, platform, platform_listing_id, title_original, price_amount, price_currency, images, images_local, seller_name, location_text, post_date, platform_category, content_hash, language, triage_passed, triage_reason)
VALUES ('d0000000-0000-0000-0000-000000000074', 'a0000000-0000-0000-0000-000000000001', 'kaidee.com', 'kaidee-371300223', 'ขายที่ดินเปล่า 1 ไร่', NULL, 'THB', ARRAY['https://img.kaidee.com/prd/20260329/371300223/m/8a538cf2-ed5e-45ab-b58f-e8d4dac3f71a.jpg'], ARRAY['/static/images/demo/371300223_0.jpg'], NULL, NULL, '2026-03-29 10:00:00', 'collectibles', '5ec3c0f8f74781db', 'th', true, 'high_risk_category')
ON CONFLICT (platform, platform_listing_id) DO UPDATE SET
  title_original = EXCLUDED.title_original,
  price_amount = EXCLUDED.price_amount,
  images = EXCLUDED.images,
  images_local = EXCLUDED.images_local,
  triage_passed = EXCLUDED.triage_passed,
  triage_reason = EXCLUDED.triage_reason;
INSERT INTO listing_analysis (id, listing_id, code_word_matches, linguistic_risk_score, analysis_method, risk_score, alert_tier, signal_breakdown, agreement_bonus)
VALUES ('e0000000-0000-0000-0000-000000000074', 'd0000000-0000-0000-0000-000000000074', '[]', 0.0, 'deterministic', 2, 'clear', '{"code_word": {"score": 0, "max": 15}, "cites": {"score": 0, "max": 25}, "iucn": {"score": 0, "max": 12}, "seizure": {"score": 0, "max": 13}, "geographic": {"score": 2, "max": 10}, "seller": {"score": 0, "max": 10}, "price": {"score": 0, "max": 3}, "image": {"score": 0, "max": 12}}', 0)
ON CONFLICT (listing_id) DO UPDATE SET
  code_word_matches = EXCLUDED.code_word_matches,
  linguistic_risk_score = EXCLUDED.linguistic_risk_score,
  risk_score = EXCLUDED.risk_score,
  alert_tier = EXCLUDED.alert_tier,
  signal_breakdown = EXCLUDED.signal_breakdown;

-- Listing 75: ขายที่ดิน4ไร่ใจกลางEEC(หรือยกแปลง11ไร่)
INSERT INTO listings (id, scan_job_id, platform, platform_listing_id, title_original, price_amount, price_currency, images, images_local, seller_name, location_text, post_date, platform_category, content_hash, language, triage_passed, triage_reason)
VALUES ('d0000000-0000-0000-0000-000000000075', 'a0000000-0000-0000-0000-000000000001', 'kaidee.com', 'kaidee-370752147', 'ขายที่ดิน4ไร่ใจกลางEEC(หรือยกแปลง11ไร่)', NULL, 'THB', ARRAY['https://img.kaidee.com/prd/20250531/370752147/m/c4599e51-c1cc-4be4-8c71-6b29dcf6b08f.jpg'], ARRAY['/static/images/demo/370752147_0.jpg'], NULL, NULL, '2026-03-29 10:00:00', 'collectibles', 'e031d58bd1b482df', 'th', true, 'high_risk_category')
ON CONFLICT (platform, platform_listing_id) DO UPDATE SET
  title_original = EXCLUDED.title_original,
  price_amount = EXCLUDED.price_amount,
  images = EXCLUDED.images,
  images_local = EXCLUDED.images_local,
  triage_passed = EXCLUDED.triage_passed,
  triage_reason = EXCLUDED.triage_reason;
INSERT INTO listing_analysis (id, listing_id, code_word_matches, linguistic_risk_score, analysis_method, risk_score, alert_tier, signal_breakdown, agreement_bonus)
VALUES ('e0000000-0000-0000-0000-000000000075', 'd0000000-0000-0000-0000-000000000075', '[]', 0.0, 'deterministic', 2, 'clear', '{"code_word": {"score": 0, "max": 15}, "cites": {"score": 0, "max": 25}, "iucn": {"score": 0, "max": 12}, "seizure": {"score": 0, "max": 13}, "geographic": {"score": 2, "max": 10}, "seller": {"score": 0, "max": 10}, "price": {"score": 0, "max": 3}, "image": {"score": 0, "max": 12}}', 0)
ON CONFLICT (listing_id) DO UPDATE SET
  code_word_matches = EXCLUDED.code_word_matches,
  linguistic_risk_score = EXCLUDED.linguistic_risk_score,
  risk_score = EXCLUDED.risk_score,
  alert_tier = EXCLUDED.alert_tier,
  signal_breakdown = EXCLUDED.signal_breakdown;

-- Listing 76: ที่ดินเปล่า 359.1 ตร.ว. ที่ดิน ถนนรามคำแหง ที่ดินใกล้แยกลำสา
INSERT INTO listings (id, scan_job_id, platform, platform_listing_id, title_original, price_amount, price_currency, images, images_local, seller_name, location_text, post_date, platform_category, content_hash, language, triage_passed, triage_reason)
VALUES ('d0000000-0000-0000-0000-000000000076', 'a0000000-0000-0000-0000-000000000001', 'kaidee.com', 'kaidee-371258363', 'ที่ดินเปล่า 359.1 ตร.ว. ที่ดิน ถนนรามคำแหง ที่ดินใกล้แยกลำสาลี ที่ดินติดซอยรามคำแหง95 ติดสถานีรถไฟฟ้าสายสีส้ม สถานีแยกลำสาลี', NULL, 'THB', ARRAY['https://img.kaidee.com/prd/20260303/371258363/m/af69789e-fe3d-4f32-a333-1731d0c2bbea.jpg'], ARRAY['/static/images/demo/371258363_0.jpg'], NULL, NULL, '2026-03-29 10:00:00', 'collectibles', '34e3e6117637b4e4', 'th', true, 'high_risk_category')
ON CONFLICT (platform, platform_listing_id) DO UPDATE SET
  title_original = EXCLUDED.title_original,
  price_amount = EXCLUDED.price_amount,
  images = EXCLUDED.images,
  images_local = EXCLUDED.images_local,
  triage_passed = EXCLUDED.triage_passed,
  triage_reason = EXCLUDED.triage_reason;
INSERT INTO listing_analysis (id, listing_id, code_word_matches, linguistic_risk_score, analysis_method, risk_score, alert_tier, signal_breakdown, agreement_bonus)
VALUES ('e0000000-0000-0000-0000-000000000076', 'd0000000-0000-0000-0000-000000000076', '[]', 0.0, 'deterministic', 2, 'clear', '{"code_word": {"score": 0, "max": 15}, "cites": {"score": 0, "max": 25}, "iucn": {"score": 0, "max": 12}, "seizure": {"score": 0, "max": 13}, "geographic": {"score": 2, "max": 10}, "seller": {"score": 0, "max": 10}, "price": {"score": 0, "max": 3}, "image": {"score": 0, "max": 12}}', 0)
ON CONFLICT (listing_id) DO UPDATE SET
  code_word_matches = EXCLUDED.code_word_matches,
  linguistic_risk_score = EXCLUDED.linguistic_risk_score,
  risk_score = EXCLUDED.risk_score,
  alert_tier = EXCLUDED.alert_tier,
  signal_breakdown = EXCLUDED.signal_breakdown;

-- Listing 77: ที่ดิน แถมบ้าน 115 ตร.ว. ที่ดินแถมบ้าน ปากซอยลาดกระบัง14-1 ซ
INSERT INTO listings (id, scan_job_id, platform, platform_listing_id, title_original, price_amount, price_currency, images, images_local, seller_name, location_text, post_date, platform_category, content_hash, language, triage_passed, triage_reason)
VALUES ('d0000000-0000-0000-0000-000000000077', 'a0000000-0000-0000-0000-000000000001', 'kaidee.com', 'kaidee-371269563', 'ที่ดิน แถมบ้าน 115 ตร.ว. ที่ดินแถมบ้าน ปากซอยลาดกระบัง14-1 ซอยราชา1 ถนนลาดกระบัง ถนนลาดกระบัง14-1 บางพลี สมุทรปราการ', NULL, 'THB', ARRAY['https://img.kaidee.com/prd/20260310/371269563/m/668b8414-0f14-46d5-a7ee-e795328707af.jpg'], ARRAY['/static/images/demo/371269563_0.jpg'], NULL, NULL, '2026-03-29 10:00:00', 'collectibles', 'c832b9dc35f82832', 'th', true, 'code_word_match')
ON CONFLICT (platform, platform_listing_id) DO UPDATE SET
  title_original = EXCLUDED.title_original,
  price_amount = EXCLUDED.price_amount,
  images = EXCLUDED.images,
  images_local = EXCLUDED.images_local,
  triage_passed = EXCLUDED.triage_passed,
  triage_reason = EXCLUDED.triage_reason;
INSERT INTO listing_analysis (id, listing_id, code_word_matches, linguistic_risk_score, analysis_method, risk_score, alert_tier, signal_breakdown, agreement_bonus)
VALUES ('e0000000-0000-0000-0000-000000000077', 'd0000000-0000-0000-0000-000000000077', '[]', 0.0, 'deterministic', 2, 'clear', '{"code_word": {"score": 0, "max": 15}, "cites": {"score": 0, "max": 25}, "iucn": {"score": 0, "max": 12}, "seizure": {"score": 0, "max": 13}, "geographic": {"score": 2, "max": 10}, "seller": {"score": 0, "max": 10}, "price": {"score": 0, "max": 3}, "image": {"score": 0, "max": 12}}', 0)
ON CONFLICT (listing_id) DO UPDATE SET
  code_word_matches = EXCLUDED.code_word_matches,
  linguistic_risk_score = EXCLUDED.linguistic_risk_score,
  risk_score = EXCLUDED.risk_score,
  alert_tier = EXCLUDED.alert_tier,
  signal_breakdown = EXCLUDED.signal_breakdown;

-- Listing 78: ที่ดินเปล่า 100 ตร.ว. ที่ดินเปล่า ซอยรามอินทรา64 ซอยสวนสยาม1
INSERT INTO listings (id, scan_job_id, platform, platform_listing_id, title_original, price_amount, price_currency, images, images_local, seller_name, location_text, post_date, platform_category, content_hash, language, triage_passed, triage_reason)
VALUES ('d0000000-0000-0000-0000-000000000078', 'a0000000-0000-0000-0000-000000000001', 'kaidee.com', 'kaidee-371235239', 'ที่ดินเปล่า 100 ตร.ว. ที่ดินเปล่า ซอยรามอินทรา64 ซอยสวนสยาม16 แยก3 ใกล้ห้างแฟชั่นไอส์แลนด์ ถนนรามอินทรา ถนนสวนสยาม เขตคันนายาว กรุงเทพ', NULL, 'THB', ARRAY['https://img.kaidee.com/prd/20260219/371235239/m/1402404a-21e5-4a9a-964a-a6170baee5be.jpg'], ARRAY['/static/images/demo/371235239_0.jpg'], NULL, NULL, '2026-03-29 10:00:00', 'collectibles', 'ac4a00661b01cf5c', 'th', true, 'high_risk_category')
ON CONFLICT (platform, platform_listing_id) DO UPDATE SET
  title_original = EXCLUDED.title_original,
  price_amount = EXCLUDED.price_amount,
  images = EXCLUDED.images,
  images_local = EXCLUDED.images_local,
  triage_passed = EXCLUDED.triage_passed,
  triage_reason = EXCLUDED.triage_reason;
INSERT INTO listing_analysis (id, listing_id, code_word_matches, linguistic_risk_score, analysis_method, risk_score, alert_tier, signal_breakdown, agreement_bonus)
VALUES ('e0000000-0000-0000-0000-000000000078', 'd0000000-0000-0000-0000-000000000078', '[]', 0.0, 'deterministic', 2, 'clear', '{"code_word": {"score": 0, "max": 15}, "cites": {"score": 0, "max": 25}, "iucn": {"score": 0, "max": 12}, "seizure": {"score": 0, "max": 13}, "geographic": {"score": 2, "max": 10}, "seller": {"score": 0, "max": 10}, "price": {"score": 0, "max": 3}, "image": {"score": 0, "max": 12}}', 0)
ON CONFLICT (listing_id) DO UPDATE SET
  code_word_matches = EXCLUDED.code_word_matches,
  linguistic_risk_score = EXCLUDED.linguistic_risk_score,
  risk_score = EXCLUDED.risk_score,
  alert_tier = EXCLUDED.alert_tier,
  signal_breakdown = EXCLUDED.signal_breakdown;

-- Listing 79: ที่ดินเปล่า 444 ตร.ว. ที่ดิน ซอยติวานนท์32 ถนนติวานนท์ ถนนแจ
INSERT INTO listings (id, scan_job_id, platform, platform_listing_id, title_original, price_amount, price_currency, images, images_local, seller_name, location_text, post_date, platform_category, content_hash, language, triage_passed, triage_reason)
VALUES ('d0000000-0000-0000-0000-000000000079', 'a0000000-0000-0000-0000-000000000001', 'kaidee.com', 'kaidee-370832307', 'ที่ดินเปล่า 444 ตร.ว. ที่ดิน ซอยติวานนท์32 ถนนติวานนท์ ถนนแจ้งวัฒนะ เมืองนนทบุรี นนทบุรี', NULL, 'THB', ARRAY['https://img.kaidee.com/prd/20250708/370832307/m/3aacec5b-9e16-499e-981b-2d2098a23079.jpg'], ARRAY['/static/images/demo/370832307_0.jpg'], NULL, NULL, '2026-03-29 10:00:00', 'collectibles', 'b1dc0fa649a42fd9', 'th', true, 'high_risk_category')
ON CONFLICT (platform, platform_listing_id) DO UPDATE SET
  title_original = EXCLUDED.title_original,
  price_amount = EXCLUDED.price_amount,
  images = EXCLUDED.images,
  images_local = EXCLUDED.images_local,
  triage_passed = EXCLUDED.triage_passed,
  triage_reason = EXCLUDED.triage_reason;
INSERT INTO listing_analysis (id, listing_id, code_word_matches, linguistic_risk_score, analysis_method, risk_score, alert_tier, signal_breakdown, agreement_bonus)
VALUES ('e0000000-0000-0000-0000-000000000079', 'd0000000-0000-0000-0000-000000000079', '[]', 0.0, 'deterministic', 2, 'clear', '{"code_word": {"score": 0, "max": 15}, "cites": {"score": 0, "max": 25}, "iucn": {"score": 0, "max": 12}, "seizure": {"score": 0, "max": 13}, "geographic": {"score": 2, "max": 10}, "seller": {"score": 0, "max": 10}, "price": {"score": 0, "max": 3}, "image": {"score": 0, "max": 12}}', 0)
ON CONFLICT (listing_id) DO UPDATE SET
  code_word_matches = EXCLUDED.code_word_matches,
  linguistic_risk_score = EXCLUDED.linguistic_risk_score,
  risk_score = EXCLUDED.risk_score,
  alert_tier = EXCLUDED.alert_tier,
  signal_breakdown = EXCLUDED.signal_breakdown;

-- Listing 80: ที่ดินเปล่า 80 ตร.ว. ที่ดิน ซอยพัฒนาชุมชน10 ใกล้แม็คโคร ศรีน
INSERT INTO listings (id, scan_job_id, platform, platform_listing_id, title_original, price_amount, price_currency, images, images_local, seller_name, location_text, post_date, platform_category, content_hash, language, triage_passed, triage_reason)
VALUES ('d0000000-0000-0000-0000-000000000080', 'a0000000-0000-0000-0000-000000000001', 'kaidee.com', 'kaidee-371283059', 'ที่ดินเปล่า 80 ตร.ว. ที่ดิน ซอยพัฒนาชุมชน10 ใกล้แม็คโคร ศรีนครินทร์ ถนนศรีนครินทร์ บางพลี สมุทรปราการ', NULL, 'THB', ARRAY['https://img.kaidee.com/prd/20260318/371283059/m/7df7335f-b9db-43fb-840c-33e4421c1299.jpg'], ARRAY['/static/images/demo/371283059_0.jpg'], NULL, NULL, '2026-03-29 10:00:00', 'collectibles', '9bfa2f874cbdf734', 'th', true, 'high_risk_category')
ON CONFLICT (platform, platform_listing_id) DO UPDATE SET
  title_original = EXCLUDED.title_original,
  price_amount = EXCLUDED.price_amount,
  images = EXCLUDED.images,
  images_local = EXCLUDED.images_local,
  triage_passed = EXCLUDED.triage_passed,
  triage_reason = EXCLUDED.triage_reason;
INSERT INTO listing_analysis (id, listing_id, code_word_matches, linguistic_risk_score, analysis_method, risk_score, alert_tier, signal_breakdown, agreement_bonus)
VALUES ('e0000000-0000-0000-0000-000000000080', 'd0000000-0000-0000-0000-000000000080', '[]', 0.0, 'deterministic', 2, 'clear', '{"code_word": {"score": 0, "max": 15}, "cites": {"score": 0, "max": 25}, "iucn": {"score": 0, "max": 12}, "seizure": {"score": 0, "max": 13}, "geographic": {"score": 2, "max": 10}, "seller": {"score": 0, "max": 10}, "price": {"score": 0, "max": 3}, "image": {"score": 0, "max": 12}}', 0)
ON CONFLICT (listing_id) DO UPDATE SET
  code_word_matches = EXCLUDED.code_word_matches,
  linguistic_risk_score = EXCLUDED.linguistic_risk_score,
  risk_score = EXCLUDED.risk_score,
  alert_tier = EXCLUDED.alert_tier,
  signal_breakdown = EXCLUDED.signal_breakdown;

-- Listing 81: 🎉ขายที่ดินบ้านฉาง ระยอง ใกล้สนามบินอู่ตะเภา 6 ไร่ 89 ตร.ว 65
INSERT INTO listings (id, scan_job_id, platform, platform_listing_id, title_original, price_amount, price_currency, images, images_local, seller_name, location_text, post_date, platform_category, content_hash, language, triage_passed, triage_reason)
VALUES ('d0000000-0000-0000-0000-000000000081', 'a0000000-0000-0000-0000-000000000001', 'kaidee.com', 'kaidee-367577196', '🎉ขายที่ดินบ้านฉาง ระยอง ใกล้สนามบินอู่ตะเภา 6 ไร่ 89 ตร.ว 65 ล้านบาท', NULL, 'THB', ARRAY['https://img.kaidee.com/prd/20230227/367577196/m/7a83e850-dc29-48a0-ac19-9ce038fef91d.jpg'], ARRAY['/static/images/demo/367577196_0.jpg'], NULL, NULL, '2026-03-29 10:00:00', 'collectibles', '10cf0e86c8371349', 'th', true, 'high_risk_category')
ON CONFLICT (platform, platform_listing_id) DO UPDATE SET
  title_original = EXCLUDED.title_original,
  price_amount = EXCLUDED.price_amount,
  images = EXCLUDED.images,
  images_local = EXCLUDED.images_local,
  triage_passed = EXCLUDED.triage_passed,
  triage_reason = EXCLUDED.triage_reason;
INSERT INTO listing_analysis (id, listing_id, code_word_matches, linguistic_risk_score, analysis_method, risk_score, alert_tier, signal_breakdown, agreement_bonus)
VALUES ('e0000000-0000-0000-0000-000000000081', 'd0000000-0000-0000-0000-000000000081', '[]', 0.0, 'deterministic', 2, 'clear', '{"code_word": {"score": 0, "max": 15}, "cites": {"score": 0, "max": 25}, "iucn": {"score": 0, "max": 12}, "seizure": {"score": 0, "max": 13}, "geographic": {"score": 2, "max": 10}, "seller": {"score": 0, "max": 10}, "price": {"score": 0, "max": 3}, "image": {"score": 0, "max": 12}}', 0)
ON CONFLICT (listing_id) DO UPDATE SET
  code_word_matches = EXCLUDED.code_word_matches,
  linguistic_risk_score = EXCLUDED.linguistic_risk_score,
  risk_score = EXCLUDED.risk_score,
  alert_tier = EXCLUDED.alert_tier,
  signal_breakdown = EXCLUDED.signal_breakdown;

-- Listing 82: 🎊ที่ดินสวย 303 ตร.ว ใจกลางพิษณุโลกใกล้เซ็นทรัล✨ 6.5 ล้าน
INSERT INTO listings (id, scan_job_id, platform, platform_listing_id, title_original, price_amount, price_currency, images, images_local, seller_name, location_text, post_date, platform_category, content_hash, language, triage_passed, triage_reason)
VALUES ('d0000000-0000-0000-0000-000000000082', 'a0000000-0000-0000-0000-000000000001', 'kaidee.com', 'kaidee-367576689', '🎊ที่ดินสวย 303 ตร.ว ใจกลางพิษณุโลกใกล้เซ็นทรัล✨ 6.5 ล้าน', NULL, 'THB', ARRAY['https://img.kaidee.com/prd/20231126/367576689/m/92e00863-4021-4d21-8472-d343ec6bccd0.jpg'], ARRAY['/static/images/demo/367576689_0.jpg'], NULL, NULL, '2026-03-29 10:00:00', 'collectibles', '1873cbc2cf849944', 'th', true, 'high_risk_category')
ON CONFLICT (platform, platform_listing_id) DO UPDATE SET
  title_original = EXCLUDED.title_original,
  price_amount = EXCLUDED.price_amount,
  images = EXCLUDED.images,
  images_local = EXCLUDED.images_local,
  triage_passed = EXCLUDED.triage_passed,
  triage_reason = EXCLUDED.triage_reason;
INSERT INTO listing_analysis (id, listing_id, code_word_matches, linguistic_risk_score, analysis_method, risk_score, alert_tier, signal_breakdown, agreement_bonus)
VALUES ('e0000000-0000-0000-0000-000000000082', 'd0000000-0000-0000-0000-000000000082', '[]', 0.0, 'deterministic', 2, 'clear', '{"code_word": {"score": 0, "max": 15}, "cites": {"score": 0, "max": 25}, "iucn": {"score": 0, "max": 12}, "seizure": {"score": 0, "max": 13}, "geographic": {"score": 2, "max": 10}, "seller": {"score": 0, "max": 10}, "price": {"score": 0, "max": 3}, "image": {"score": 0, "max": 12}}', 0)
ON CONFLICT (listing_id) DO UPDATE SET
  code_word_matches = EXCLUDED.code_word_matches,
  linguistic_risk_score = EXCLUDED.linguistic_risk_score,
  risk_score = EXCLUDED.risk_score,
  alert_tier = EXCLUDED.alert_tier,
  signal_breakdown = EXCLUDED.signal_breakdown;

-- Listing 83: 🌟 Prime Land ศรีราชาฝั่งทะเล — ที่ดินแปลงใหญ่เกือบไร่ครึ่งใก
INSERT INTO listings (id, scan_job_id, platform, platform_listing_id, title_original, price_amount, price_currency, images, images_local, seller_name, location_text, post_date, platform_category, content_hash, language, triage_passed, triage_reason)
VALUES ('d0000000-0000-0000-0000-000000000083', 'a0000000-0000-0000-0000-000000000001', 'kaidee.com', 'kaidee-367573196', '🌟 Prime Land ศรีราชาฝั่งทะเล — ที่ดินแปลงใหญ่เกือบไร่ครึ่งใกล้สุขุมวิท', NULL, 'THB', ARRAY['https://img.kaidee.com/prd/20260219/367573196/m/4cdcf4f6-6b37-4ba5-b900-a518d74e32b7.jpg'], ARRAY['/static/images/demo/367573196_0.jpg'], NULL, NULL, '2026-03-29 10:00:00', 'collectibles', '790b66626fba7da8', 'th', true, 'high_risk_category')
ON CONFLICT (platform, platform_listing_id) DO UPDATE SET
  title_original = EXCLUDED.title_original,
  price_amount = EXCLUDED.price_amount,
  images = EXCLUDED.images,
  images_local = EXCLUDED.images_local,
  triage_passed = EXCLUDED.triage_passed,
  triage_reason = EXCLUDED.triage_reason;
INSERT INTO listing_analysis (id, listing_id, code_word_matches, linguistic_risk_score, analysis_method, risk_score, alert_tier, signal_breakdown, agreement_bonus)
VALUES ('e0000000-0000-0000-0000-000000000083', 'd0000000-0000-0000-0000-000000000083', '[]', 0.0, 'deterministic', 2, 'clear', '{"code_word": {"score": 0, "max": 15}, "cites": {"score": 0, "max": 25}, "iucn": {"score": 0, "max": 12}, "seizure": {"score": 0, "max": 13}, "geographic": {"score": 2, "max": 10}, "seller": {"score": 0, "max": 10}, "price": {"score": 0, "max": 3}, "image": {"score": 0, "max": 12}}', 0)
ON CONFLICT (listing_id) DO UPDATE SET
  code_word_matches = EXCLUDED.code_word_matches,
  linguistic_risk_score = EXCLUDED.linguistic_risk_score,
  risk_score = EXCLUDED.risk_score,
  alert_tier = EXCLUDED.alert_tier,
  signal_breakdown = EXCLUDED.signal_breakdown;

-- Listing 84: ซ.ลาดพร้าว 88-1(88ทับหนึ่ง) ราคาต่อรองได้ แบ่งขายที่ดิน 300 
INSERT INTO listings (id, scan_job_id, platform, platform_listing_id, title_original, price_amount, price_currency, images, images_local, seller_name, location_text, post_date, platform_category, content_hash, language, triage_passed, triage_reason)
VALUES ('d0000000-0000-0000-0000-000000000084', 'a0000000-0000-0000-0000-000000000001', 'kaidee.com', 'kaidee-367585473', 'ซ.ลาดพร้าว 88-1(88ทับหนึ่ง) ราคาต่อรองได้ แบ่งขายที่ดิน 300 ตรว. ซอยกว้าง เข้าซอยไปประมาณ 50 เมตร ใกล้เลียบด่วน', NULL, 'THB', ARRAY['https://img.kaidee.com/prd/20240905/367585473/m/07400e9f-8573-46c2-8770-69dc7cf324b9.jpg'], ARRAY['/static/images/demo/367585473_0.jpg'], NULL, NULL, '2026-03-29 10:00:00', 'collectibles', 'aa51c56ea9e169be', 'th', true, 'high_risk_category')
ON CONFLICT (platform, platform_listing_id) DO UPDATE SET
  title_original = EXCLUDED.title_original,
  price_amount = EXCLUDED.price_amount,
  images = EXCLUDED.images,
  images_local = EXCLUDED.images_local,
  triage_passed = EXCLUDED.triage_passed,
  triage_reason = EXCLUDED.triage_reason;
INSERT INTO listing_analysis (id, listing_id, code_word_matches, linguistic_risk_score, analysis_method, risk_score, alert_tier, signal_breakdown, agreement_bonus)
VALUES ('e0000000-0000-0000-0000-000000000084', 'd0000000-0000-0000-0000-000000000084', '[]', 0.0, 'deterministic', 2, 'clear', '{"code_word": {"score": 0, "max": 15}, "cites": {"score": 0, "max": 25}, "iucn": {"score": 0, "max": 12}, "seizure": {"score": 0, "max": 13}, "geographic": {"score": 2, "max": 10}, "seller": {"score": 0, "max": 10}, "price": {"score": 0, "max": 3}, "image": {"score": 0, "max": 12}}', 0)
ON CONFLICT (listing_id) DO UPDATE SET
  code_word_matches = EXCLUDED.code_word_matches,
  linguistic_risk_score = EXCLUDED.linguistic_risk_score,
  risk_score = EXCLUDED.risk_score,
  alert_tier = EXCLUDED.alert_tier,
  signal_breakdown = EXCLUDED.signal_breakdown;

-- Listing 85: ขายที่สวยแปลงใหญ่ถูกๆครับ
INSERT INTO listings (id, scan_job_id, platform, platform_listing_id, title_original, price_amount, price_currency, images, images_local, seller_name, location_text, post_date, platform_category, content_hash, language, triage_passed, triage_reason)
VALUES ('d0000000-0000-0000-0000-000000000085', 'a0000000-0000-0000-0000-000000000001', 'kaidee.com', 'kaidee-371142401', 'ขายที่สวยแปลงใหญ่ถูกๆครับ', NULL, 'THB', ARRAY['https://img.kaidee.com/prd/20251219/371142401/m/592322e3-c968-425e-8a4c-419b5ef0a8d1.jpg'], ARRAY['/static/images/demo/371142401_0.jpg'], NULL, NULL, '2026-03-29 10:00:00', 'collectibles', '20d290805650ce62', 'th', true, 'high_risk_category')
ON CONFLICT (platform, platform_listing_id) DO UPDATE SET
  title_original = EXCLUDED.title_original,
  price_amount = EXCLUDED.price_amount,
  images = EXCLUDED.images,
  images_local = EXCLUDED.images_local,
  triage_passed = EXCLUDED.triage_passed,
  triage_reason = EXCLUDED.triage_reason;
INSERT INTO listing_analysis (id, listing_id, code_word_matches, linguistic_risk_score, analysis_method, risk_score, alert_tier, signal_breakdown, agreement_bonus)
VALUES ('e0000000-0000-0000-0000-000000000085', 'd0000000-0000-0000-0000-000000000085', '[]', 0.0, 'deterministic', 2, 'clear', '{"code_word": {"score": 0, "max": 15}, "cites": {"score": 0, "max": 25}, "iucn": {"score": 0, "max": 12}, "seizure": {"score": 0, "max": 13}, "geographic": {"score": 2, "max": 10}, "seller": {"score": 0, "max": 10}, "price": {"score": 0, "max": 3}, "image": {"score": 0, "max": 12}}', 0)
ON CONFLICT (listing_id) DO UPDATE SET
  code_word_matches = EXCLUDED.code_word_matches,
  linguistic_risk_score = EXCLUDED.linguistic_risk_score,
  risk_score = EXCLUDED.risk_score,
  alert_tier = EXCLUDED.alert_tier,
  signal_breakdown = EXCLUDED.signal_breakdown;

-- Listing 86: ขายที่ดินแปลงสวย 1 ไร่ บ้านนา นครนายก ใกล้ถนนใหญ่บ้านนาแก่งค
INSERT INTO listings (id, scan_job_id, platform, platform_listing_id, title_original, price_amount, price_currency, images, images_local, seller_name, location_text, post_date, platform_category, content_hash, language, triage_passed, triage_reason)
VALUES ('d0000000-0000-0000-0000-000000000086', 'a0000000-0000-0000-0000-000000000001', 'kaidee.com', 'kaidee-371295099', 'ขายที่ดินแปลงสวย 1 ไร่ บ้านนา นครนายก ใกล้ถนนใหญ่บ้านนาแก่งคอย', NULL, 'THB', ARRAY['https://img.kaidee.com/prd/20260325/371295099/m/5b7cd166-80b7-4ae7-b1a6-72dd6a58fe7d.jpg'], ARRAY['/static/images/demo/371295099_0.jpg'], NULL, NULL, '2026-03-29 10:00:00', 'collectibles', '8b23b3d22836ed4d', 'th', true, 'high_risk_category')
ON CONFLICT (platform, platform_listing_id) DO UPDATE SET
  title_original = EXCLUDED.title_original,
  price_amount = EXCLUDED.price_amount,
  images = EXCLUDED.images,
  images_local = EXCLUDED.images_local,
  triage_passed = EXCLUDED.triage_passed,
  triage_reason = EXCLUDED.triage_reason;
INSERT INTO listing_analysis (id, listing_id, code_word_matches, linguistic_risk_score, analysis_method, risk_score, alert_tier, signal_breakdown, agreement_bonus)
VALUES ('e0000000-0000-0000-0000-000000000086', 'd0000000-0000-0000-0000-000000000086', '[]', 0.0, 'deterministic', 2, 'clear', '{"code_word": {"score": 0, "max": 15}, "cites": {"score": 0, "max": 25}, "iucn": {"score": 0, "max": 12}, "seizure": {"score": 0, "max": 13}, "geographic": {"score": 2, "max": 10}, "seller": {"score": 0, "max": 10}, "price": {"score": 0, "max": 3}, "image": {"score": 0, "max": 12}}', 0)
ON CONFLICT (listing_id) DO UPDATE SET
  code_word_matches = EXCLUDED.code_word_matches,
  linguistic_risk_score = EXCLUDED.linguistic_risk_score,
  risk_score = EXCLUDED.risk_score,
  alert_tier = EXCLUDED.alert_tier,
  signal_breakdown = EXCLUDED.signal_breakdown;

-- Listing 87: ขายด่วน เจ้าของขายเอง  สวนมะพร้าว ราชบุรี พร้อมบ้าน 1 หลัง
INSERT INTO listings (id, scan_job_id, platform, platform_listing_id, title_original, price_amount, price_currency, images, images_local, seller_name, location_text, post_date, platform_category, content_hash, language, triage_passed, triage_reason)
VALUES ('d0000000-0000-0000-0000-000000000087', 'a0000000-0000-0000-0000-000000000001', 'kaidee.com', 'kaidee-371291955', 'ขายด่วน เจ้าของขายเอง  สวนมะพร้าว ราชบุรี พร้อมบ้าน 1 หลัง', NULL, 'THB', ARRAY['https://img.kaidee.com/prd/20260324/371291955/m/d48ff962-ad7b-48aa-90eb-f253bd59d272.jpg'], ARRAY['/static/images/demo/371291955_0.jpg'], NULL, NULL, '2026-03-29 10:00:00', 'collectibles', '5e46c1c6721406bd', 'th', true, 'high_risk_category')
ON CONFLICT (platform, platform_listing_id) DO UPDATE SET
  title_original = EXCLUDED.title_original,
  price_amount = EXCLUDED.price_amount,
  images = EXCLUDED.images,
  images_local = EXCLUDED.images_local,
  triage_passed = EXCLUDED.triage_passed,
  triage_reason = EXCLUDED.triage_reason;
INSERT INTO listing_analysis (id, listing_id, code_word_matches, linguistic_risk_score, analysis_method, risk_score, alert_tier, signal_breakdown, agreement_bonus)
VALUES ('e0000000-0000-0000-0000-000000000087', 'd0000000-0000-0000-0000-000000000087', '[]', 0.0, 'deterministic', 2, 'clear', '{"code_word": {"score": 0, "max": 15}, "cites": {"score": 0, "max": 25}, "iucn": {"score": 0, "max": 12}, "seizure": {"score": 0, "max": 13}, "geographic": {"score": 2, "max": 10}, "seller": {"score": 0, "max": 10}, "price": {"score": 0, "max": 3}, "image": {"score": 0, "max": 12}}', 0)
ON CONFLICT (listing_id) DO UPDATE SET
  code_word_matches = EXCLUDED.code_word_matches,
  linguistic_risk_score = EXCLUDED.linguistic_risk_score,
  risk_score = EXCLUDED.risk_score,
  alert_tier = EXCLUDED.alert_tier,
  signal_breakdown = EXCLUDED.signal_breakdown;

-- Listing 88: ขายที่สวนยาง 103 ไร่ โฉนดครุฑแดง ติดถนนคอนกรีต ยินดีรับนายหน
INSERT INTO listings (id, scan_job_id, platform, platform_listing_id, title_original, price_amount, price_currency, images, images_local, seller_name, location_text, post_date, platform_category, content_hash, language, triage_passed, triage_reason)
VALUES ('d0000000-0000-0000-0000-000000000088', 'a0000000-0000-0000-0000-000000000001', 'kaidee.com', 'kaidee-368729444', 'ขายที่สวนยาง 103 ไร่ โฉนดครุฑแดง ติดถนนคอนกรีต ยินดีรับนายหน้า (ค่านายหน้า 3 ล้านบาท)น้ำไม่ท่วม,เจ้าของขายเองครับ', NULL, 'THB', ARRAY['https://img.kaidee.com/prd/20231107/368729444/m/9d2c7c43-e628-4d4f-8cee-a2eb17914b47.jpg'], ARRAY['/static/images/demo/368729444_0.jpg'], NULL, NULL, '2026-03-29 10:00:00', 'collectibles', 'e48c0f4a6abbae02', 'th', true, 'high_risk_category')
ON CONFLICT (platform, platform_listing_id) DO UPDATE SET
  title_original = EXCLUDED.title_original,
  price_amount = EXCLUDED.price_amount,
  images = EXCLUDED.images,
  images_local = EXCLUDED.images_local,
  triage_passed = EXCLUDED.triage_passed,
  triage_reason = EXCLUDED.triage_reason;
INSERT INTO listing_analysis (id, listing_id, code_word_matches, linguistic_risk_score, analysis_method, risk_score, alert_tier, signal_breakdown, agreement_bonus)
VALUES ('e0000000-0000-0000-0000-000000000088', 'd0000000-0000-0000-0000-000000000088', '[]', 0.0, 'deterministic', 2, 'clear', '{"code_word": {"score": 0, "max": 15}, "cites": {"score": 0, "max": 25}, "iucn": {"score": 0, "max": 12}, "seizure": {"score": 0, "max": 13}, "geographic": {"score": 2, "max": 10}, "seller": {"score": 0, "max": 10}, "price": {"score": 0, "max": 3}, "image": {"score": 0, "max": 12}}', 0)
ON CONFLICT (listing_id) DO UPDATE SET
  code_word_matches = EXCLUDED.code_word_matches,
  linguistic_risk_score = EXCLUDED.linguistic_risk_score,
  risk_score = EXCLUDED.risk_score,
  alert_tier = EXCLUDED.alert_tier,
  signal_breakdown = EXCLUDED.signal_breakdown;

-- Listing 89: ขายที่นา บ้านปู่เจ้า ต.ห้วยโป่ง (ต่อรองราคาได้)
INSERT INTO listings (id, scan_job_id, platform, platform_listing_id, title_original, price_amount, price_currency, images, images_local, seller_name, location_text, post_date, platform_category, content_hash, language, triage_passed, triage_reason)
VALUES ('d0000000-0000-0000-0000-000000000089', 'a0000000-0000-0000-0000-000000000001', 'kaidee.com', 'kaidee-371282124', 'ขายที่นา บ้านปู่เจ้า ต.ห้วยโป่ง (ต่อรองราคาได้)', NULL, 'THB', ARRAY['https://img.kaidee.com/prd/20260318/371282124/m/c02c67ce-fca9-40d9-b894-77fe9f8c501a.jpg'], ARRAY['/static/images/demo/371282124_0.jpg'], NULL, NULL, '2026-03-29 10:00:00', 'collectibles', 'eceb6939334462ac', 'th', true, 'high_risk_category')
ON CONFLICT (platform, platform_listing_id) DO UPDATE SET
  title_original = EXCLUDED.title_original,
  price_amount = EXCLUDED.price_amount,
  images = EXCLUDED.images,
  images_local = EXCLUDED.images_local,
  triage_passed = EXCLUDED.triage_passed,
  triage_reason = EXCLUDED.triage_reason;
INSERT INTO listing_analysis (id, listing_id, code_word_matches, linguistic_risk_score, analysis_method, risk_score, alert_tier, signal_breakdown, agreement_bonus)
VALUES ('e0000000-0000-0000-0000-000000000089', 'd0000000-0000-0000-0000-000000000089', '[]', 0.0, 'deterministic', 2, 'clear', '{"code_word": {"score": 0, "max": 15}, "cites": {"score": 0, "max": 25}, "iucn": {"score": 0, "max": 12}, "seizure": {"score": 0, "max": 13}, "geographic": {"score": 2, "max": 10}, "seller": {"score": 0, "max": 10}, "price": {"score": 0, "max": 3}, "image": {"score": 0, "max": 12}}', 0)
ON CONFLICT (listing_id) DO UPDATE SET
  code_word_matches = EXCLUDED.code_word_matches,
  linguistic_risk_score = EXCLUDED.linguistic_risk_score,
  risk_score = EXCLUDED.risk_score,
  alert_tier = EXCLUDED.alert_tier,
  signal_breakdown = EXCLUDED.signal_breakdown;

-- Listing 90: ที่ดินติดลำธาร วิวสวยบรรยากาศดี โฉนดครุฑแดง อ.สะเมิง จ.เชียง
INSERT INTO listings (id, scan_job_id, platform, platform_listing_id, title_original, price_amount, price_currency, images, images_local, seller_name, location_text, post_date, platform_category, content_hash, language, triage_passed, triage_reason)
VALUES ('d0000000-0000-0000-0000-000000000090', 'a0000000-0000-0000-0000-000000000001', 'kaidee.com', 'kaidee-371280628', 'ที่ดินติดลำธาร วิวสวยบรรยากาศดี โฉนดครุฑแดง อ.สะเมิง จ.เชียงใหม่', NULL, 'THB', ARRAY['https://img.kaidee.com/prd/20260317/371280628/m/ad0fbbf7-6a5c-40c1-ae24-22832c5f8b44.jpg'], ARRAY['/static/images/demo/371280628_0.jpg'], NULL, NULL, '2026-03-29 10:00:00', 'collectibles', 'a7505f29d6439925', 'th', true, 'high_risk_category')
ON CONFLICT (platform, platform_listing_id) DO UPDATE SET
  title_original = EXCLUDED.title_original,
  price_amount = EXCLUDED.price_amount,
  images = EXCLUDED.images,
  images_local = EXCLUDED.images_local,
  triage_passed = EXCLUDED.triage_passed,
  triage_reason = EXCLUDED.triage_reason;
INSERT INTO listing_analysis (id, listing_id, code_word_matches, linguistic_risk_score, analysis_method, risk_score, alert_tier, signal_breakdown, agreement_bonus)
VALUES ('e0000000-0000-0000-0000-000000000090', 'd0000000-0000-0000-0000-000000000090', '[]', 0.0, 'deterministic', 2, 'clear', '{"code_word": {"score": 0, "max": 15}, "cites": {"score": 0, "max": 25}, "iucn": {"score": 0, "max": 12}, "seizure": {"score": 0, "max": 13}, "geographic": {"score": 2, "max": 10}, "seller": {"score": 0, "max": 10}, "price": {"score": 0, "max": 3}, "image": {"score": 0, "max": 12}}', 0)
ON CONFLICT (listing_id) DO UPDATE SET
  code_word_matches = EXCLUDED.code_word_matches,
  linguistic_risk_score = EXCLUDED.linguistic_risk_score,
  risk_score = EXCLUDED.risk_score,
  alert_tier = EXCLUDED.alert_tier,
  signal_breakdown = EXCLUDED.signal_breakdown;

-- Listing 91: ทีดินกาญจนบุรี ใกล้ Sky Walk
INSERT INTO listings (id, scan_job_id, platform, platform_listing_id, title_original, price_amount, price_currency, images, images_local, seller_name, location_text, post_date, platform_category, content_hash, language, triage_passed, triage_reason)
VALUES ('d0000000-0000-0000-0000-000000000091', 'a0000000-0000-0000-0000-000000000001', 'kaidee.com', 'kaidee-370628091', 'ทีดินกาญจนบุรี ใกล้ Sky Walk', NULL, 'THB', ARRAY['https://img.kaidee.com/prd/20260324/370628091/m/9ebe87ba-183f-46e8-8d6e-c21201d3fbeb.jpg'], ARRAY['/static/images/demo/370628091_0.jpg'], NULL, NULL, '2026-03-29 10:00:00', 'collectibles', '0e706bd13466a3a1', 'th', true, 'high_risk_category')
ON CONFLICT (platform, platform_listing_id) DO UPDATE SET
  title_original = EXCLUDED.title_original,
  price_amount = EXCLUDED.price_amount,
  images = EXCLUDED.images,
  images_local = EXCLUDED.images_local,
  triage_passed = EXCLUDED.triage_passed,
  triage_reason = EXCLUDED.triage_reason;
INSERT INTO listing_analysis (id, listing_id, code_word_matches, linguistic_risk_score, analysis_method, risk_score, alert_tier, signal_breakdown, agreement_bonus)
VALUES ('e0000000-0000-0000-0000-000000000091', 'd0000000-0000-0000-0000-000000000091', '[]', 0.0, 'deterministic', 2, 'clear', '{"code_word": {"score": 0, "max": 15}, "cites": {"score": 0, "max": 25}, "iucn": {"score": 0, "max": 12}, "seizure": {"score": 0, "max": 13}, "geographic": {"score": 2, "max": 10}, "seller": {"score": 0, "max": 10}, "price": {"score": 0, "max": 3}, "image": {"score": 0, "max": 12}}', 0)
ON CONFLICT (listing_id) DO UPDATE SET
  code_word_matches = EXCLUDED.code_word_matches,
  linguistic_risk_score = EXCLUDED.linguistic_risk_score,
  risk_score = EXCLUDED.risk_score,
  alert_tier = EXCLUDED.alert_tier,
  signal_breakdown = EXCLUDED.signal_breakdown;

-- Listing 92: ขายที่ดินโฉนดโอบล้อมด้วยภูเขาและ ลำธาร อำเภอบึงสามพัน เพชรบู
INSERT INTO listings (id, scan_job_id, platform, platform_listing_id, title_original, price_amount, price_currency, images, images_local, seller_name, location_text, post_date, platform_category, content_hash, language, triage_passed, triage_reason)
VALUES ('d0000000-0000-0000-0000-000000000092', 'a0000000-0000-0000-0000-000000000001', 'kaidee.com', 'kaidee-367677848', 'ขายที่ดินโฉนดโอบล้อมด้วยภูเขาและ ลำธาร อำเภอบึงสามพัน เพชรบูรณ์(Zone ท่องเที่ยว บ้านไร่คาวบอย ,โรงแรมโฆษิตวัน ไร่มะขามหวานชนิกา)', NULL, 'THB', ARRAY['https://img.kaidee.com/prd/20240504/367677848/m/f371c701-0389-4a1a-a75b-b2b2fc668355.jpg'], ARRAY['/static/images/demo/367677848_0.jpg'], NULL, NULL, '2026-03-29 10:00:00', 'collectibles', 'f2300d46bcf7b61d', 'th', true, 'high_risk_category')
ON CONFLICT (platform, platform_listing_id) DO UPDATE SET
  title_original = EXCLUDED.title_original,
  price_amount = EXCLUDED.price_amount,
  images = EXCLUDED.images,
  images_local = EXCLUDED.images_local,
  triage_passed = EXCLUDED.triage_passed,
  triage_reason = EXCLUDED.triage_reason;
INSERT INTO listing_analysis (id, listing_id, code_word_matches, linguistic_risk_score, analysis_method, risk_score, alert_tier, signal_breakdown, agreement_bonus)
VALUES ('e0000000-0000-0000-0000-000000000092', 'd0000000-0000-0000-0000-000000000092', '[]', 0.0, 'deterministic', 2, 'clear', '{"code_word": {"score": 0, "max": 15}, "cites": {"score": 0, "max": 25}, "iucn": {"score": 0, "max": 12}, "seizure": {"score": 0, "max": 13}, "geographic": {"score": 2, "max": 10}, "seller": {"score": 0, "max": 10}, "price": {"score": 0, "max": 3}, "image": {"score": 0, "max": 12}}', 0)
ON CONFLICT (listing_id) DO UPDATE SET
  code_word_matches = EXCLUDED.code_word_matches,
  linguistic_risk_score = EXCLUDED.linguistic_risk_score,
  risk_score = EXCLUDED.risk_score,
  alert_tier = EXCLUDED.alert_tier,
  signal_breakdown = EXCLUDED.signal_breakdown;

-- Listing 93: ที่100ตร.ว.ทวีวัฒนา ที่ถมแล้ว แปลงมุมสวยมาก เดินทางสะดวก
INSERT INTO listings (id, scan_job_id, platform, platform_listing_id, title_original, price_amount, price_currency, images, images_local, seller_name, location_text, post_date, platform_category, content_hash, language, triage_passed, triage_reason)
VALUES ('d0000000-0000-0000-0000-000000000093', 'a0000000-0000-0000-0000-000000000001', 'kaidee.com', 'kaidee-371201236', 'ที่100ตร.ว.ทวีวัฒนา ที่ถมแล้ว แปลงมุมสวยมาก เดินทางสะดวก', NULL, 'THB', ARRAY['https://img.kaidee.com/prd/20260127/371201236/m/ca9ec563-e22f-48b0-a2d0-845b88923ed0.jpg'], ARRAY['/static/images/demo/371201236_0.jpg'], NULL, NULL, '2026-03-29 10:00:00', 'collectibles', '2e9fe1fef45519ab', 'th', true, 'high_risk_category')
ON CONFLICT (platform, platform_listing_id) DO UPDATE SET
  title_original = EXCLUDED.title_original,
  price_amount = EXCLUDED.price_amount,
  images = EXCLUDED.images,
  images_local = EXCLUDED.images_local,
  triage_passed = EXCLUDED.triage_passed,
  triage_reason = EXCLUDED.triage_reason;
INSERT INTO listing_analysis (id, listing_id, code_word_matches, linguistic_risk_score, analysis_method, risk_score, alert_tier, signal_breakdown, agreement_bonus)
VALUES ('e0000000-0000-0000-0000-000000000093', 'd0000000-0000-0000-0000-000000000093', '[]', 0.0, 'deterministic', 2, 'clear', '{"code_word": {"score": 0, "max": 15}, "cites": {"score": 0, "max": 25}, "iucn": {"score": 0, "max": 12}, "seizure": {"score": 0, "max": 13}, "geographic": {"score": 2, "max": 10}, "seller": {"score": 0, "max": 10}, "price": {"score": 0, "max": 3}, "image": {"score": 0, "max": 12}}', 0)
ON CONFLICT (listing_id) DO UPDATE SET
  code_word_matches = EXCLUDED.code_word_matches,
  linguistic_risk_score = EXCLUDED.linguistic_risk_score,
  risk_score = EXCLUDED.risk_score,
  alert_tier = EXCLUDED.alert_tier,
  signal_breakdown = EXCLUDED.signal_breakdown;

-- Listing 94: ที่ดินเปล่าหนองจอก
INSERT INTO listings (id, scan_job_id, platform, platform_listing_id, title_original, price_amount, price_currency, images, images_local, seller_name, location_text, post_date, platform_category, content_hash, language, triage_passed, triage_reason)
VALUES ('d0000000-0000-0000-0000-000000000094', 'a0000000-0000-0000-0000-000000000001', 'kaidee.com', 'kaidee-371134821', 'ที่ดินเปล่าหนองจอก', NULL, 'THB', ARRAY['https://img.kaidee.com/prd/20260321/371134821/m/723011d1-7edc-4408-a53d-55a0196e9299.jpg'], ARRAY['/static/images/demo/371134821_0.jpg'], NULL, NULL, '2026-03-29 10:00:00', 'collectibles', 'dd2ce2a5c7b0388c', 'th', true, 'high_risk_category')
ON CONFLICT (platform, platform_listing_id) DO UPDATE SET
  title_original = EXCLUDED.title_original,
  price_amount = EXCLUDED.price_amount,
  images = EXCLUDED.images,
  images_local = EXCLUDED.images_local,
  triage_passed = EXCLUDED.triage_passed,
  triage_reason = EXCLUDED.triage_reason;
INSERT INTO listing_analysis (id, listing_id, code_word_matches, linguistic_risk_score, analysis_method, risk_score, alert_tier, signal_breakdown, agreement_bonus)
VALUES ('e0000000-0000-0000-0000-000000000094', 'd0000000-0000-0000-0000-000000000094', '[]', 0.0, 'deterministic', 2, 'clear', '{"code_word": {"score": 0, "max": 15}, "cites": {"score": 0, "max": 25}, "iucn": {"score": 0, "max": 12}, "seizure": {"score": 0, "max": 13}, "geographic": {"score": 2, "max": 10}, "seller": {"score": 0, "max": 10}, "price": {"score": 0, "max": 3}, "image": {"score": 0, "max": 12}}', 0)
ON CONFLICT (listing_id) DO UPDATE SET
  code_word_matches = EXCLUDED.code_word_matches,
  linguistic_risk_score = EXCLUDED.linguistic_risk_score,
  risk_score = EXCLUDED.risk_score,
  alert_tier = EXCLUDED.alert_tier,
  signal_breakdown = EXCLUDED.signal_breakdown;

-- Listing 95: "สวนสวรรค์" สวรรค์บนดินที่คุณครอบครองได้.
INSERT INTO listings (id, scan_job_id, platform, platform_listing_id, title_original, price_amount, price_currency, images, images_local, seller_name, location_text, post_date, platform_category, content_hash, language, triage_passed, triage_reason)
VALUES ('d0000000-0000-0000-0000-000000000095', 'a0000000-0000-0000-0000-000000000001', 'kaidee.com', 'kaidee-367573030', '"สวนสวรรค์" สวรรค์บนดินที่คุณครอบครองได้.', NULL, 'THB', ARRAY['https://img.kaidee.com/prd/20230227/367573030/m/e30f138b-3d21-403f-99e9-879b8e059a86.jpg'], ARRAY['/static/images/demo/367573030_0.jpg'], NULL, NULL, '2026-03-29 10:00:00', 'collectibles', '3d58284220ae15fc', 'th', true, 'high_risk_category')
ON CONFLICT (platform, platform_listing_id) DO UPDATE SET
  title_original = EXCLUDED.title_original,
  price_amount = EXCLUDED.price_amount,
  images = EXCLUDED.images,
  images_local = EXCLUDED.images_local,
  triage_passed = EXCLUDED.triage_passed,
  triage_reason = EXCLUDED.triage_reason;
INSERT INTO listing_analysis (id, listing_id, code_word_matches, linguistic_risk_score, analysis_method, risk_score, alert_tier, signal_breakdown, agreement_bonus)
VALUES ('e0000000-0000-0000-0000-000000000095', 'd0000000-0000-0000-0000-000000000095', '[]', 0.0, 'deterministic', 2, 'clear', '{"code_word": {"score": 0, "max": 15}, "cites": {"score": 0, "max": 25}, "iucn": {"score": 0, "max": 12}, "seizure": {"score": 0, "max": 13}, "geographic": {"score": 2, "max": 10}, "seller": {"score": 0, "max": 10}, "price": {"score": 0, "max": 3}, "image": {"score": 0, "max": 12}}', 0)
ON CONFLICT (listing_id) DO UPDATE SET
  code_word_matches = EXCLUDED.code_word_matches,
  linguistic_risk_score = EXCLUDED.linguistic_risk_score,
  risk_score = EXCLUDED.risk_score,
  alert_tier = EXCLUDED.alert_tier,
  signal_breakdown = EXCLUDED.signal_breakdown;

-- Listing 96: สร้อยคองาช้าง ทองไมค่อน
INSERT INTO listings (id, scan_job_id, platform, platform_listing_id, title_original, price_amount, price_currency, images, images_local, seller_name, location_text, post_date, platform_category, content_hash, language, triage_passed, triage_reason)
VALUES ('d0000000-0000-0000-0000-000000000096', 'a0000000-0000-0000-0000-000000000002', 'facebook.com', 'fb-1600906961015759', 'สร้อยคองาช้าง ทองไมค่อน', 1.0, 'THB', ARRAY['https://scontent-gig4-1.xx.fbcdn.net/v/t39.84726-6/653738547_2272257499849955_7593124649929810487_n.jpg?stp=c0.2.261.261a_dst-jpg_p261x260_tt6&_nc_cat=106&ccb=1-7&_nc_sid=92e707&_nc_ohc=yRrZg4RmS-oQ7kNvwHEUoeN&_nc_oc=Adr2MCQ9sjnLbwCMdvS0QD96eZ1sE_SGh-WnPNXQDQsQEb3fsjoMMQ3VZHoE0CTqwg0&_nc_zt=14&_nc_ht=scontent-gig4-1.xx&_nc_gid=0KUgO-P4lONQQrDzDi9Ukg&_nc_ss=7a389&oh=00_AfxIqH5a6USzEJplXL7J8iY7c0vIzjh3dXsJQfn8i0ObJA&oe=69CF4CF3'], ARRAY['/static/images/demo/fb_1600906961015759_0.jpg'], NULL, 'Bangkok, Thailand', '2026-03-29 10:00:00', NULL, '2dc4d1c97c177dfa', 'th', true, 'code_word_match')
ON CONFLICT (platform, platform_listing_id) DO UPDATE SET
  title_original = EXCLUDED.title_original,
  price_amount = EXCLUDED.price_amount,
  images = EXCLUDED.images,
  images_local = EXCLUDED.images_local,
  triage_passed = EXCLUDED.triage_passed,
  triage_reason = EXCLUDED.triage_reason;
INSERT INTO listing_analysis (id, listing_id, code_word_matches, linguistic_risk_score, analysis_method, risk_score, alert_tier, signal_breakdown, agreement_bonus)
VALUES ('e0000000-0000-0000-0000-000000000096', 'd0000000-0000-0000-0000-000000000096', '[{"id": 1, "code_word": "งาช้าง", "species_scientific": "Loxodonta africana", "product_type": "ivory_raw", "match_type": "exact", "confidence": 0.95}]', 0.95, 'deterministic', 56, 'yellow', '{"code_word": {"score": 15, "max": 15}, "cites": {"score": 25, "max": 25}, "iucn": {"score": 10, "max": 12}, "seizure": {"score": 0, "max": 13}, "geographic": {"score": 6, "max": 10}, "seller": {"score": 0, "max": 10}, "price": {"score": 0, "max": 3}, "image": {"score": 0, "max": 12}}', 0)
ON CONFLICT (listing_id) DO UPDATE SET
  code_word_matches = EXCLUDED.code_word_matches,
  linguistic_risk_score = EXCLUDED.linguistic_risk_score,
  risk_score = EXCLUDED.risk_score,
  alert_tier = EXCLUDED.alert_tier,
  signal_breakdown = EXCLUDED.signal_breakdown;

-- Listing 97: งาช้างแท้
INSERT INTO listings (id, scan_job_id, platform, platform_listing_id, title_original, price_amount, price_currency, images, images_local, seller_name, location_text, post_date, platform_category, content_hash, language, triage_passed, triage_reason)
VALUES ('d0000000-0000-0000-0000-000000000097', 'a0000000-0000-0000-0000-000000000002', 'facebook.com', 'fb-937767101995270', 'งาช้างแท้', 3500000.0, 'THB', ARRAY['https://scontent-gig4-1.xx.fbcdn.net/v/t39.84726-6/657046543_965518559386648_3189118320946813599_n.jpg?stp=c32.0.260.260a_dst-jpg_p261x260_tt6&_nc_cat=105&ccb=1-7&_nc_sid=92e707&_nc_ohc=bnijTKN4AwEQ7kNvwGgiuxg&_nc_oc=Adryd-_sY9pOTOhecAV32KC7DCyWhdnJUTDYW7ZCAMWVN6cMdsMAeEFFvUCZAurwBP8&_nc_zt=14&_nc_ht=scontent-gig4-1.xx&_nc_gid=0KUgO-P4lONQQrDzDi9Ukg&_nc_ss=7a389&oh=00_AfzQC7DOjp7owy7c4AlapRK5XrNYux5trH7yWpKg23667A&oe=69CF5F42'], ARRAY['/static/images/demo/fb_937767101995270_0.jpg'], NULL, 'Bangkok, Thailand', '2026-03-29 10:00:00', NULL, '4a7b172f6112a172', 'th', true, 'code_word_match')
ON CONFLICT (platform, platform_listing_id) DO UPDATE SET
  title_original = EXCLUDED.title_original,
  price_amount = EXCLUDED.price_amount,
  images = EXCLUDED.images,
  images_local = EXCLUDED.images_local,
  triage_passed = EXCLUDED.triage_passed,
  triage_reason = EXCLUDED.triage_reason;
INSERT INTO listing_analysis (id, listing_id, code_word_matches, linguistic_risk_score, analysis_method, risk_score, alert_tier, signal_breakdown, agreement_bonus)
VALUES ('e0000000-0000-0000-0000-000000000097', 'd0000000-0000-0000-0000-000000000097', '[{"id": 1, "code_word": "งาช้าง", "species_scientific": "Loxodonta africana", "product_type": "ivory_raw", "match_type": "exact", "confidence": 0.95}]', 0.95, 'deterministic', 56, 'yellow', '{"code_word": {"score": 15, "max": 15}, "cites": {"score": 25, "max": 25}, "iucn": {"score": 10, "max": 12}, "seizure": {"score": 0, "max": 13}, "geographic": {"score": 6, "max": 10}, "seller": {"score": 0, "max": 10}, "price": {"score": 0, "max": 3}, "image": {"score": 0, "max": 12}}', 0)
ON CONFLICT (listing_id) DO UPDATE SET
  code_word_matches = EXCLUDED.code_word_matches,
  linguistic_risk_score = EXCLUDED.linguistic_risk_score,
  risk_score = EXCLUDED.risk_score,
  alert_tier = EXCLUDED.alert_tier,
  signal_breakdown = EXCLUDED.signal_breakdown;

-- Listing 98: ไม้งาช้าง
INSERT INTO listings (id, scan_job_id, platform, platform_listing_id, title_original, price_amount, price_currency, images, images_local, seller_name, location_text, post_date, platform_category, content_hash, language, triage_passed, triage_reason)
VALUES ('d0000000-0000-0000-0000-000000000098', 'a0000000-0000-0000-0000-000000000002', 'facebook.com', 'fb-1420001163153792', 'ไม้งาช้าง', 9.0, 'THB', ARRAY['https://scontent-gig4-1.xx.fbcdn.net/v/t39.84726-6/650310775_1570553480723028_3264051910763743130_n.jpg?stp=c0.101.261.261a_dst-jpg_p261x260_tt6&_nc_cat=108&ccb=1-7&_nc_sid=92e707&_nc_ohc=c76HylCic10Q7kNvwFxIDkz&_nc_oc=Ado0SYPqGpqZh5rIrL2BzMw6ca3QGZGyFebhvX-i9DvguSVsBB48Lg2nm30e2vIbAQ8&_nc_zt=14&_nc_ht=scontent-gig4-1.xx&_nc_gid=0KUgO-P4lONQQrDzDi9Ukg&_nc_ss=7a389&oh=00_AfyiTF7U9mU8kRK9mm_WeLNVySXPj_u4ko2BXMm74xiI-A&oe=69CF3564'], ARRAY['/static/images/demo/fb_1420001163153792_0.jpg'], NULL, 'Bangkok, Thailand', '2026-03-29 10:00:00', NULL, '0041a8b61764a1ec', 'th', true, 'code_word_match')
ON CONFLICT (platform, platform_listing_id) DO UPDATE SET
  title_original = EXCLUDED.title_original,
  price_amount = EXCLUDED.price_amount,
  images = EXCLUDED.images,
  images_local = EXCLUDED.images_local,
  triage_passed = EXCLUDED.triage_passed,
  triage_reason = EXCLUDED.triage_reason;
INSERT INTO listing_analysis (id, listing_id, code_word_matches, linguistic_risk_score, analysis_method, risk_score, alert_tier, signal_breakdown, agreement_bonus)
VALUES ('e0000000-0000-0000-0000-000000000098', 'd0000000-0000-0000-0000-000000000098', '[{"id": 1, "code_word": "งาช้าง", "species_scientific": "Loxodonta africana", "product_type": "ivory_raw", "match_type": "exact", "confidence": 0.95}]', 0.95, 'deterministic', 56, 'yellow', '{"code_word": {"score": 15, "max": 15}, "cites": {"score": 25, "max": 25}, "iucn": {"score": 10, "max": 12}, "seizure": {"score": 0, "max": 13}, "geographic": {"score": 6, "max": 10}, "seller": {"score": 0, "max": 10}, "price": {"score": 0, "max": 3}, "image": {"score": 0, "max": 12}}', 0)
ON CONFLICT (listing_id) DO UPDATE SET
  code_word_matches = EXCLUDED.code_word_matches,
  linguistic_risk_score = EXCLUDED.linguistic_risk_score,
  risk_score = EXCLUDED.risk_score,
  alert_tier = EXCLUDED.alert_tier,
  signal_breakdown = EXCLUDED.signal_breakdown;

-- Listing 99: สร้อยงาช้าง 111เม็ดลูกประคำ
INSERT INTO listings (id, scan_job_id, platform, platform_listing_id, title_original, price_amount, price_currency, images, images_local, seller_name, location_text, post_date, platform_category, content_hash, language, triage_passed, triage_reason)
VALUES ('d0000000-0000-0000-0000-000000000099', 'a0000000-0000-0000-0000-000000000002', 'facebook.com', 'fb-1065972385554958', 'สร้อยงาช้าง 111เม็ดลูกประคำ', 9.0, 'THB', ARRAY['https://scontent-gig4-1.xx.fbcdn.net/v/t39.84726-6/585315978_824220487276077_5617259339079800532_n.jpg?stp=c0.43.261.261a_dst-jpg_p261x260_tt6&_nc_cat=108&ccb=1-7&_nc_sid=92e707&_nc_ohc=ffslZEWbuNkQ7kNvwE4kyFJ&_nc_oc=Adqnuvf5nE3RMfynxn5I9ZV0lHao_N4Xxbu8tcFYNRWC68Hr63RgkD39D2jgauy7OKA&_nc_zt=14&_nc_ht=scontent-gig4-1.xx&_nc_gid=0KUgO-P4lONQQrDzDi9Ukg&_nc_ss=7a389&oh=00_AfwAQujNQ2iWwavQJcuQ00niXX09jgR7jkFqPtVM8elBAw&oe=69CF3F36'], ARRAY['/static/images/demo/fb_1065972385554958_0.jpg'], NULL, 'Bangkok, Thailand', '2026-03-29 10:00:00', NULL, '38d040cf5dd90e64', 'th', true, 'code_word_match')
ON CONFLICT (platform, platform_listing_id) DO UPDATE SET
  title_original = EXCLUDED.title_original,
  price_amount = EXCLUDED.price_amount,
  images = EXCLUDED.images,
  images_local = EXCLUDED.images_local,
  triage_passed = EXCLUDED.triage_passed,
  triage_reason = EXCLUDED.triage_reason;
INSERT INTO listing_analysis (id, listing_id, code_word_matches, linguistic_risk_score, analysis_method, risk_score, alert_tier, signal_breakdown, agreement_bonus)
VALUES ('e0000000-0000-0000-0000-000000000099', 'd0000000-0000-0000-0000-000000000099', '[{"id": 1, "code_word": "งาช้าง", "species_scientific": "Loxodonta africana", "product_type": "ivory_raw", "match_type": "exact", "confidence": 0.95}]', 0.95, 'deterministic', 56, 'yellow', '{"code_word": {"score": 15, "max": 15}, "cites": {"score": 25, "max": 25}, "iucn": {"score": 10, "max": 12}, "seizure": {"score": 0, "max": 13}, "geographic": {"score": 6, "max": 10}, "seller": {"score": 0, "max": 10}, "price": {"score": 0, "max": 3}, "image": {"score": 0, "max": 12}}', 0)
ON CONFLICT (listing_id) DO UPDATE SET
  code_word_matches = EXCLUDED.code_word_matches,
  linguistic_risk_score = EXCLUDED.linguistic_risk_score,
  risk_score = EXCLUDED.risk_score,
  alert_tier = EXCLUDED.alert_tier,
  signal_breakdown = EXCLUDED.signal_breakdown;

-- Listing 100: สร้อยงาช้างเก่าพร้อมพระพ่อเนียมประทานเล็ก
INSERT INTO listings (id, scan_job_id, platform, platform_listing_id, title_original, price_amount, price_currency, images, images_local, seller_name, location_text, post_date, platform_category, content_hash, language, triage_passed, triage_reason)
VALUES ('d0000000-0000-0000-0000-000000000100', 'a0000000-0000-0000-0000-000000000002', 'facebook.com', 'fb-1838350136831817', 'สร้อยงาช้างเก่าพร้อมพระพ่อเนียมประทานเล็ก', 2500.0, 'THB', ARRAY['https://scontent-gig4-1.xx.fbcdn.net/v/t39.84726-6/653794849_1267856478822506_8122007553135451047_n.jpg?stp=c0.101.261.261a_dst-jpg_p261x260_tt6&_nc_cat=108&ccb=1-7&_nc_sid=92e707&_nc_ohc=NRXWhq743hEQ7kNvwEo-NSQ&_nc_oc=AdqIzlO9bK6hZos8w9nw3i8xY__E7JBWfCcvmA8gyPZRVnFvxN2bo9COqAx4Q2q5wzw&_nc_zt=14&_nc_ht=scontent-gig4-1.xx&_nc_gid=0KUgO-P4lONQQrDzDi9Ukg&_nc_ss=7a389&oh=00_AfwDWf0ZTRYqoHEejHCNCA7YF3QY61-LGGeWBeehLtTj9Q&oe=69CF3ABB'], ARRAY['/static/images/demo/fb_1838350136831817_0.jpg'], NULL, 'Bangkok, Thailand', '2026-03-29 10:00:00', NULL, 'cf51b007dfdc779c', 'th', true, 'code_word_match')
ON CONFLICT (platform, platform_listing_id) DO UPDATE SET
  title_original = EXCLUDED.title_original,
  price_amount = EXCLUDED.price_amount,
  images = EXCLUDED.images,
  images_local = EXCLUDED.images_local,
  triage_passed = EXCLUDED.triage_passed,
  triage_reason = EXCLUDED.triage_reason;
INSERT INTO listing_analysis (id, listing_id, code_word_matches, linguistic_risk_score, analysis_method, risk_score, alert_tier, signal_breakdown, agreement_bonus)
VALUES ('e0000000-0000-0000-0000-000000000100', 'd0000000-0000-0000-0000-000000000100', '[{"id": 1, "code_word": "งาช้าง", "species_scientific": "Loxodonta africana", "product_type": "ivory_raw", "match_type": "exact", "confidence": 0.95}]', 0.95, 'deterministic', 56, 'yellow', '{"code_word": {"score": 15, "max": 15}, "cites": {"score": 25, "max": 25}, "iucn": {"score": 10, "max": 12}, "seizure": {"score": 0, "max": 13}, "geographic": {"score": 6, "max": 10}, "seller": {"score": 0, "max": 10}, "price": {"score": 0, "max": 3}, "image": {"score": 0, "max": 12}}', 0)
ON CONFLICT (listing_id) DO UPDATE SET
  code_word_matches = EXCLUDED.code_word_matches,
  linguistic_risk_score = EXCLUDED.linguistic_risk_score,
  risk_score = EXCLUDED.risk_score,
  alert_tier = EXCLUDED.alert_tier,
  signal_breakdown = EXCLUDED.signal_breakdown;

-- Listing 101: ตะกรุดงาช้างไม่ทราบเกจิ
INSERT INTO listings (id, scan_job_id, platform, platform_listing_id, title_original, price_amount, price_currency, images, images_local, seller_name, location_text, post_date, platform_category, content_hash, language, triage_passed, triage_reason)
VALUES ('d0000000-0000-0000-0000-000000000101', 'a0000000-0000-0000-0000-000000000002', 'facebook.com', 'fb-2550230975397499', 'ตะกรุดงาช้างไม่ทราบเกจิ', 1.0, 'THB', ARRAY['https://scontent-gig4-1.xx.fbcdn.net/v/t39.84726-6/652667171_26463452550009367_3901861170050238184_n.jpg?stp=c0.159.261.261a_dst-jpg_p261x260_tt6&_nc_cat=111&ccb=1-7&_nc_sid=92e707&_nc_ohc=Bzl_n3TmamAQ7kNvwH2-aSg&_nc_oc=Adp6ZrS56hUNUuQyS_yFb-rZwdHJu1lV9KmnBVdOa9GFTtpLsQVZhSGT1RM59FmtpmQ&_nc_zt=14&_nc_ht=scontent-gig4-1.xx&_nc_gid=0KUgO-P4lONQQrDzDi9Ukg&_nc_ss=7a389&oh=00_AfzVHS7jBKthIKmqzbOxFS06LejEzWB860NcrXJnRooRtg&oe=69CF617E'], ARRAY['/static/images/demo/fb_2550230975397499_0.jpg'], NULL, 'Bangkok, Thailand', '2026-03-29 10:00:00', NULL, '260831bedca5700b', 'th', true, 'code_word_match')
ON CONFLICT (platform, platform_listing_id) DO UPDATE SET
  title_original = EXCLUDED.title_original,
  price_amount = EXCLUDED.price_amount,
  images = EXCLUDED.images,
  images_local = EXCLUDED.images_local,
  triage_passed = EXCLUDED.triage_passed,
  triage_reason = EXCLUDED.triage_reason;
INSERT INTO listing_analysis (id, listing_id, code_word_matches, linguistic_risk_score, analysis_method, risk_score, alert_tier, signal_breakdown, agreement_bonus)
VALUES ('e0000000-0000-0000-0000-000000000101', 'd0000000-0000-0000-0000-000000000101', '[{"id": 1, "code_word": "งาช้าง", "species_scientific": "Loxodonta africana", "product_type": "ivory_raw", "match_type": "exact", "confidence": 0.95}]', 0.95, 'deterministic', 56, 'yellow', '{"code_word": {"score": 15, "max": 15}, "cites": {"score": 25, "max": 25}, "iucn": {"score": 10, "max": 12}, "seizure": {"score": 0, "max": 13}, "geographic": {"score": 6, "max": 10}, "seller": {"score": 0, "max": 10}, "price": {"score": 0, "max": 3}, "image": {"score": 0, "max": 12}}', 0)
ON CONFLICT (listing_id) DO UPDATE SET
  code_word_matches = EXCLUDED.code_word_matches,
  linguistic_risk_score = EXCLUDED.linguistic_risk_score,
  risk_score = EXCLUDED.risk_score,
  alert_tier = EXCLUDED.alert_tier,
  signal_breakdown = EXCLUDED.signal_breakdown;

-- Listing 102: เสือ??งาช้างแกะ
INSERT INTO listings (id, scan_job_id, platform, platform_listing_id, title_original, price_amount, price_currency, images, images_local, seller_name, location_text, post_date, platform_category, content_hash, language, triage_passed, triage_reason)
VALUES ('d0000000-0000-0000-0000-000000000102', 'a0000000-0000-0000-0000-000000000002', 'facebook.com', 'fb-1403365544870977', 'เสือ??งาช้างแกะ', 150.0, 'THB', ARRAY['https://scontent-gig4-2.xx.fbcdn.net/v/t39.84726-6/658147383_752525157794020_624854793793950898_n.jpg?stp=c0.100.261.261a_dst-jpg_p261x260_tt6&_nc_cat=102&ccb=1-7&_nc_sid=92e707&_nc_ohc=rjKWAkpHw_8Q7kNvwHAQze3&_nc_oc=AdqwppcbeHH0vySZeHpJzNS2khqecP3vNHYOzgiO2lnXblhGGfmytgAo5FaxgV_8hM8&_nc_zt=14&_nc_ht=scontent-gig4-2.xx&_nc_gid=0KUgO-P4lONQQrDzDi9Ukg&_nc_ss=7a389&oh=00_Afww-6SSIJ0yYP8kCZtY8bIZDwQc9iH6AeE8sSeO20Ohzg&oe=69CF40D7'], ARRAY['/static/images/demo/fb_1403365544870977_0.jpg'], NULL, 'Bangkok, Thailand', '2026-03-29 10:00:00', NULL, '088dd655f096b377', 'th', true, 'code_word_match')
ON CONFLICT (platform, platform_listing_id) DO UPDATE SET
  title_original = EXCLUDED.title_original,
  price_amount = EXCLUDED.price_amount,
  images = EXCLUDED.images,
  images_local = EXCLUDED.images_local,
  triage_passed = EXCLUDED.triage_passed,
  triage_reason = EXCLUDED.triage_reason;
INSERT INTO listing_analysis (id, listing_id, code_word_matches, linguistic_risk_score, analysis_method, risk_score, alert_tier, signal_breakdown, agreement_bonus)
VALUES ('e0000000-0000-0000-0000-000000000102', 'd0000000-0000-0000-0000-000000000102', '[{"id": 1, "code_word": "งาช้าง", "species_scientific": "Loxodonta africana", "product_type": "ivory_raw", "match_type": "exact", "confidence": 0.95}]', 0.95, 'deterministic', 56, 'yellow', '{"code_word": {"score": 15, "max": 15}, "cites": {"score": 25, "max": 25}, "iucn": {"score": 10, "max": 12}, "seizure": {"score": 0, "max": 13}, "geographic": {"score": 6, "max": 10}, "seller": {"score": 0, "max": 10}, "price": {"score": 0, "max": 3}, "image": {"score": 0, "max": 12}}', 0)
ON CONFLICT (listing_id) DO UPDATE SET
  code_word_matches = EXCLUDED.code_word_matches,
  linguistic_risk_score = EXCLUDED.linguistic_risk_score,
  risk_score = EXCLUDED.risk_score,
  alert_tier = EXCLUDED.alert_tier,
  signal_breakdown = EXCLUDED.signal_breakdown;

-- Listing 103: หนุมาณงาช้างแกละมีจารพ่อสุน
INSERT INTO listings (id, scan_job_id, platform, platform_listing_id, title_original, price_amount, price_currency, images, images_local, seller_name, location_text, post_date, platform_category, content_hash, language, triage_passed, triage_reason)
VALUES ('d0000000-0000-0000-0000-000000000103', 'a0000000-0000-0000-0000-000000000002', 'facebook.com', 'fb-1518764639765525', 'หนุมาณงาช้างแกละมีจารพ่อสุน', 200.0, 'THB', ARRAY['https://scontent-gig4-1.xx.fbcdn.net/v/t39.84726-6/651865472_1880335829331902_8834613366122654993_n.jpg?stp=c0.43.261.261a_dst-jpg_p261x260_tt6&_nc_cat=111&ccb=1-7&_nc_sid=92e707&_nc_ohc=ezNPjwXuqbIQ7kNvwHZFK-E&_nc_oc=Adq_Y10fln7Paq5i7FVlHccUnbO8n6lW_nMkzqep-Gw4T5m4Gq2KZsVB-AzGZuWYP98&_nc_zt=14&_nc_ht=scontent-gig4-1.xx&_nc_gid=0KUgO-P4lONQQrDzDi9Ukg&_nc_ss=7a389&oh=00_AfzZB-EGxzkXHpxEBZWdWUjQ4vLZ6mO7fQNyuA-z8fbcXA&oe=69CF2F93'], ARRAY['/static/images/demo/fb_1518764639765525_0.jpg'], NULL, 'Bangkok, Thailand', '2026-03-29 10:00:00', NULL, 'cf3631837a0a17e5', 'th', true, 'code_word_match')
ON CONFLICT (platform, platform_listing_id) DO UPDATE SET
  title_original = EXCLUDED.title_original,
  price_amount = EXCLUDED.price_amount,
  images = EXCLUDED.images,
  images_local = EXCLUDED.images_local,
  triage_passed = EXCLUDED.triage_passed,
  triage_reason = EXCLUDED.triage_reason;
INSERT INTO listing_analysis (id, listing_id, code_word_matches, linguistic_risk_score, analysis_method, risk_score, alert_tier, signal_breakdown, agreement_bonus)
VALUES ('e0000000-0000-0000-0000-000000000103', 'd0000000-0000-0000-0000-000000000103', '[{"id": 1, "code_word": "งาช้าง", "species_scientific": "Loxodonta africana", "product_type": "ivory_raw", "match_type": "exact", "confidence": 0.95}]', 0.95, 'deterministic', 56, 'yellow', '{"code_word": {"score": 15, "max": 15}, "cites": {"score": 25, "max": 25}, "iucn": {"score": 10, "max": 12}, "seizure": {"score": 0, "max": 13}, "geographic": {"score": 6, "max": 10}, "seller": {"score": 0, "max": 10}, "price": {"score": 0, "max": 3}, "image": {"score": 0, "max": 12}}', 0)
ON CONFLICT (listing_id) DO UPDATE SET
  code_word_matches = EXCLUDED.code_word_matches,
  linguistic_risk_score = EXCLUDED.linguistic_risk_score,
  risk_score = EXCLUDED.risk_score,
  alert_tier = EXCLUDED.alert_tier,
  signal_breakdown = EXCLUDED.signal_breakdown;

-- Listing 104: งาช้างน้ำ
INSERT INTO listings (id, scan_job_id, platform, platform_listing_id, title_original, price_amount, price_currency, images, images_local, seller_name, location_text, post_date, platform_category, content_hash, language, triage_passed, triage_reason)
VALUES ('d0000000-0000-0000-0000-000000000104', 'a0000000-0000-0000-0000-000000000002', 'facebook.com', 'fb-907105335281874', 'งาช้างน้ำ', 9.0, 'THB', ARRAY['https://scontent-gig4-1.xx.fbcdn.net/v/t39.84726-6/656779211_884811474519881_3096011240772504322_n.jpg?stp=c0.101.261.261a_dst-jpg_p261x260_tt6&_nc_cat=107&ccb=1-7&_nc_sid=92e707&_nc_ohc=rWDy45ED-eQQ7kNvwFOb0SX&_nc_oc=AdpmRX9PremKuOSrC99dCQlgwnbtMdAtrX1a2JKbA3ghMpcNE8jd3Tg70_phqGEhJ8Y&_nc_zt=14&_nc_ht=scontent-gig4-1.xx&_nc_gid=0KUgO-P4lONQQrDzDi9Ukg&_nc_ss=7a389&oh=00_Afw8fwGJ4J94so9P57gYkvh9WE5MjA4ucBZeYGF67VRx1w&oe=69CF31F4'], ARRAY['/static/images/demo/fb_907105335281874_0.jpg'], NULL, 'Bangkok, Thailand', '2026-03-29 10:00:00', NULL, '29327c393be59c01', 'th', true, 'code_word_match')
ON CONFLICT (platform, platform_listing_id) DO UPDATE SET
  title_original = EXCLUDED.title_original,
  price_amount = EXCLUDED.price_amount,
  images = EXCLUDED.images,
  images_local = EXCLUDED.images_local,
  triage_passed = EXCLUDED.triage_passed,
  triage_reason = EXCLUDED.triage_reason;
INSERT INTO listing_analysis (id, listing_id, code_word_matches, linguistic_risk_score, analysis_method, risk_score, alert_tier, signal_breakdown, agreement_bonus)
VALUES ('e0000000-0000-0000-0000-000000000104', 'd0000000-0000-0000-0000-000000000104', '[{"id": 1, "code_word": "งาช้าง", "species_scientific": "Loxodonta africana", "product_type": "ivory_raw", "match_type": "exact", "confidence": 0.95}]', 0.95, 'deterministic', 56, 'yellow', '{"code_word": {"score": 15, "max": 15}, "cites": {"score": 25, "max": 25}, "iucn": {"score": 10, "max": 12}, "seizure": {"score": 0, "max": 13}, "geographic": {"score": 6, "max": 10}, "seller": {"score": 0, "max": 10}, "price": {"score": 0, "max": 3}, "image": {"score": 0, "max": 12}}', 0)
ON CONFLICT (listing_id) DO UPDATE SET
  code_word_matches = EXCLUDED.code_word_matches,
  linguistic_risk_score = EXCLUDED.linguistic_risk_score,
  risk_score = EXCLUDED.risk_score,
  alert_tier = EXCLUDED.alert_tier,
  signal_breakdown = EXCLUDED.signal_breakdown;

-- Listing 105: สร้อยงาช้างแท้
INSERT INTO listings (id, scan_job_id, platform, platform_listing_id, title_original, price_amount, price_currency, images, images_local, seller_name, location_text, post_date, platform_category, content_hash, language, triage_passed, triage_reason)
VALUES ('d0000000-0000-0000-0000-000000000105', 'a0000000-0000-0000-0000-000000000002', 'facebook.com', 'fb-862012000192269', 'สร้อยงาช้างแท้', 9.0, 'THB', ARRAY['https://scontent-gig4-1.xx.fbcdn.net/v/t39.84726-6/656802585_1315937477065139_4253457166646559294_n.jpg?stp=c0.42.261.261a_dst-jpg_p261x260_tt6&_nc_cat=100&ccb=1-7&_nc_sid=92e707&_nc_ohc=BF2PGGlqD9IQ7kNvwGiMKHI&_nc_oc=AdqXhEN2QpgPnwDjEqWuMmSi3KwYAbbMSTViXSoM1Dh55P2yH55FVFPGv8TOMejsqyI&_nc_zt=14&_nc_ht=scontent-gig4-1.xx&_nc_gid=0KUgO-P4lONQQrDzDi9Ukg&_nc_ss=7a389&oh=00_AfzXkgEO8lTNcGrmFRb6SMDcUNBTk1thR3Hq45v6naMLNw&oe=69CF33FD'], ARRAY['/static/images/demo/fb_862012000192269_0.jpg'], NULL, 'Bangkok, Thailand', '2026-03-29 10:00:00', NULL, 'fcd49ca51aac967e', 'th', true, 'code_word_match')
ON CONFLICT (platform, platform_listing_id) DO UPDATE SET
  title_original = EXCLUDED.title_original,
  price_amount = EXCLUDED.price_amount,
  images = EXCLUDED.images,
  images_local = EXCLUDED.images_local,
  triage_passed = EXCLUDED.triage_passed,
  triage_reason = EXCLUDED.triage_reason;
INSERT INTO listing_analysis (id, listing_id, code_word_matches, linguistic_risk_score, analysis_method, risk_score, alert_tier, signal_breakdown, agreement_bonus)
VALUES ('e0000000-0000-0000-0000-000000000105', 'd0000000-0000-0000-0000-000000000105', '[{"id": 1, "code_word": "งาช้าง", "species_scientific": "Loxodonta africana", "product_type": "ivory_raw", "match_type": "exact", "confidence": 0.95}]', 0.95, 'deterministic', 56, 'yellow', '{"code_word": {"score": 15, "max": 15}, "cites": {"score": 25, "max": 25}, "iucn": {"score": 10, "max": 12}, "seizure": {"score": 0, "max": 13}, "geographic": {"score": 6, "max": 10}, "seller": {"score": 0, "max": 10}, "price": {"score": 0, "max": 3}, "image": {"score": 0, "max": 12}}', 0)
ON CONFLICT (listing_id) DO UPDATE SET
  code_word_matches = EXCLUDED.code_word_matches,
  linguistic_risk_score = EXCLUDED.linguistic_risk_score,
  risk_score = EXCLUDED.risk_score,
  alert_tier = EXCLUDED.alert_tier,
  signal_breakdown = EXCLUDED.signal_breakdown;

-- Listing 106: ราหูอมจันทร์#466 พระของยูริ
INSERT INTO listings (id, scan_job_id, platform, platform_listing_id, title_original, price_amount, price_currency, images, images_local, seller_name, location_text, post_date, platform_category, content_hash, language, triage_passed, triage_reason)
VALUES ('d0000000-0000-0000-0000-000000000106', 'a0000000-0000-0000-0000-000000000002', 'facebook.com', 'fb-790291534114632', 'ราหูอมจันทร์#466 พระของยูริ', 3200.0, 'THB', ARRAY['https://scontent-gig4-1.xx.fbcdn.net/v/t39.84726-6/642376275_2298224834006199_7338780544917127575_n.jpg?stp=c0.43.261.261a_dst-jpg_p261x260_tt6&_nc_cat=106&ccb=1-7&_nc_sid=92e707&_nc_ohc=jcprjoehn00Q7kNvwEndvTm&_nc_oc=AdqdiQtJFiDrVLKmF1Bfye2cVoGse0aCwmOWGSZanR7wHprikN0WSZ8c2z48SS_w9so&_nc_zt=14&_nc_ht=scontent-gig4-1.xx&_nc_gid=0KUgO-P4lONQQrDzDi9Ukg&_nc_ss=7a389&oh=00_AfyEl4WImY0X3zowJXKuvS5dzW6zqcIrGt_TlBWKgSOOSQ&oe=69CF2C9B'], ARRAY['/static/images/demo/fb_790291534114632_0.jpg'], NULL, 'Bangkok, Thailand', '2026-03-29 10:00:00', NULL, '6653385f19a87fb6', 'th', true, 'high_risk_category')
ON CONFLICT (platform, platform_listing_id) DO UPDATE SET
  title_original = EXCLUDED.title_original,
  price_amount = EXCLUDED.price_amount,
  images = EXCLUDED.images,
  images_local = EXCLUDED.images_local,
  triage_passed = EXCLUDED.triage_passed,
  triage_reason = EXCLUDED.triage_reason;
INSERT INTO listing_analysis (id, listing_id, code_word_matches, linguistic_risk_score, analysis_method, risk_score, alert_tier, signal_breakdown, agreement_bonus)
VALUES ('e0000000-0000-0000-0000-000000000106', 'd0000000-0000-0000-0000-000000000106', '[]', 0.0, 'deterministic', 2, 'clear', '{"code_word": {"score": 0, "max": 15}, "cites": {"score": 0, "max": 25}, "iucn": {"score": 0, "max": 12}, "seizure": {"score": 0, "max": 13}, "geographic": {"score": 2, "max": 10}, "seller": {"score": 0, "max": 10}, "price": {"score": 0, "max": 3}, "image": {"score": 0, "max": 12}}', 0)
ON CONFLICT (listing_id) DO UPDATE SET
  code_word_matches = EXCLUDED.code_word_matches,
  linguistic_risk_score = EXCLUDED.linguistic_risk_score,
  risk_score = EXCLUDED.risk_score,
  alert_tier = EXCLUDED.alert_tier,
  signal_breakdown = EXCLUDED.signal_breakdown;

-- Listing 107: แหวนงาช้าง
INSERT INTO listings (id, scan_job_id, platform, platform_listing_id, title_original, price_amount, price_currency, images, images_local, seller_name, location_text, post_date, platform_category, content_hash, language, triage_passed, triage_reason)
VALUES ('d0000000-0000-0000-0000-000000000107', 'a0000000-0000-0000-0000-000000000002', 'facebook.com', 'fb-1606057904153855', 'แหวนงาช้าง', 200.0, 'THB', ARRAY['https://scontent-gig4-2.xx.fbcdn.net/v/t39.84726-6/596443529_1357114762570895_120281593741503488_n.jpg?stp=c4.0.260.260a_dst-jpg_p261x260_tt6&_nc_cat=101&ccb=1-7&_nc_sid=92e707&_nc_ohc=vgUJ6hMeODIQ7kNvwEThoqz&_nc_oc=Adqoju1GLQYzjMPoS7sR2A2o9aphgWyELYEygEh7qh5QaDuZ_G010JP8zfvUFQEvT_g&_nc_zt=14&_nc_ht=scontent-gig4-2.xx&_nc_gid=0KUgO-P4lONQQrDzDi9Ukg&_nc_ss=7a389&oh=00_AfydxpwZ4KdDUufn6nMm8RJ0TVUBVDzjeLrAIF1uCVOk5Q&oe=69CF3E00'], ARRAY['/static/images/demo/fb_1606057904153855_0.jpg'], NULL, 'Bangkok, Thailand', '2026-03-29 10:00:00', NULL, '13a770c1daca54de', 'th', true, 'code_word_match')
ON CONFLICT (platform, platform_listing_id) DO UPDATE SET
  title_original = EXCLUDED.title_original,
  price_amount = EXCLUDED.price_amount,
  images = EXCLUDED.images,
  images_local = EXCLUDED.images_local,
  triage_passed = EXCLUDED.triage_passed,
  triage_reason = EXCLUDED.triage_reason;
INSERT INTO listing_analysis (id, listing_id, code_word_matches, linguistic_risk_score, analysis_method, risk_score, alert_tier, signal_breakdown, agreement_bonus)
VALUES ('e0000000-0000-0000-0000-000000000107', 'd0000000-0000-0000-0000-000000000107', '[{"id": 1, "code_word": "งาช้าง", "species_scientific": "Loxodonta africana", "product_type": "ivory_raw", "match_type": "exact", "confidence": 0.95}]', 0.95, 'deterministic', 56, 'yellow', '{"code_word": {"score": 15, "max": 15}, "cites": {"score": 25, "max": 25}, "iucn": {"score": 10, "max": 12}, "seizure": {"score": 0, "max": 13}, "geographic": {"score": 6, "max": 10}, "seller": {"score": 0, "max": 10}, "price": {"score": 0, "max": 3}, "image": {"score": 0, "max": 12}}', 0)
ON CONFLICT (listing_id) DO UPDATE SET
  code_word_matches = EXCLUDED.code_word_matches,
  linguistic_risk_score = EXCLUDED.linguistic_risk_score,
  risk_score = EXCLUDED.risk_score,
  alert_tier = EXCLUDED.alert_tier,
  signal_breakdown = EXCLUDED.signal_breakdown;

-- Listing 108: หัวเข็มขัดงาช้าง​แกะลายรูปหัวเสือ​โดยอาจารย์ชัยวัฒน์​
INSERT INTO listings (id, scan_job_id, platform, platform_listing_id, title_original, price_amount, price_currency, images, images_local, seller_name, location_text, post_date, platform_category, content_hash, language, triage_passed, triage_reason)
VALUES ('d0000000-0000-0000-0000-000000000108', 'a0000000-0000-0000-0000-000000000002', 'facebook.com', 'fb-868325686250342', 'หัวเข็มขัดงาช้าง​แกะลายรูปหัวเสือ​โดยอาจารย์ชัยวัฒน์​', 3000.0, 'THB', ARRAY['https://scontent-gig4-1.xx.fbcdn.net/v/t39.84726-6/658889269_884334401307223_451514863055313285_n.jpg?stp=c0.43.261.261a_dst-jpg_p261x260_tt6&_nc_cat=100&ccb=1-7&_nc_sid=92e707&_nc_ohc=UVEWpyaQst0Q7kNvwEYyKd2&_nc_oc=AdrxY9KfXtt1WZOPbfwsNdCO9X7P3_u8CjG1wBGrCS5UNTIUUes9Jk1Sbnive3vrP0s&_nc_zt=14&_nc_ht=scontent-gig4-1.xx&_nc_gid=0KUgO-P4lONQQrDzDi9Ukg&_nc_ss=7a389&oh=00_AfzSKKNDn_pVup3LTZHxZmyy-_vOtyPYnfjEvUcf18yPUg&oe=69CF4427'], ARRAY['/static/images/demo/fb_868325686250342_0.jpg'], NULL, 'Bangkok, Thailand', '2026-03-29 10:00:00', NULL, 'ba6aff9cf909c10c', 'th', true, 'code_word_match')
ON CONFLICT (platform, platform_listing_id) DO UPDATE SET
  title_original = EXCLUDED.title_original,
  price_amount = EXCLUDED.price_amount,
  images = EXCLUDED.images,
  images_local = EXCLUDED.images_local,
  triage_passed = EXCLUDED.triage_passed,
  triage_reason = EXCLUDED.triage_reason;
INSERT INTO listing_analysis (id, listing_id, code_word_matches, linguistic_risk_score, analysis_method, risk_score, alert_tier, signal_breakdown, agreement_bonus)
VALUES ('e0000000-0000-0000-0000-000000000108', 'd0000000-0000-0000-0000-000000000108', '[{"id": 1, "code_word": "งาช้าง", "species_scientific": "Loxodonta africana", "product_type": "ivory_raw", "match_type": "exact", "confidence": 0.95}]', 0.95, 'deterministic', 56, 'yellow', '{"code_word": {"score": 15, "max": 15}, "cites": {"score": 25, "max": 25}, "iucn": {"score": 10, "max": 12}, "seizure": {"score": 0, "max": 13}, "geographic": {"score": 6, "max": 10}, "seller": {"score": 0, "max": 10}, "price": {"score": 0, "max": 3}, "image": {"score": 0, "max": 12}}', 0)
ON CONFLICT (listing_id) DO UPDATE SET
  code_word_matches = EXCLUDED.code_word_matches,
  linguistic_risk_score = EXCLUDED.linguistic_risk_score,
  risk_score = EXCLUDED.risk_score,
  alert_tier = EXCLUDED.alert_tier,
  signal_breakdown = EXCLUDED.signal_breakdown;

-- Listing 109: พลูงาช้าง
INSERT INTO listings (id, scan_job_id, platform, platform_listing_id, title_original, price_amount, price_currency, images, images_local, seller_name, location_text, post_date, platform_category, content_hash, language, triage_passed, triage_reason)
VALUES ('d0000000-0000-0000-0000-000000000109', 'a0000000-0000-0000-0000-000000000002', 'facebook.com', 'fb-1232801029013799', 'พลูงาช้าง', 5000.0, 'THB', ARRAY['https://scontent-gig4-2.xx.fbcdn.net/v/t39.84726-6/657181784_1271494868455318_7037180031869702352_n.jpg?stp=c0.43.261.261a_dst-jpg_p261x260_tt6&_nc_cat=103&ccb=1-7&_nc_sid=92e707&_nc_ohc=r0pexZTk2bsQ7kNvwGpgOhS&_nc_oc=AdofvJYb8pHPuRn7ckj8cqsccPaFgCJ3NuS5jP9NVsmuUshLLUcJZ-iHWPtxEPRoB9c&_nc_zt=14&_nc_ht=scontent-gig4-2.xx&_nc_gid=0KUgO-P4lONQQrDzDi9Ukg&_nc_ss=7a389&oh=00_AfwyERqo-t4kOGFhFRNE1MfNb9EZXsLTWwgoYJKer47g4g&oe=69CF522A'], ARRAY['/static/images/demo/fb_1232801029013799_0.jpg'], NULL, 'Bangkok, Thailand', '2026-03-29 10:00:00', NULL, '02c99aa38a991f4c', 'th', true, 'code_word_match')
ON CONFLICT (platform, platform_listing_id) DO UPDATE SET
  title_original = EXCLUDED.title_original,
  price_amount = EXCLUDED.price_amount,
  images = EXCLUDED.images,
  images_local = EXCLUDED.images_local,
  triage_passed = EXCLUDED.triage_passed,
  triage_reason = EXCLUDED.triage_reason;
INSERT INTO listing_analysis (id, listing_id, code_word_matches, linguistic_risk_score, analysis_method, risk_score, alert_tier, signal_breakdown, agreement_bonus)
VALUES ('e0000000-0000-0000-0000-000000000109', 'd0000000-0000-0000-0000-000000000109', '[{"id": 1, "code_word": "งาช้าง", "species_scientific": "Loxodonta africana", "product_type": "ivory_raw", "match_type": "exact", "confidence": 0.95}]', 0.95, 'deterministic', 56, 'yellow', '{"code_word": {"score": 15, "max": 15}, "cites": {"score": 25, "max": 25}, "iucn": {"score": 10, "max": 12}, "seizure": {"score": 0, "max": 13}, "geographic": {"score": 6, "max": 10}, "seller": {"score": 0, "max": 10}, "price": {"score": 0, "max": 3}, "image": {"score": 0, "max": 12}}', 0)
ON CONFLICT (listing_id) DO UPDATE SET
  code_word_matches = EXCLUDED.code_word_matches,
  linguistic_risk_score = EXCLUDED.linguistic_risk_score,
  risk_score = EXCLUDED.risk_score,
  alert_tier = EXCLUDED.alert_tier,
  signal_breakdown = EXCLUDED.signal_breakdown;

-- Listing 110: พระสมเด็จ แกะจากงาช้าง งานเก่าเก็บ งานสวย พิมพ์ฐาน ๙ ชั้น
INSERT INTO listings (id, scan_job_id, platform, platform_listing_id, title_original, price_amount, price_currency, images, images_local, seller_name, location_text, post_date, platform_category, content_hash, language, triage_passed, triage_reason)
VALUES ('d0000000-0000-0000-0000-000000000110', 'a0000000-0000-0000-0000-000000000002', 'facebook.com', 'fb-861807833579765', 'พระสมเด็จ แกะจากงาช้าง งานเก่าเก็บ งานสวย พิมพ์ฐาน ๙ ชั้น', 50.0, 'THB', ARRAY['https://scontent-gig4-1.xx.fbcdn.net/v/t39.84726-6/649553837_1593402551917937_4670683132857736277_n.jpg?stp=c0.43.261.261a_dst-jpg_p261x260_tt6&_nc_cat=100&ccb=1-7&_nc_sid=92e707&_nc_ohc=MahX4Mt0lVoQ7kNvwGOxXvB&_nc_oc=AdpDIMXN3riXCIw-ALQLwEgfdofarWxsJrzNxhbphvrIbpUcIUNTwoJ9LJUvBgeOq9M&_nc_zt=14&_nc_ht=scontent-gig4-1.xx&_nc_gid=0KUgO-P4lONQQrDzDi9Ukg&_nc_ss=7a389&oh=00_AfzO4rpW9OI1bKzOSaA9DjWzQdSFj0qt9Vw-RgRXxybx8w&oe=69CF5D53'], ARRAY['/static/images/demo/fb_861807833579765_0.jpg'], NULL, 'Bangkok, Thailand', '2026-03-29 10:00:00', NULL, '5cec11d82e24e139', 'th', true, 'code_word_match')
ON CONFLICT (platform, platform_listing_id) DO UPDATE SET
  title_original = EXCLUDED.title_original,
  price_amount = EXCLUDED.price_amount,
  images = EXCLUDED.images,
  images_local = EXCLUDED.images_local,
  triage_passed = EXCLUDED.triage_passed,
  triage_reason = EXCLUDED.triage_reason;
INSERT INTO listing_analysis (id, listing_id, code_word_matches, linguistic_risk_score, analysis_method, risk_score, alert_tier, signal_breakdown, agreement_bonus)
VALUES ('e0000000-0000-0000-0000-000000000110', 'd0000000-0000-0000-0000-000000000110', '[{"id": 1, "code_word": "งาช้าง", "species_scientific": "Loxodonta africana", "product_type": "ivory_raw", "match_type": "exact", "confidence": 0.95}]', 0.95, 'deterministic', 56, 'yellow', '{"code_word": {"score": 15, "max": 15}, "cites": {"score": 25, "max": 25}, "iucn": {"score": 10, "max": 12}, "seizure": {"score": 0, "max": 13}, "geographic": {"score": 6, "max": 10}, "seller": {"score": 0, "max": 10}, "price": {"score": 0, "max": 3}, "image": {"score": 0, "max": 12}}', 0)
ON CONFLICT (listing_id) DO UPDATE SET
  code_word_matches = EXCLUDED.code_word_matches,
  linguistic_risk_score = EXCLUDED.linguistic_risk_score,
  risk_score = EXCLUDED.risk_score,
  alert_tier = EXCLUDED.alert_tier,
  signal_breakdown = EXCLUDED.signal_breakdown;

-- Listing 111: หลวงพ่อเดิมงาช้าง รุ่นแรก
INSERT INTO listings (id, scan_job_id, platform, platform_listing_id, title_original, price_amount, price_currency, images, images_local, seller_name, location_text, post_date, platform_category, content_hash, language, triage_passed, triage_reason)
VALUES ('d0000000-0000-0000-0000-000000000111', 'a0000000-0000-0000-0000-000000000002', 'facebook.com', 'fb-1460299432438281', 'หลวงพ่อเดิมงาช้าง รุ่นแรก', 1000.0, 'THB', ARRAY['https://scontent-gig4-1.xx.fbcdn.net/v/t39.84726-6/657401340_981936370855922_8696546066234324954_n.jpg?stp=c0.43.261.261a_dst-jpg_p261x260_tt6&_nc_cat=105&ccb=1-7&_nc_sid=92e707&_nc_ohc=qlwbYCJH3fkQ7kNvwFFVLME&_nc_oc=Adoc_WcqB3TOz0S6Y-Dv_BwbYUJLCSH29SXtaBSJfswlLBz2OW92C5zn5DxTPl14xBc&_nc_zt=14&_nc_ht=scontent-gig4-1.xx&_nc_gid=0KUgO-P4lONQQrDzDi9Ukg&_nc_ss=7a389&oh=00_AfycxNRyRTCpC0ly3nzlFdoqnI8hx1G8QVKP1Dtyiu1dcg&oe=69CF5EE8'], ARRAY['/static/images/demo/fb_1460299432438281_0.jpg'], NULL, 'Bangkok, Thailand', '2026-03-29 10:00:00', NULL, '1a832d42877f8597', 'th', true, 'code_word_match')
ON CONFLICT (platform, platform_listing_id) DO UPDATE SET
  title_original = EXCLUDED.title_original,
  price_amount = EXCLUDED.price_amount,
  images = EXCLUDED.images,
  images_local = EXCLUDED.images_local,
  triage_passed = EXCLUDED.triage_passed,
  triage_reason = EXCLUDED.triage_reason;
INSERT INTO listing_analysis (id, listing_id, code_word_matches, linguistic_risk_score, analysis_method, risk_score, alert_tier, signal_breakdown, agreement_bonus)
VALUES ('e0000000-0000-0000-0000-000000000111', 'd0000000-0000-0000-0000-000000000111', '[{"id": 1, "code_word": "งาช้าง", "species_scientific": "Loxodonta africana", "product_type": "ivory_raw", "match_type": "exact", "confidence": 0.95}]', 0.95, 'deterministic', 56, 'yellow', '{"code_word": {"score": 15, "max": 15}, "cites": {"score": 25, "max": 25}, "iucn": {"score": 10, "max": 12}, "seizure": {"score": 0, "max": 13}, "geographic": {"score": 6, "max": 10}, "seller": {"score": 0, "max": 10}, "price": {"score": 0, "max": 3}, "image": {"score": 0, "max": 12}}', 0)
ON CONFLICT (listing_id) DO UPDATE SET
  code_word_matches = EXCLUDED.code_word_matches,
  linguistic_risk_score = EXCLUDED.linguistic_risk_score,
  risk_score = EXCLUDED.risk_score,
  alert_tier = EXCLUDED.alert_tier,
  signal_breakdown = EXCLUDED.signal_breakdown;

-- Listing 112: ปลายหักกระเด็นแท้
INSERT INTO listings (id, scan_job_id, platform, platform_listing_id, title_original, price_amount, price_currency, images, images_local, seller_name, location_text, post_date, platform_category, content_hash, language, triage_passed, triage_reason)
VALUES ('d0000000-0000-0000-0000-000000000112', 'a0000000-0000-0000-0000-000000000002', 'facebook.com', 'fb-1947500329233570', 'ปลายหักกระเด็นแท้', 500000.0, 'THB', ARRAY['https://scontent-gig4-2.xx.fbcdn.net/v/t39.84726-6/651754626_3488352554651171_7942413282541140580_n.jpg?stp=c0.59.261.261a_dst-jpg_p261x260_tt6&_nc_cat=103&ccb=1-7&_nc_sid=92e707&_nc_ohc=rG0uXUfz3owQ7kNvwFGg7Dy&_nc_oc=Adq4pWRrhXF54mS04b8dGgO6YnDHwNDv7xg_gmFbf1CRcHxA4ud6sU6rCR6kVFFVKbc&_nc_zt=14&_nc_ht=scontent-gig4-2.xx&_nc_gid=0KUgO-P4lONQQrDzDi9Ukg&_nc_ss=7a389&oh=00_Afz0-s-Q5rPFdQNZ5UiDEPSQtg5G0bcjBaBApsI2gRX96w&oe=69CF4AB0'], ARRAY['/static/images/demo/fb_1947500329233570_0.jpg'], NULL, 'Bangkok, Thailand', '2026-03-29 10:00:00', NULL, '9be14cf7ba541aa4', 'th', true, 'code_word_match')
ON CONFLICT (platform, platform_listing_id) DO UPDATE SET
  title_original = EXCLUDED.title_original,
  price_amount = EXCLUDED.price_amount,
  images = EXCLUDED.images,
  images_local = EXCLUDED.images_local,
  triage_passed = EXCLUDED.triage_passed,
  triage_reason = EXCLUDED.triage_reason;
INSERT INTO listing_analysis (id, listing_id, code_word_matches, linguistic_risk_score, analysis_method, risk_score, alert_tier, signal_breakdown, agreement_bonus)
VALUES ('e0000000-0000-0000-0000-000000000112', 'd0000000-0000-0000-0000-000000000112', '[]', 0.0, 'deterministic', 2, 'clear', '{"code_word": {"score": 0, "max": 15}, "cites": {"score": 0, "max": 25}, "iucn": {"score": 0, "max": 12}, "seizure": {"score": 0, "max": 13}, "geographic": {"score": 2, "max": 10}, "seller": {"score": 0, "max": 10}, "price": {"score": 0, "max": 3}, "image": {"score": 0, "max": 12}}', 0)
ON CONFLICT (listing_id) DO UPDATE SET
  code_word_matches = EXCLUDED.code_word_matches,
  linguistic_risk_score = EXCLUDED.linguistic_risk_score,
  risk_score = EXCLUDED.risk_score,
  alert_tier = EXCLUDED.alert_tier,
  signal_breakdown = EXCLUDED.signal_breakdown;

-- Listing 113: งากระเด็นแท้
INSERT INTO listings (id, scan_job_id, platform, platform_listing_id, title_original, price_amount, price_currency, images, images_local, seller_name, location_text, post_date, platform_category, content_hash, language, triage_passed, triage_reason)
VALUES ('d0000000-0000-0000-0000-000000000113', 'a0000000-0000-0000-0000-000000000002', 'facebook.com', 'fb-935251322365290', 'งากระเด็นแท้', 18.0, 'THB', ARRAY['https://scontent-gig4-2.xx.fbcdn.net/v/t39.84726-6/624431938_3464153960422061_5834818165690907236_n.jpg?stp=c0.162.261.261a_dst-jpg_p261x260_tt6&_nc_cat=102&ccb=1-7&_nc_sid=92e707&_nc_ohc=kKBq-GopZ9oQ7kNvwEvZvkE&_nc_oc=AdrZJBeHAUJB9bIFsZHjdTItXskNWsjVe9P0BiL_JoTk4zzMeJ_0mYiG4TRSBZP3I7c&_nc_zt=14&_nc_ht=scontent-gig4-2.xx&_nc_gid=0KUgO-P4lONQQrDzDi9Ukg&_nc_ss=7a389&oh=00_AfxBL68InGJjHMj-Jc2CAkbY6Z0jtw1OkL5tmAd3SMe61w&oe=69CF378D'], ARRAY['/static/images/demo/fb_935251322365290_0.jpg'], NULL, 'Bangkok, Thailand', '2026-03-29 10:00:00', NULL, '27ab6d265f164878', 'th', true, 'code_word_match')
ON CONFLICT (platform, platform_listing_id) DO UPDATE SET
  title_original = EXCLUDED.title_original,
  price_amount = EXCLUDED.price_amount,
  images = EXCLUDED.images,
  images_local = EXCLUDED.images_local,
  triage_passed = EXCLUDED.triage_passed,
  triage_reason = EXCLUDED.triage_reason;
INSERT INTO listing_analysis (id, listing_id, code_word_matches, linguistic_risk_score, analysis_method, risk_score, alert_tier, signal_breakdown, agreement_bonus)
VALUES ('e0000000-0000-0000-0000-000000000113', 'd0000000-0000-0000-0000-000000000113', '[]', 0.0, 'deterministic', 2, 'clear', '{"code_word": {"score": 0, "max": 15}, "cites": {"score": 0, "max": 25}, "iucn": {"score": 0, "max": 12}, "seizure": {"score": 0, "max": 13}, "geographic": {"score": 2, "max": 10}, "seller": {"score": 0, "max": 10}, "price": {"score": 0, "max": 3}, "image": {"score": 0, "max": 12}}', 0)
ON CONFLICT (listing_id) DO UPDATE SET
  code_word_matches = EXCLUDED.code_word_matches,
  linguistic_risk_score = EXCLUDED.linguistic_risk_score,
  risk_score = EXCLUDED.risk_score,
  alert_tier = EXCLUDED.alert_tier,
  signal_breakdown = EXCLUDED.signal_breakdown;

-- Listing 114: ทองคำขัดเงา 84 พรรษาสมเด็จย่า
INSERT INTO listings (id, scan_job_id, platform, platform_listing_id, title_original, price_amount, price_currency, images, images_local, seller_name, location_text, post_date, platform_category, content_hash, language, triage_passed, triage_reason)
VALUES ('d0000000-0000-0000-0000-000000000114', 'a0000000-0000-0000-0000-000000000002', 'facebook.com', 'fb-2000937154164050', 'ทองคำขัดเงา 84 พรรษาสมเด็จย่า', 13.0, 'THB', ARRAY['https://scontent-gig4-1.xx.fbcdn.net/v/t39.84726-6/652659221_1694094184929305_2866552003041964377_n.jpg?stp=c0.101.261.261a_dst-jpg_p261x260_tt6&_nc_cat=111&ccb=1-7&_nc_sid=92e707&_nc_ohc=XcFKtMil1f4Q7kNvwGsIFNc&_nc_oc=AdoMD2W-OlwRgEF2tD7fgJ8D3EM9GcfigXvOHo83m4JQqp_vNp35N4zjqLxyhONzDPE&_nc_zt=14&_nc_ht=scontent-gig4-1.xx&_nc_gid=0KUgO-P4lONQQrDzDi9Ukg&_nc_ss=7a389&oh=00_AfyqDQN9DY6NSNMxRZg0dS-A3YWoqeoVTGfLazeOwgwBYQ&oe=69CF3461'], ARRAY['/static/images/demo/fb_2000937154164050_0.jpg'], NULL, 'Bangkok, Thailand', '2026-03-29 10:00:00', NULL, '56104ddc24ce7cf0', 'th', true, 'high_risk_category')
ON CONFLICT (platform, platform_listing_id) DO UPDATE SET
  title_original = EXCLUDED.title_original,
  price_amount = EXCLUDED.price_amount,
  images = EXCLUDED.images,
  images_local = EXCLUDED.images_local,
  triage_passed = EXCLUDED.triage_passed,
  triage_reason = EXCLUDED.triage_reason;
INSERT INTO listing_analysis (id, listing_id, code_word_matches, linguistic_risk_score, analysis_method, risk_score, alert_tier, signal_breakdown, agreement_bonus)
VALUES ('e0000000-0000-0000-0000-000000000114', 'd0000000-0000-0000-0000-000000000114', '[]', 0.0, 'deterministic', 2, 'clear', '{"code_word": {"score": 0, "max": 15}, "cites": {"score": 0, "max": 25}, "iucn": {"score": 0, "max": 12}, "seizure": {"score": 0, "max": 13}, "geographic": {"score": 2, "max": 10}, "seller": {"score": 0, "max": 10}, "price": {"score": 0, "max": 3}, "image": {"score": 0, "max": 12}}', 0)
ON CONFLICT (listing_id) DO UPDATE SET
  code_word_matches = EXCLUDED.code_word_matches,
  linguistic_risk_score = EXCLUDED.linguistic_risk_score,
  risk_score = EXCLUDED.risk_score,
  alert_tier = EXCLUDED.alert_tier,
  signal_breakdown = EXCLUDED.signal_breakdown;

-- Listing 115: พระแกะจากงาแท้
INSERT INTO listings (id, scan_job_id, platform, platform_listing_id, title_original, price_amount, price_currency, images, images_local, seller_name, location_text, post_date, platform_category, content_hash, language, triage_passed, triage_reason)
VALUES ('d0000000-0000-0000-0000-000000000115', 'a0000000-0000-0000-0000-000000000002', 'facebook.com', 'fb-1475595330884648', 'พระแกะจากงาแท้', 300000.0, 'THB', ARRAY['https://scontent-gig4-1.xx.fbcdn.net/v/t39.84726-6/649476414_1328497385766271_3951239715018769513_n.jpg?stp=c50.0.260.260a_dst-jpg_p261x260_tt6&_nc_cat=100&ccb=1-7&_nc_sid=92e707&_nc_ohc=HDFzRm2ec9EQ7kNvwH_MN_r&_nc_oc=Adq50ZcyTGFNynWXCKlszWSmoeo0_kEqyi4Slyub3Gs0TgBG3ltvbeROGIKHLeQIRe0&_nc_zt=14&_nc_ht=scontent-gig4-1.xx&_nc_gid=0KUgO-P4lONQQrDzDi9Ukg&_nc_ss=7a389&oh=00_AfxfC0sVYital6e7o5JMETTaa966MUeQzEjWFxsjrWvfPA&oe=69CF5A7B'], ARRAY['/static/images/demo/fb_1475595330884648_0.jpg'], NULL, 'Bangkok, Thailand', '2026-03-29 10:00:00', NULL, '157c059495a01d1e', 'th', true, 'high_risk_category')
ON CONFLICT (platform, platform_listing_id) DO UPDATE SET
  title_original = EXCLUDED.title_original,
  price_amount = EXCLUDED.price_amount,
  images = EXCLUDED.images,
  images_local = EXCLUDED.images_local,
  triage_passed = EXCLUDED.triage_passed,
  triage_reason = EXCLUDED.triage_reason;
INSERT INTO listing_analysis (id, listing_id, code_word_matches, linguistic_risk_score, analysis_method, risk_score, alert_tier, signal_breakdown, agreement_bonus)
VALUES ('e0000000-0000-0000-0000-000000000115', 'd0000000-0000-0000-0000-000000000115', '[]', 0.0, 'deterministic', 2, 'clear', '{"code_word": {"score": 0, "max": 15}, "cites": {"score": 0, "max": 25}, "iucn": {"score": 0, "max": 12}, "seizure": {"score": 0, "max": 13}, "geographic": {"score": 2, "max": 10}, "seller": {"score": 0, "max": 10}, "price": {"score": 0, "max": 3}, "image": {"score": 0, "max": 12}}', 0)
ON CONFLICT (listing_id) DO UPDATE SET
  code_word_matches = EXCLUDED.code_word_matches,
  linguistic_risk_score = EXCLUDED.linguistic_risk_score,
  risk_score = EXCLUDED.risk_score,
  alert_tier = EXCLUDED.alert_tier,
  signal_breakdown = EXCLUDED.signal_breakdown;

-- Listing 116: ปลายงาแท้
INSERT INTO listings (id, scan_job_id, platform, platform_listing_id, title_original, price_amount, price_currency, images, images_local, seller_name, location_text, post_date, platform_category, content_hash, language, triage_passed, triage_reason)
VALUES ('d0000000-0000-0000-0000-000000000116', 'a0000000-0000-0000-0000-000000000002', 'facebook.com', 'fb-1393943546081027', 'ปลายงาแท้', 15.0, 'THB', ARRAY['https://scontent-gig4-2.xx.fbcdn.net/v/t39.84726-6/654483234_2729469444064997_1005360874823572040_n.jpg?stp=c0.43.261.261a_dst-jpg_p261x260_tt6&_nc_cat=109&ccb=1-7&_nc_sid=92e707&_nc_ohc=xeaqJvLOB6QQ7kNvwGSsoEx&_nc_oc=AdpG2SdiN-6eY_6SgoaNoVuwZOaZKJlHmG19llvfXMFLM_wqD4WzeMMH0n90IjTJiUo&_nc_zt=14&_nc_ht=scontent-gig4-2.xx&_nc_gid=0KUgO-P4lONQQrDzDi9Ukg&_nc_ss=7a389&oh=00_AfyWdvF75LmqAyKAhvb4kmka8XQSt8eDica86_lktdZlCQ&oe=69CF4C8E'], ARRAY['/static/images/demo/fb_1393943546081027_0.jpg'], NULL, 'Bangkok, Thailand', '2026-03-29 10:00:00', NULL, '808bda92892fa9e9', 'th', true, 'high_risk_category')
ON CONFLICT (platform, platform_listing_id) DO UPDATE SET
  title_original = EXCLUDED.title_original,
  price_amount = EXCLUDED.price_amount,
  images = EXCLUDED.images,
  images_local = EXCLUDED.images_local,
  triage_passed = EXCLUDED.triage_passed,
  triage_reason = EXCLUDED.triage_reason;
INSERT INTO listing_analysis (id, listing_id, code_word_matches, linguistic_risk_score, analysis_method, risk_score, alert_tier, signal_breakdown, agreement_bonus)
VALUES ('e0000000-0000-0000-0000-000000000116', 'd0000000-0000-0000-0000-000000000116', '[]', 0.0, 'deterministic', 2, 'clear', '{"code_word": {"score": 0, "max": 15}, "cites": {"score": 0, "max": 25}, "iucn": {"score": 0, "max": 12}, "seizure": {"score": 0, "max": 13}, "geographic": {"score": 2, "max": 10}, "seller": {"score": 0, "max": 10}, "price": {"score": 0, "max": 3}, "image": {"score": 0, "max": 12}}', 0)
ON CONFLICT (listing_id) DO UPDATE SET
  code_word_matches = EXCLUDED.code_word_matches,
  linguistic_risk_score = EXCLUDED.linguistic_risk_score,
  risk_score = EXCLUDED.risk_score,
  alert_tier = EXCLUDED.alert_tier,
  signal_breakdown = EXCLUDED.signal_breakdown;

-- Listing 117: คดงาช้างดำหัวแหวน ภายในมีสายเหล็กไหลเงินยวง ของแท้ 100%
INSERT INTO listings (id, scan_job_id, platform, platform_listing_id, title_original, price_amount, price_currency, images, images_local, seller_name, location_text, post_date, platform_category, content_hash, language, triage_passed, triage_reason)
VALUES ('d0000000-0000-0000-0000-000000000117', 'a0000000-0000-0000-0000-000000000002', 'facebook.com', 'fb-2070298550417989', 'คดงาช้างดำหัวแหวน ภายในมีสายเหล็กไหลเงินยวง ของแท้ 100%', 12.0, 'THB', ARRAY['https://scontent-gig4-1.xx.fbcdn.net/v/t39.84726-6/644517326_1415573173380859_2403006851953257104_n.jpg?stp=c0.43.261.261a_dst-jpg_p261x260_tt6&_nc_cat=110&ccb=1-7&_nc_sid=92e707&_nc_ohc=BGqVIww0pK4Q7kNvwFIhVi_&_nc_oc=AdrWp-5ZQaCMkZNXHbjpZqXAnfBsOUloqvkoYCf1BgZMFLY43K33gcFtuCwRpy_UA4k&_nc_zt=14&_nc_ht=scontent-gig4-1.xx&_nc_gid=0KUgO-P4lONQQrDzDi9Ukg&_nc_ss=7a389&oh=00_AfyNl5K10XX6v9Ns_FYFw8KpD9c7HCZ2VUfE6Svb8nQz2Q&oe=69CF372D'], ARRAY['/static/images/demo/fb_2070298550417989_0.jpg'], NULL, 'Bangkok, Thailand', '2026-03-29 10:00:00', NULL, '69a835ae45a9c5a2', 'th', true, 'code_word_match')
ON CONFLICT (platform, platform_listing_id) DO UPDATE SET
  title_original = EXCLUDED.title_original,
  price_amount = EXCLUDED.price_amount,
  images = EXCLUDED.images,
  images_local = EXCLUDED.images_local,
  triage_passed = EXCLUDED.triage_passed,
  triage_reason = EXCLUDED.triage_reason;
INSERT INTO listing_analysis (id, listing_id, code_word_matches, linguistic_risk_score, analysis_method, risk_score, alert_tier, signal_breakdown, agreement_bonus)
VALUES ('e0000000-0000-0000-0000-000000000117', 'd0000000-0000-0000-0000-000000000117', '[{"id": 1, "code_word": "งาช้าง", "species_scientific": "Loxodonta africana", "product_type": "ivory_raw", "match_type": "exact", "confidence": 0.95}]', 0.95, 'deterministic', 56, 'yellow', '{"code_word": {"score": 15, "max": 15}, "cites": {"score": 25, "max": 25}, "iucn": {"score": 10, "max": 12}, "seizure": {"score": 0, "max": 13}, "geographic": {"score": 6, "max": 10}, "seller": {"score": 0, "max": 10}, "price": {"score": 0, "max": 3}, "image": {"score": 0, "max": 12}}', 0)
ON CONFLICT (listing_id) DO UPDATE SET
  code_word_matches = EXCLUDED.code_word_matches,
  linguistic_risk_score = EXCLUDED.linguistic_risk_score,
  risk_score = EXCLUDED.risk_score,
  alert_tier = EXCLUDED.alert_tier,
  signal_breakdown = EXCLUDED.signal_breakdown;

-- Listing 118: แผ่นเครื่องราง ทองเหลืองกะไหล่เงิน
INSERT INTO listings (id, scan_job_id, platform, platform_listing_id, title_original, price_amount, price_currency, images, images_local, seller_name, location_text, post_date, platform_category, content_hash, language, triage_passed, triage_reason)
VALUES ('d0000000-0000-0000-0000-000000000118', 'a0000000-0000-0000-0000-000000000002', 'facebook.com', 'fb-3990579707915271', 'แผ่นเครื่องราง ทองเหลืองกะไหล่เงิน', 800.0, 'THB', ARRAY['https://scontent-gig4-2.xx.fbcdn.net/v/t39.84726-6/658958887_938078795594555_4318433492974435233_n.jpg?stp=c0.152.261.261a_dst-jpg_p261x260_tt6&_nc_cat=102&ccb=1-7&_nc_sid=92e707&_nc_ohc=_1SpWLCwn5UQ7kNvwFlOFQ0&_nc_oc=Ado48bXqUJGhX52qXRkaf9lBVxSrOErNdGwOP-02LW3_zcEOCbpKuhe0YnSmoZE8cFU&_nc_zt=14&_nc_ht=scontent-gig4-2.xx&_nc_gid=0KUgO-P4lONQQrDzDi9Ukg&_nc_ss=7a389&oh=00_Afy7Ok1VnnNxFR5B0yxJsHMjA4Fuxbm3lOPdhuh_3Ppsug&oe=69CF4EEF'], ARRAY['/static/images/demo/fb_3990579707915271_0.jpg'], NULL, 'Bangkok, Thailand', '2026-03-29 10:00:00', NULL, '7ccef22a07a2134b', 'th', true, 'high_risk_category')
ON CONFLICT (platform, platform_listing_id) DO UPDATE SET
  title_original = EXCLUDED.title_original,
  price_amount = EXCLUDED.price_amount,
  images = EXCLUDED.images,
  images_local = EXCLUDED.images_local,
  triage_passed = EXCLUDED.triage_passed,
  triage_reason = EXCLUDED.triage_reason;
INSERT INTO listing_analysis (id, listing_id, code_word_matches, linguistic_risk_score, analysis_method, risk_score, alert_tier, signal_breakdown, agreement_bonus)
VALUES ('e0000000-0000-0000-0000-000000000118', 'd0000000-0000-0000-0000-000000000118', '[]', 0.0, 'deterministic', 2, 'clear', '{"code_word": {"score": 0, "max": 15}, "cites": {"score": 0, "max": 25}, "iucn": {"score": 0, "max": 12}, "seizure": {"score": 0, "max": 13}, "geographic": {"score": 2, "max": 10}, "seller": {"score": 0, "max": 10}, "price": {"score": 0, "max": 3}, "image": {"score": 0, "max": 12}}', 0)
ON CONFLICT (listing_id) DO UPDATE SET
  code_word_matches = EXCLUDED.code_word_matches,
  linguistic_risk_score = EXCLUDED.linguistic_risk_score,
  risk_score = EXCLUDED.risk_score,
  alert_tier = EXCLUDED.alert_tier,
  signal_breakdown = EXCLUDED.signal_breakdown;

-- Listing 119: พระผง
INSERT INTO listings (id, scan_job_id, platform, platform_listing_id, title_original, price_amount, price_currency, images, images_local, seller_name, location_text, post_date, platform_category, content_hash, language, triage_passed, triage_reason)
VALUES ('d0000000-0000-0000-0000-000000000119', 'a0000000-0000-0000-0000-000000000002', 'facebook.com', 'fb-1663389894797370', 'พระผง', 250.0, 'THB', ARRAY['https://scontent-gig4-1.xx.fbcdn.net/v/t39.84726-6/656832409_890850600619599_465457692947501623_n.jpg?stp=c0.43.261.261a_dst-jpg_p261x260_tt6&_nc_cat=111&ccb=1-7&_nc_sid=92e707&_nc_ohc=QsDT7x6FXpQQ7kNvwHAn9z-&_nc_oc=AdrBmM5sIt5hnw0U76ixFq5Y4RBU2VTtbhXf3NAC37O9Gedlt2jOSBY8HFLoekjVfoo&_nc_zt=14&_nc_ht=scontent-gig4-1.xx&_nc_gid=0KUgO-P4lONQQrDzDi9Ukg&_nc_ss=7a389&oh=00_Afzmind-pAny2vTq8RHG68Py-3ILTalqDLuXv8YeV9z7Fw&oe=69CF57A2'], ARRAY['/static/images/demo/fb_1663389894797370_0.jpg'], NULL, 'Bangkok, Thailand', '2026-03-29 10:00:00', NULL, 'e76647e042e1bf12', 'th', true, 'high_risk_category')
ON CONFLICT (platform, platform_listing_id) DO UPDATE SET
  title_original = EXCLUDED.title_original,
  price_amount = EXCLUDED.price_amount,
  images = EXCLUDED.images,
  images_local = EXCLUDED.images_local,
  triage_passed = EXCLUDED.triage_passed,
  triage_reason = EXCLUDED.triage_reason;
INSERT INTO listing_analysis (id, listing_id, code_word_matches, linguistic_risk_score, analysis_method, risk_score, alert_tier, signal_breakdown, agreement_bonus)
VALUES ('e0000000-0000-0000-0000-000000000119', 'd0000000-0000-0000-0000-000000000119', '[]', 0.0, 'deterministic', 2, 'clear', '{"code_word": {"score": 0, "max": 15}, "cites": {"score": 0, "max": 25}, "iucn": {"score": 0, "max": 12}, "seizure": {"score": 0, "max": 13}, "geographic": {"score": 2, "max": 10}, "seller": {"score": 0, "max": 10}, "price": {"score": 0, "max": 3}, "image": {"score": 0, "max": 12}}', 0)
ON CONFLICT (listing_id) DO UPDATE SET
  code_word_matches = EXCLUDED.code_word_matches,
  linguistic_risk_score = EXCLUDED.linguistic_risk_score,
  risk_score = EXCLUDED.risk_score,
  alert_tier = EXCLUDED.alert_tier,
  signal_breakdown = EXCLUDED.signal_breakdown;

-- Listing 120: เขี้ยวเสือหลวงพ่อปาน ￼
INSERT INTO listings (id, scan_job_id, platform, platform_listing_id, title_original, price_amount, price_currency, images, images_local, seller_name, location_text, post_date, platform_category, content_hash, language, triage_passed, triage_reason)
VALUES ('d0000000-0000-0000-0000-000000000120', 'a0000000-0000-0000-0000-000000000002', 'facebook.com', 'fb-2212372349294937', 'เขี้ยวเสือหลวงพ่อปาน ￼', NULL, 'THB', ARRAY['https://scontent.flas1-1.fna.fbcdn.net/v/t39.84726-6/656895848_1624386408869911_379201605918285869_n.jpg?stp=c0.10.261.261a_dst-jpg_p261x260_tt6&_nc_cat=111&ccb=1-7&_nc_sid=92e707&_nc_ohc=ljs3-fIuFCgQ7kNvwEm-Txl&_nc_oc=AdqU3pbclj0KXDpZlWdzrwheSpmSBJqaglJMR7rAN4iRXIitrSF1Ml3rmsjfr2Up8Ok&_nc_zt=14&_nc_ht=scontent.flas1-1.fna&_nc_gid=79SHKjbpi9T2cof7z1Y1jQ&_nc_ss=7a389&oh=00_AfwHsZDXL90MTPcae85TNg8upBYT8eQWFHQwT18Q_ORtzg&oe=69CF421D'], ARRAY[]::TEXT[], NULL, 'Bangkok, Thailand', '2026-03-29 10:00:00', NULL, 'dd0dafafe51ee133', 'th', true, 'code_word_match')
ON CONFLICT (platform, platform_listing_id) DO UPDATE SET
  title_original = EXCLUDED.title_original,
  price_amount = EXCLUDED.price_amount,
  images = EXCLUDED.images,
  images_local = EXCLUDED.images_local,
  triage_passed = EXCLUDED.triage_passed,
  triage_reason = EXCLUDED.triage_reason;
INSERT INTO listing_analysis (id, listing_id, code_word_matches, linguistic_risk_score, analysis_method, risk_score, alert_tier, signal_breakdown, agreement_bonus)
VALUES ('e0000000-0000-0000-0000-000000000120', 'd0000000-0000-0000-0000-000000000120', '[]', 0.0, 'deterministic', 2, 'clear', '{"code_word": {"score": 0, "max": 15}, "cites": {"score": 0, "max": 25}, "iucn": {"score": 0, "max": 12}, "seizure": {"score": 0, "max": 13}, "geographic": {"score": 2, "max": 10}, "seller": {"score": 0, "max": 10}, "price": {"score": 0, "max": 3}, "image": {"score": 0, "max": 12}}', 0)
ON CONFLICT (listing_id) DO UPDATE SET
  code_word_matches = EXCLUDED.code_word_matches,
  linguistic_risk_score = EXCLUDED.linguistic_risk_score,
  risk_score = EXCLUDED.risk_score,
  alert_tier = EXCLUDED.alert_tier,
  signal_breakdown = EXCLUDED.signal_breakdown;

-- Listing 121: เขี้ยวเสือแกะ หลวงพ่อนก วัดสังกะสี
INSERT INTO listings (id, scan_job_id, platform, platform_listing_id, title_original, price_amount, price_currency, images, images_local, seller_name, location_text, post_date, platform_category, content_hash, language, triage_passed, triage_reason)
VALUES ('d0000000-0000-0000-0000-000000000121', 'a0000000-0000-0000-0000-000000000002', 'facebook.com', 'fb-1459876458970217', 'เขี้ยวเสือแกะ หลวงพ่อนก วัดสังกะสี', NULL, 'THB', ARRAY['https://scontent.flas1-2.fna.fbcdn.net/v/t39.84726-6/657360334_2362950964216661_7798533823356669495_n.jpg?stp=c0.158.261.261a_dst-jpg_p261x260_tt6&_nc_cat=100&ccb=1-7&_nc_sid=92e707&_nc_ohc=Z3Si9VtMBgkQ7kNvwHLW3y3&_nc_oc=Adr0YmrtXjJ63LjdcxG0hhrJWFx_POpaQlSmlyZb-4-BoRzhQQNcgbeg1JEEhVGRvv0&_nc_zt=14&_nc_ht=scontent.flas1-2.fna&_nc_gid=79SHKjbpi9T2cof7z1Y1jQ&_nc_ss=7a389&oh=00_Afzr1mmbqbGbN2ii-PPKayM87EVDcMGWO0sSWVo8rNt9Bw&oe=69CF58D5'], ARRAY[]::TEXT[], NULL, 'Bangkok, Thailand', '2026-03-29 10:00:00', NULL, 'a2e49cb49770e918', 'th', true, 'code_word_match')
ON CONFLICT (platform, platform_listing_id) DO UPDATE SET
  title_original = EXCLUDED.title_original,
  price_amount = EXCLUDED.price_amount,
  images = EXCLUDED.images,
  images_local = EXCLUDED.images_local,
  triage_passed = EXCLUDED.triage_passed,
  triage_reason = EXCLUDED.triage_reason;
INSERT INTO listing_analysis (id, listing_id, code_word_matches, linguistic_risk_score, analysis_method, risk_score, alert_tier, signal_breakdown, agreement_bonus)
VALUES ('e0000000-0000-0000-0000-000000000121', 'd0000000-0000-0000-0000-000000000121', '[]', 0.0, 'deterministic', 2, 'clear', '{"code_word": {"score": 0, "max": 15}, "cites": {"score": 0, "max": 25}, "iucn": {"score": 0, "max": 12}, "seizure": {"score": 0, "max": 13}, "geographic": {"score": 2, "max": 10}, "seller": {"score": 0, "max": 10}, "price": {"score": 0, "max": 3}, "image": {"score": 0, "max": 12}}', 0)
ON CONFLICT (listing_id) DO UPDATE SET
  code_word_matches = EXCLUDED.code_word_matches,
  linguistic_risk_score = EXCLUDED.linguistic_risk_score,
  risk_score = EXCLUDED.risk_score,
  alert_tier = EXCLUDED.alert_tier,
  signal_breakdown = EXCLUDED.signal_breakdown;

-- Listing 122: เขี้ยวตะกรุดหนัง หน้าผากเสือ
INSERT INTO listings (id, scan_job_id, platform, platform_listing_id, title_original, price_amount, price_currency, images, images_local, seller_name, location_text, post_date, platform_category, content_hash, language, triage_passed, triage_reason)
VALUES ('d0000000-0000-0000-0000-000000000122', 'a0000000-0000-0000-0000-000000000002', 'facebook.com', 'fb-1604759053793743', 'เขี้ยวตะกรุดหนัง หน้าผากเสือ', NULL, 'THB', ARRAY['https://scontent.flas1-1.fna.fbcdn.net/v/t39.84726-6/640304545_1221164993454576_152108784187622895_n.jpg?stp=c0.43.261.261a_dst-jpg_p261x260_tt6&_nc_cat=104&ccb=1-7&_nc_sid=92e707&_nc_ohc=GKwycvuvNSUQ7kNvwFr5Q61&_nc_oc=AdqVh1xTDYqRKpE246FBENiw1xVYEbI5jOJXEqiyCtDy4lbkkWETj2WrFn4YFMUKmYA&_nc_zt=14&_nc_ht=scontent.flas1-1.fna&_nc_gid=79SHKjbpi9T2cof7z1Y1jQ&_nc_ss=7a389&oh=00_AfxWc2U3qES-ysBKZB-3hJe6DM7dRJlq-F_0q76SazWkug&oe=69CF537E'], ARRAY[]::TEXT[], NULL, 'Bangkok, Thailand', '2026-03-29 10:00:00', NULL, '646c7821c7d104cf', 'th', true, 'high_risk_category')
ON CONFLICT (platform, platform_listing_id) DO UPDATE SET
  title_original = EXCLUDED.title_original,
  price_amount = EXCLUDED.price_amount,
  images = EXCLUDED.images,
  images_local = EXCLUDED.images_local,
  triage_passed = EXCLUDED.triage_passed,
  triage_reason = EXCLUDED.triage_reason;
INSERT INTO listing_analysis (id, listing_id, code_word_matches, linguistic_risk_score, analysis_method, risk_score, alert_tier, signal_breakdown, agreement_bonus)
VALUES ('e0000000-0000-0000-0000-000000000122', 'd0000000-0000-0000-0000-000000000122', '[]', 0.0, 'deterministic', 2, 'clear', '{"code_word": {"score": 0, "max": 15}, "cites": {"score": 0, "max": 25}, "iucn": {"score": 0, "max": 12}, "seizure": {"score": 0, "max": 13}, "geographic": {"score": 2, "max": 10}, "seller": {"score": 0, "max": 10}, "price": {"score": 0, "max": 3}, "image": {"score": 0, "max": 12}}', 0)
ON CONFLICT (listing_id) DO UPDATE SET
  code_word_matches = EXCLUDED.code_word_matches,
  linguistic_risk_score = EXCLUDED.linguistic_risk_score,
  risk_score = EXCLUDED.risk_score,
  alert_tier = EXCLUDED.alert_tier,
  signal_breakdown = EXCLUDED.signal_breakdown;

-- Listing 123: เขี้ยวเสือ
INSERT INTO listings (id, scan_job_id, platform, platform_listing_id, title_original, price_amount, price_currency, images, images_local, seller_name, location_text, post_date, platform_category, content_hash, language, triage_passed, triage_reason)
VALUES ('d0000000-0000-0000-0000-000000000123', 'a0000000-0000-0000-0000-000000000002', 'facebook.com', 'fb-2017160235815006', 'เขี้ยวเสือ', NULL, 'THB', ARRAY['https://scontent.flas1-2.fna.fbcdn.net/v/t39.84726-6/657315894_1504163984615332_6623486971489467969_n.jpg?stp=c0.43.261.261a_dst-jpg_p261x260_tt6&_nc_cat=106&ccb=1-7&_nc_sid=92e707&_nc_ohc=LjurgF3A0t0Q7kNvwFuVWUw&_nc_oc=AdoZ6T2vO1RNhv5Ygwnt5OaYIWYbG8sOrzDthklw66QUAYNcNrH8K_kYXhdOr7lJ5PA&_nc_zt=14&_nc_ht=scontent.flas1-2.fna&_nc_gid=79SHKjbpi9T2cof7z1Y1jQ&_nc_ss=7a389&oh=00_Afw7Q0gpDYbZZc0_I1qMqiWw59K0-pWCWEir_YT9bTIDlg&oe=69CF3A28'], ARRAY[]::TEXT[], NULL, 'Bangkok, Thailand', '2026-03-29 10:00:00', NULL, '5784651881ac31cd', 'th', true, 'code_word_match')
ON CONFLICT (platform, platform_listing_id) DO UPDATE SET
  title_original = EXCLUDED.title_original,
  price_amount = EXCLUDED.price_amount,
  images = EXCLUDED.images,
  images_local = EXCLUDED.images_local,
  triage_passed = EXCLUDED.triage_passed,
  triage_reason = EXCLUDED.triage_reason;
INSERT INTO listing_analysis (id, listing_id, code_word_matches, linguistic_risk_score, analysis_method, risk_score, alert_tier, signal_breakdown, agreement_bonus)
VALUES ('e0000000-0000-0000-0000-000000000123', 'd0000000-0000-0000-0000-000000000123', '[]', 0.0, 'deterministic', 2, 'clear', '{"code_word": {"score": 0, "max": 15}, "cites": {"score": 0, "max": 25}, "iucn": {"score": 0, "max": 12}, "seizure": {"score": 0, "max": 13}, "geographic": {"score": 2, "max": 10}, "seller": {"score": 0, "max": 10}, "price": {"score": 0, "max": 3}, "image": {"score": 0, "max": 12}}', 0)
ON CONFLICT (listing_id) DO UPDATE SET
  code_word_matches = EXCLUDED.code_word_matches,
  linguistic_risk_score = EXCLUDED.linguistic_risk_score,
  risk_score = EXCLUDED.risk_score,
  alert_tier = EXCLUDED.alert_tier,
  signal_breakdown = EXCLUDED.signal_breakdown;

-- Listing 124: เขียวเสือ
INSERT INTO listings (id, scan_job_id, platform, platform_listing_id, title_original, price_amount, price_currency, images, images_local, seller_name, location_text, post_date, platform_category, content_hash, language, triage_passed, triage_reason)
VALUES ('d0000000-0000-0000-0000-000000000124', 'a0000000-0000-0000-0000-000000000002', 'facebook.com', 'fb-781147731734429', 'เขียวเสือ', NULL, 'THB', ARRAY['https://scontent.flas1-2.fna.fbcdn.net/v/t39.84726-6/654123477_1242987961297118_935730305435857228_n.jpg?stp=c0.43.261.261a_dst-jpg_p261x260_tt6&_nc_cat=100&ccb=1-7&_nc_sid=92e707&_nc_ohc=U5aJ33yDYPIQ7kNvwEjEsCj&_nc_oc=AdqVsWuxJG5vcxaqj9h6bNsxR9qNseGMJahQy55kLVHWZNegggnTnGzw94viSdP5t6M&_nc_zt=14&_nc_ht=scontent.flas1-2.fna&_nc_gid=79SHKjbpi9T2cof7z1Y1jQ&_nc_ss=7a389&oh=00_AfxPAKkvEVfTde_sApJfXJPhupUThayatWpMu4HZ73rkMg&oe=69CF3E49'], ARRAY[]::TEXT[], NULL, 'Bangkok, Thailand', '2026-03-29 10:00:00', NULL, 'faba11e00a82a728', 'th', true, 'high_risk_category')
ON CONFLICT (platform, platform_listing_id) DO UPDATE SET
  title_original = EXCLUDED.title_original,
  price_amount = EXCLUDED.price_amount,
  images = EXCLUDED.images,
  images_local = EXCLUDED.images_local,
  triage_passed = EXCLUDED.triage_passed,
  triage_reason = EXCLUDED.triage_reason;
INSERT INTO listing_analysis (id, listing_id, code_word_matches, linguistic_risk_score, analysis_method, risk_score, alert_tier, signal_breakdown, agreement_bonus)
VALUES ('e0000000-0000-0000-0000-000000000124', 'd0000000-0000-0000-0000-000000000124', '[]', 0.0, 'deterministic', 2, 'clear', '{"code_word": {"score": 0, "max": 15}, "cites": {"score": 0, "max": 25}, "iucn": {"score": 0, "max": 12}, "seizure": {"score": 0, "max": 13}, "geographic": {"score": 2, "max": 10}, "seller": {"score": 0, "max": 10}, "price": {"score": 0, "max": 3}, "image": {"score": 0, "max": 12}}', 0)
ON CONFLICT (listing_id) DO UPDATE SET
  code_word_matches = EXCLUDED.code_word_matches,
  linguistic_risk_score = EXCLUDED.linguistic_risk_score,
  risk_score = EXCLUDED.risk_score,
  alert_tier = EXCLUDED.alert_tier,
  signal_breakdown = EXCLUDED.signal_breakdown;

-- Listing 125: เสือหลวงพ่อปาน
INSERT INTO listings (id, scan_job_id, platform, platform_listing_id, title_original, price_amount, price_currency, images, images_local, seller_name, location_text, post_date, platform_category, content_hash, language, triage_passed, triage_reason)
VALUES ('d0000000-0000-0000-0000-000000000125', 'a0000000-0000-0000-0000-000000000002', 'facebook.com', 'fb-929173889660174', 'เสือหลวงพ่อปาน', NULL, 'THB', ARRAY['https://scontent.flas1-1.fna.fbcdn.net/v/t39.84726-6/651781794_2518608101892371_2897096232112950982_n.jpg?stp=c0.53.261.261a_dst-jpg_p261x260_tt6&_nc_cat=104&ccb=1-7&_nc_sid=92e707&_nc_ohc=TRweWh3NwloQ7kNvwFo9uk0&_nc_oc=Adruy6RSlZJ3Es5AY8NbMyQrm6BbgWfFTbHEsc-D9Lnuzl6hQI8bugb5R5x79kjNoWg&_nc_zt=14&_nc_ht=scontent.flas1-1.fna&_nc_gid=79SHKjbpi9T2cof7z1Y1jQ&_nc_ss=7a389&oh=00_AfzXHxpxoRsaqnNA4uPCggTE2jRx2ppz_S-KRjobqMWNpA&oe=69CF4C92'], ARRAY[]::TEXT[], NULL, 'Bangkok, Thailand', '2026-03-29 10:00:00', NULL, '3df3d347de884d53', 'th', true, 'high_risk_category')
ON CONFLICT (platform, platform_listing_id) DO UPDATE SET
  title_original = EXCLUDED.title_original,
  price_amount = EXCLUDED.price_amount,
  images = EXCLUDED.images,
  images_local = EXCLUDED.images_local,
  triage_passed = EXCLUDED.triage_passed,
  triage_reason = EXCLUDED.triage_reason;
INSERT INTO listing_analysis (id, listing_id, code_word_matches, linguistic_risk_score, analysis_method, risk_score, alert_tier, signal_breakdown, agreement_bonus)
VALUES ('e0000000-0000-0000-0000-000000000125', 'd0000000-0000-0000-0000-000000000125', '[]', 0.0, 'deterministic', 2, 'clear', '{"code_word": {"score": 0, "max": 15}, "cites": {"score": 0, "max": 25}, "iucn": {"score": 0, "max": 12}, "seizure": {"score": 0, "max": 13}, "geographic": {"score": 2, "max": 10}, "seller": {"score": 0, "max": 10}, "price": {"score": 0, "max": 3}, "image": {"score": 0, "max": 12}}', 0)
ON CONFLICT (listing_id) DO UPDATE SET
  code_word_matches = EXCLUDED.code_word_matches,
  linguistic_risk_score = EXCLUDED.linguistic_risk_score,
  risk_score = EXCLUDED.risk_score,
  alert_tier = EXCLUDED.alert_tier,
  signal_breakdown = EXCLUDED.signal_breakdown;

-- Listing 126: เสือเขี้ยวแกะ หลวงพ่อปาน วัดบางเหี้ย ''รุ่นยุคกลาง"..แกะจากเ
INSERT INTO listings (id, scan_job_id, platform, platform_listing_id, title_original, price_amount, price_currency, images, images_local, seller_name, location_text, post_date, platform_category, content_hash, language, triage_passed, triage_reason)
VALUES ('d0000000-0000-0000-0000-000000000126', 'a0000000-0000-0000-0000-000000000002', 'facebook.com', 'fb-1495980328363933', 'เสือเขี้ยวแกะ หลวงพ่อปาน วัดบางเหี้ย ''''รุ่นยุคกลาง"..แกะจากเขี้ยวเสือเต็', NULL, 'THB', ARRAY['https://scontent.flas1-2.fna.fbcdn.net/v/t39.84726-6/593342175_1688316968810252_7205033310802443228_n.jpg?stp=c0.40.261.261a_dst-jpg_p261x260_tt6&_nc_cat=105&ccb=1-7&_nc_sid=92e707&_nc_ohc=2_m8-yKHv1EQ7kNvwExTbhH&_nc_oc=AdqaztDBgBVFnprVGZ05iQfX4TrD1Mr8J1A_DPBXwJHbwpWh7Y4DR8bn3b-fmWzxZY0&_nc_zt=14&_nc_ht=scontent.flas1-2.fna&_nc_gid=79SHKjbpi9T2cof7z1Y1jQ&_nc_ss=7a389&oh=00_Afxtb6jkQlf7p7BtYTfJQQ0HDMzgr-JEE-scvoSEy8i8XQ&oe=69CF34C9'], ARRAY[]::TEXT[], NULL, 'Bangkok, Thailand', '2026-03-29 10:00:00', NULL, 'c947f33cb578b832', 'th', true, 'code_word_match')
ON CONFLICT (platform, platform_listing_id) DO UPDATE SET
  title_original = EXCLUDED.title_original,
  price_amount = EXCLUDED.price_amount,
  images = EXCLUDED.images,
  images_local = EXCLUDED.images_local,
  triage_passed = EXCLUDED.triage_passed,
  triage_reason = EXCLUDED.triage_reason;
INSERT INTO listing_analysis (id, listing_id, code_word_matches, linguistic_risk_score, analysis_method, risk_score, alert_tier, signal_breakdown, agreement_bonus)
VALUES ('e0000000-0000-0000-0000-000000000126', 'd0000000-0000-0000-0000-000000000126', '[]', 0.0, 'deterministic', 2, 'clear', '{"code_word": {"score": 0, "max": 15}, "cites": {"score": 0, "max": 25}, "iucn": {"score": 0, "max": 12}, "seizure": {"score": 0, "max": 13}, "geographic": {"score": 2, "max": 10}, "seller": {"score": 0, "max": 10}, "price": {"score": 0, "max": 3}, "image": {"score": 0, "max": 12}}', 0)
ON CONFLICT (listing_id) DO UPDATE SET
  code_word_matches = EXCLUDED.code_word_matches,
  linguistic_risk_score = EXCLUDED.linguistic_risk_score,
  risk_score = EXCLUDED.risk_score,
  alert_tier = EXCLUDED.alert_tier,
  signal_breakdown = EXCLUDED.signal_breakdown;

-- Listing 127: เขี้ยวเสือสลักหลวงพ่อปาน
INSERT INTO listings (id, scan_job_id, platform, platform_listing_id, title_original, price_amount, price_currency, images, images_local, seller_name, location_text, post_date, platform_category, content_hash, language, triage_passed, triage_reason)
VALUES ('d0000000-0000-0000-0000-000000000127', 'a0000000-0000-0000-0000-000000000002', 'facebook.com', 'fb-34453723274274625', 'เขี้ยวเสือสลักหลวงพ่อปาน', NULL, 'THB', ARRAY['https://scontent.flas1-1.fna.fbcdn.net/v/t39.84726-6/657271950_26284737041154791_5447725805326334263_n.jpg?stp=c0.43.261.261a_dst-jpg_p261x260_tt6&_nc_cat=109&ccb=1-7&_nc_sid=92e707&_nc_ohc=8V6ettlDggAQ7kNvwHNcV_S&_nc_oc=AdoDo6_qreKE2mlEECpEAmdA5gu7ML36f8xbaCbmQk8kRuhsFHvP8Vr-Z1bnDqvMVyw&_nc_zt=14&_nc_ht=scontent.flas1-1.fna&_nc_gid=79SHKjbpi9T2cof7z1Y1jQ&_nc_ss=7a389&oh=00_AfwX5alBfdjOp2LEht4tHm566xCs851bnHWjqZ-rVJDIEw&oe=69CF3914'], ARRAY[]::TEXT[], NULL, 'Bangkok, Thailand', '2026-03-29 10:00:00', NULL, '4d684a77ce5f0807', 'th', true, 'code_word_match')
ON CONFLICT (platform, platform_listing_id) DO UPDATE SET
  title_original = EXCLUDED.title_original,
  price_amount = EXCLUDED.price_amount,
  images = EXCLUDED.images,
  images_local = EXCLUDED.images_local,
  triage_passed = EXCLUDED.triage_passed,
  triage_reason = EXCLUDED.triage_reason;
INSERT INTO listing_analysis (id, listing_id, code_word_matches, linguistic_risk_score, analysis_method, risk_score, alert_tier, signal_breakdown, agreement_bonus)
VALUES ('e0000000-0000-0000-0000-000000000127', 'd0000000-0000-0000-0000-000000000127', '[]', 0.0, 'deterministic', 2, 'clear', '{"code_word": {"score": 0, "max": 15}, "cites": {"score": 0, "max": 25}, "iucn": {"score": 0, "max": 12}, "seizure": {"score": 0, "max": 13}, "geographic": {"score": 2, "max": 10}, "seller": {"score": 0, "max": 10}, "price": {"score": 0, "max": 3}, "image": {"score": 0, "max": 12}}', 0)
ON CONFLICT (listing_id) DO UPDATE SET
  code_word_matches = EXCLUDED.code_word_matches,
  linguistic_risk_score = EXCLUDED.linguistic_risk_score,
  risk_score = EXCLUDED.risk_score,
  alert_tier = EXCLUDED.alert_tier,
  signal_breakdown = EXCLUDED.signal_breakdown;

-- Listing 128: เขี้ยวแกะเสือสิงห์หลวงพ่อปาน
INSERT INTO listings (id, scan_job_id, platform, platform_listing_id, title_original, price_amount, price_currency, images, images_local, seller_name, location_text, post_date, platform_category, content_hash, language, triage_passed, triage_reason)
VALUES ('d0000000-0000-0000-0000-000000000128', 'a0000000-0000-0000-0000-000000000002', 'facebook.com', 'fb-1662641738100439', 'เขี้ยวแกะเสือสิงห์หลวงพ่อปาน', NULL, 'THB', ARRAY['https://scontent.flas1-2.fna.fbcdn.net/v/t39.84726-6/654287389_2017319929211279_3979972642810098655_n.jpg?stp=c0.159.261.261a_dst-jpg_p261x260_tt6&_nc_cat=105&ccb=1-7&_nc_sid=92e707&_nc_ohc=Zlz5_TpjJHoQ7kNvwF5sKU4&_nc_oc=AdqUnsYi7Swjiv0nUdF0vy0W2P_CjuwXLdqssGA2pV1qiyW_pKrOjnagGMfupHvBqKs&_nc_zt=14&_nc_ht=scontent.flas1-2.fna&_nc_gid=79SHKjbpi9T2cof7z1Y1jQ&_nc_ss=7a389&oh=00_AfyLNZJUwsGObYiIyEiga1rqobOp_rGuHHQl3HocSwXNhQ&oe=69CF55DE'], ARRAY[]::TEXT[], NULL, 'Bangkok, Thailand', '2026-03-29 10:00:00', NULL, '4e9a7872fb3b22db', 'th', true, 'high_risk_category')
ON CONFLICT (platform, platform_listing_id) DO UPDATE SET
  title_original = EXCLUDED.title_original,
  price_amount = EXCLUDED.price_amount,
  images = EXCLUDED.images,
  images_local = EXCLUDED.images_local,
  triage_passed = EXCLUDED.triage_passed,
  triage_reason = EXCLUDED.triage_reason;
INSERT INTO listing_analysis (id, listing_id, code_word_matches, linguistic_risk_score, analysis_method, risk_score, alert_tier, signal_breakdown, agreement_bonus)
VALUES ('e0000000-0000-0000-0000-000000000128', 'd0000000-0000-0000-0000-000000000128', '[]', 0.0, 'deterministic', 2, 'clear', '{"code_word": {"score": 0, "max": 15}, "cites": {"score": 0, "max": 25}, "iucn": {"score": 0, "max": 12}, "seizure": {"score": 0, "max": 13}, "geographic": {"score": 2, "max": 10}, "seller": {"score": 0, "max": 10}, "price": {"score": 0, "max": 3}, "image": {"score": 0, "max": 12}}', 0)
ON CONFLICT (listing_id) DO UPDATE SET
  code_word_matches = EXCLUDED.code_word_matches,
  linguistic_risk_score = EXCLUDED.linguistic_risk_score,
  risk_score = EXCLUDED.risk_score,
  alert_tier = EXCLUDED.alert_tier,
  signal_breakdown = EXCLUDED.signal_breakdown;

-- Listing 129: เสือแกะ
INSERT INTO listings (id, scan_job_id, platform, platform_listing_id, title_original, price_amount, price_currency, images, images_local, seller_name, location_text, post_date, platform_category, content_hash, language, triage_passed, triage_reason)
VALUES ('d0000000-0000-0000-0000-000000000129', 'a0000000-0000-0000-0000-000000000002', 'facebook.com', 'fb-1361111808752558', 'เสือแกะ', NULL, 'THB', ARRAY['https://scontent.flas1-1.fna.fbcdn.net/v/t39.84726-6/587192317_821544690700199_2591618572992798237_n.jpg?stp=c0.101.261.261a_dst-jpg_p261x260_tt6&_nc_cat=111&ccb=1-7&_nc_sid=92e707&_nc_ohc=k8tVL2Za5iAQ7kNvwFX_VSS&_nc_oc=AdrZaqxkw5j0dsIBD4AjXMhFwkvUZMA4LtMpQOtWELa7DP-UOah5CASxcr02iUG_Qlk&_nc_zt=14&_nc_ht=scontent.flas1-1.fna&_nc_gid=79SHKjbpi9T2cof7z1Y1jQ&_nc_ss=7a389&oh=00_AfzfRQPdKBAOCHMmTbWzrmwtexqTeHuJIctGf4ad_-wT8w&oe=69CF633A'], ARRAY[]::TEXT[], NULL, 'Bangkok, Thailand', '2026-03-29 10:00:00', NULL, '47830656c01c7016', 'th', true, 'high_risk_category')
ON CONFLICT (platform, platform_listing_id) DO UPDATE SET
  title_original = EXCLUDED.title_original,
  price_amount = EXCLUDED.price_amount,
  images = EXCLUDED.images,
  images_local = EXCLUDED.images_local,
  triage_passed = EXCLUDED.triage_passed,
  triage_reason = EXCLUDED.triage_reason;
INSERT INTO listing_analysis (id, listing_id, code_word_matches, linguistic_risk_score, analysis_method, risk_score, alert_tier, signal_breakdown, agreement_bonus)
VALUES ('e0000000-0000-0000-0000-000000000129', 'd0000000-0000-0000-0000-000000000129', '[]', 0.0, 'deterministic', 2, 'clear', '{"code_word": {"score": 0, "max": 15}, "cites": {"score": 0, "max": 25}, "iucn": {"score": 0, "max": 12}, "seizure": {"score": 0, "max": 13}, "geographic": {"score": 2, "max": 10}, "seller": {"score": 0, "max": 10}, "price": {"score": 0, "max": 3}, "image": {"score": 0, "max": 12}}', 0)
ON CONFLICT (listing_id) DO UPDATE SET
  code_word_matches = EXCLUDED.code_word_matches,
  linguistic_risk_score = EXCLUDED.linguistic_risk_score,
  risk_score = EXCLUDED.risk_score,
  alert_tier = EXCLUDED.alert_tier,
  signal_breakdown = EXCLUDED.signal_breakdown;

-- Listing 130: หลวงพ่อนก เขี้ยวเต็มแกะ เสือ
INSERT INTO listings (id, scan_job_id, platform, platform_listing_id, title_original, price_amount, price_currency, images, images_local, seller_name, location_text, post_date, platform_category, content_hash, language, triage_passed, triage_reason)
VALUES ('d0000000-0000-0000-0000-000000000130', 'a0000000-0000-0000-0000-000000000002', 'facebook.com', 'fb-3568830749923414', 'หลวงพ่อนก เขี้ยวเต็มแกะ เสือ', NULL, 'THB', ARRAY['https://scontent.flas1-1.fna.fbcdn.net/v/t39.84726-6/641384202_919301340486162_3295631520489552562_n.jpg?stp=c0.65.261.261a_dst-jpg_p261x260_tt6&_nc_cat=108&ccb=1-7&_nc_sid=92e707&_nc_ohc=iwFUoIGxxHoQ7kNvwHiJ6po&_nc_oc=Adr3Rsk_bJ9Zb6o0nzXPjDdSbCQzZdrBeSCUZ1msjRkxzKkh7ArgYVDkm1URQgsn79c&_nc_zt=14&_nc_ht=scontent.flas1-1.fna&_nc_gid=79SHKjbpi9T2cof7z1Y1jQ&_nc_ss=7a389&oh=00_AfwWK7lEdcoRbffdauqFQzZxAgAD_tsiVRReQWMngziMrA&oe=69CF33B7'], ARRAY[]::TEXT[], NULL, 'Bangkok, Thailand', '2026-03-29 10:00:00', NULL, 'd9bfd93c6415074a', 'th', true, 'high_risk_category')
ON CONFLICT (platform, platform_listing_id) DO UPDATE SET
  title_original = EXCLUDED.title_original,
  price_amount = EXCLUDED.price_amount,
  images = EXCLUDED.images,
  images_local = EXCLUDED.images_local,
  triage_passed = EXCLUDED.triage_passed,
  triage_reason = EXCLUDED.triage_reason;
INSERT INTO listing_analysis (id, listing_id, code_word_matches, linguistic_risk_score, analysis_method, risk_score, alert_tier, signal_breakdown, agreement_bonus)
VALUES ('e0000000-0000-0000-0000-000000000130', 'd0000000-0000-0000-0000-000000000130', '[]', 0.0, 'deterministic', 2, 'clear', '{"code_word": {"score": 0, "max": 15}, "cites": {"score": 0, "max": 25}, "iucn": {"score": 0, "max": 12}, "seizure": {"score": 0, "max": 13}, "geographic": {"score": 2, "max": 10}, "seller": {"score": 0, "max": 10}, "price": {"score": 0, "max": 3}, "image": {"score": 0, "max": 12}}', 0)
ON CONFLICT (listing_id) DO UPDATE SET
  code_word_matches = EXCLUDED.code_word_matches,
  linguistic_risk_score = EXCLUDED.linguistic_risk_score,
  risk_score = EXCLUDED.risk_score,
  alert_tier = EXCLUDED.alert_tier,
  signal_breakdown = EXCLUDED.signal_breakdown;

-- Listing 131: เขี้ยวเสือแกะหลวงพ่อปานเก่า
INSERT INTO listings (id, scan_job_id, platform, platform_listing_id, title_original, price_amount, price_currency, images, images_local, seller_name, location_text, post_date, platform_category, content_hash, language, triage_passed, triage_reason)
VALUES ('d0000000-0000-0000-0000-000000000131', 'a0000000-0000-0000-0000-000000000002', 'facebook.com', 'fb-34856087207338180', 'เขี้ยวเสือแกะหลวงพ่อปานเก่า', NULL, 'THB', ARRAY['https://scontent.flas1-1.fna.fbcdn.net/v/t39.84726-6/657973671_1650805159251816_6445293197511114748_n.jpg?stp=c0.65.261.261a_dst-jpg_p261x260_tt6&_nc_cat=104&ccb=1-7&_nc_sid=92e707&_nc_ohc=wIsp5sKqTZkQ7kNvwGdthVh&_nc_oc=Ado0l_gG9arIv3IBdVQWaYp2-yRiftvM2Zxy9DtHGGnPxRSaiH58w0rkTe1jZFQhR2U&_nc_zt=14&_nc_ht=scontent.flas1-1.fna&_nc_gid=79SHKjbpi9T2cof7z1Y1jQ&_nc_ss=7a389&oh=00_Afxjhwx4locE32VZ-jXctarpDGYlGt-_CJH_OE2Cd-PKNw&oe=69CF65F5'], ARRAY[]::TEXT[], NULL, 'Bangkok, Thailand', '2026-03-29 10:00:00', NULL, 'd50aaf5fd5d9ce73', 'th', true, 'code_word_match')
ON CONFLICT (platform, platform_listing_id) DO UPDATE SET
  title_original = EXCLUDED.title_original,
  price_amount = EXCLUDED.price_amount,
  images = EXCLUDED.images,
  images_local = EXCLUDED.images_local,
  triage_passed = EXCLUDED.triage_passed,
  triage_reason = EXCLUDED.triage_reason;
INSERT INTO listing_analysis (id, listing_id, code_word_matches, linguistic_risk_score, analysis_method, risk_score, alert_tier, signal_breakdown, agreement_bonus)
VALUES ('e0000000-0000-0000-0000-000000000131', 'd0000000-0000-0000-0000-000000000131', '[]', 0.0, 'deterministic', 2, 'clear', '{"code_word": {"score": 0, "max": 15}, "cites": {"score": 0, "max": 25}, "iucn": {"score": 0, "max": 12}, "seizure": {"score": 0, "max": 13}, "geographic": {"score": 2, "max": 10}, "seller": {"score": 0, "max": 10}, "price": {"score": 0, "max": 3}, "image": {"score": 0, "max": 12}}', 0)
ON CONFLICT (listing_id) DO UPDATE SET
  code_word_matches = EXCLUDED.code_word_matches,
  linguistic_risk_score = EXCLUDED.linguistic_risk_score,
  risk_score = EXCLUDED.risk_score,
  alert_tier = EXCLUDED.alert_tier,
  signal_breakdown = EXCLUDED.signal_breakdown;

-- Listing 132: เขี้ยวเสือหลวงพ่อปานเก่า
INSERT INTO listings (id, scan_job_id, platform, platform_listing_id, title_original, price_amount, price_currency, images, images_local, seller_name, location_text, post_date, platform_category, content_hash, language, triage_passed, triage_reason)
VALUES ('d0000000-0000-0000-0000-000000000132', 'a0000000-0000-0000-0000-000000000002', 'facebook.com', 'fb-1265158008490266', 'เขี้ยวเสือหลวงพ่อปานเก่า', NULL, 'THB', ARRAY['https://scontent.flas1-1.fna.fbcdn.net/v/t39.84726-6/657765859_35432574542996431_4819584560987514260_n.jpg?stp=c0.65.261.261a_dst-jpg_p261x260_tt6&_nc_cat=108&ccb=1-7&_nc_sid=92e707&_nc_ohc=qI9zPqb8yFMQ7kNvwE5aEn1&_nc_oc=AdrANtRwbEuPg8feeW96mw19gu8rBWbPYnLJag5SdLfgS9x_nOEAz5hFQyuX-iU1QLw&_nc_zt=14&_nc_ht=scontent.flas1-1.fna&_nc_gid=79SHKjbpi9T2cof7z1Y1jQ&_nc_ss=7a389&oh=00_AfwMevLC1lwO9tsxfAkBxoQIysfxyzxsqnLDKpYjddtKGA&oe=69CF517B'], ARRAY[]::TEXT[], NULL, 'Bangkok, Thailand', '2026-03-29 10:00:00', NULL, '1beade1dfeccc79c', 'th', true, 'code_word_match')
ON CONFLICT (platform, platform_listing_id) DO UPDATE SET
  title_original = EXCLUDED.title_original,
  price_amount = EXCLUDED.price_amount,
  images = EXCLUDED.images,
  images_local = EXCLUDED.images_local,
  triage_passed = EXCLUDED.triage_passed,
  triage_reason = EXCLUDED.triage_reason;
INSERT INTO listing_analysis (id, listing_id, code_word_matches, linguistic_risk_score, analysis_method, risk_score, alert_tier, signal_breakdown, agreement_bonus)
VALUES ('e0000000-0000-0000-0000-000000000132', 'd0000000-0000-0000-0000-000000000132', '[]', 0.0, 'deterministic', 2, 'clear', '{"code_word": {"score": 0, "max": 15}, "cites": {"score": 0, "max": 25}, "iucn": {"score": 0, "max": 12}, "seizure": {"score": 0, "max": 13}, "geographic": {"score": 2, "max": 10}, "seller": {"score": 0, "max": 10}, "price": {"score": 0, "max": 3}, "image": {"score": 0, "max": 12}}', 0)
ON CONFLICT (listing_id) DO UPDATE SET
  code_word_matches = EXCLUDED.code_word_matches,
  linguistic_risk_score = EXCLUDED.linguistic_risk_score,
  risk_score = EXCLUDED.risk_score,
  alert_tier = EXCLUDED.alert_tier,
  signal_breakdown = EXCLUDED.signal_breakdown;

-- Listing 133: เขี้ยวเสือแกะ
INSERT INTO listings (id, scan_job_id, platform, platform_listing_id, title_original, price_amount, price_currency, images, images_local, seller_name, location_text, post_date, platform_category, content_hash, language, triage_passed, triage_reason)
VALUES ('d0000000-0000-0000-0000-000000000133', 'a0000000-0000-0000-0000-000000000002', 'facebook.com', 'fb-838787229233622', 'เขี้ยวเสือแกะ', NULL, 'THB', ARRAY['https://scontent.flas1-2.fna.fbcdn.net/v/t39.84726-6/656269856_1607775083798865_1857259337398231145_n.jpg?stp=c0.42.261.261a_dst-jpg_p261x260_tt6&_nc_cat=106&ccb=1-7&_nc_sid=92e707&_nc_ohc=635biNm1fAkQ7kNvwFnDoPM&_nc_oc=AdrcFbpoqSI5Zc1ChENr-oAswj6D-id1RDV8gvUSW3L0WBiNsOcZhmE1QVT7vA6d2Ho&_nc_zt=14&_nc_ht=scontent.flas1-2.fna&_nc_gid=79SHKjbpi9T2cof7z1Y1jQ&_nc_ss=7a389&oh=00_AfwRdzOPlR9B4cT3OLdv-6vrZJXFH7fOPakoVq1z7YdNfw&oe=69CF4681'], ARRAY[]::TEXT[], NULL, 'Bangkok, Thailand', '2026-03-29 10:00:00', NULL, '6e4a3eebba97277e', 'th', true, 'code_word_match')
ON CONFLICT (platform, platform_listing_id) DO UPDATE SET
  title_original = EXCLUDED.title_original,
  price_amount = EXCLUDED.price_amount,
  images = EXCLUDED.images,
  images_local = EXCLUDED.images_local,
  triage_passed = EXCLUDED.triage_passed,
  triage_reason = EXCLUDED.triage_reason;
INSERT INTO listing_analysis (id, listing_id, code_word_matches, linguistic_risk_score, analysis_method, risk_score, alert_tier, signal_breakdown, agreement_bonus)
VALUES ('e0000000-0000-0000-0000-000000000133', 'd0000000-0000-0000-0000-000000000133', '[]', 0.0, 'deterministic', 2, 'clear', '{"code_word": {"score": 0, "max": 15}, "cites": {"score": 0, "max": 25}, "iucn": {"score": 0, "max": 12}, "seizure": {"score": 0, "max": 13}, "geographic": {"score": 2, "max": 10}, "seller": {"score": 0, "max": 10}, "price": {"score": 0, "max": 3}, "image": {"score": 0, "max": 12}}', 0)
ON CONFLICT (listing_id) DO UPDATE SET
  code_word_matches = EXCLUDED.code_word_matches,
  linguistic_risk_score = EXCLUDED.linguistic_risk_score,
  risk_score = EXCLUDED.risk_score,
  alert_tier = EXCLUDED.alert_tier,
  signal_breakdown = EXCLUDED.signal_breakdown;

-- Listing 134: เขี้ยวเสือเลี่ยมทองเก่า
INSERT INTO listings (id, scan_job_id, platform, platform_listing_id, title_original, price_amount, price_currency, images, images_local, seller_name, location_text, post_date, platform_category, content_hash, language, triage_passed, triage_reason)
VALUES ('d0000000-0000-0000-0000-000000000134', 'a0000000-0000-0000-0000-000000000002', 'facebook.com', 'fb-2195987604239859', 'เขี้ยวเสือเลี่ยมทองเก่า', NULL, 'THB', ARRAY['https://scontent.flas1-2.fna.fbcdn.net/v/t39.84726-6/564035246_1860048478195532_547476880363541326_n.jpg?stp=c0.43.261.261a_dst-jpg_p261x260_tt6&_nc_cat=100&ccb=1-7&_nc_sid=92e707&_nc_ohc=CN1IxMDx5a4Q7kNvwEAiShn&_nc_oc=Adq4uaHpicQJVQxTehKwTvM7uHENzxdFFf3CSFqzn3VSqDds5sjNE3sEU9rfl6UAXfc&_nc_zt=14&_nc_ht=scontent.flas1-2.fna&_nc_gid=79SHKjbpi9T2cof7z1Y1jQ&_nc_ss=7a389&oh=00_AfySTexrdtu54UfoCrHbbgn01g3FA9rRt3SI-9Q9zXG4ag&oe=69CF599C'], ARRAY[]::TEXT[], NULL, 'Bangkok, Thailand', '2026-03-29 10:00:00', NULL, '53c6b2a18569457c', 'th', true, 'code_word_match')
ON CONFLICT (platform, platform_listing_id) DO UPDATE SET
  title_original = EXCLUDED.title_original,
  price_amount = EXCLUDED.price_amount,
  images = EXCLUDED.images,
  images_local = EXCLUDED.images_local,
  triage_passed = EXCLUDED.triage_passed,
  triage_reason = EXCLUDED.triage_reason;
INSERT INTO listing_analysis (id, listing_id, code_word_matches, linguistic_risk_score, analysis_method, risk_score, alert_tier, signal_breakdown, agreement_bonus)
VALUES ('e0000000-0000-0000-0000-000000000134', 'd0000000-0000-0000-0000-000000000134', '[]', 0.0, 'deterministic', 2, 'clear', '{"code_word": {"score": 0, "max": 15}, "cites": {"score": 0, "max": 25}, "iucn": {"score": 0, "max": 12}, "seizure": {"score": 0, "max": 13}, "geographic": {"score": 2, "max": 10}, "seller": {"score": 0, "max": 10}, "price": {"score": 0, "max": 3}, "image": {"score": 0, "max": 12}}', 0)
ON CONFLICT (listing_id) DO UPDATE SET
  code_word_matches = EXCLUDED.code_word_matches,
  linguistic_risk_score = EXCLUDED.linguistic_risk_score,
  risk_score = EXCLUDED.risk_score,
  alert_tier = EXCLUDED.alert_tier,
  signal_breakdown = EXCLUDED.signal_breakdown;

-- Listing 135: เขี้ยวเสือไฟแกะเสือ หลวงพ่อนก วัดสังกะสี ปี 2450 - 2465
INSERT INTO listings (id, scan_job_id, platform, platform_listing_id, title_original, price_amount, price_currency, images, images_local, seller_name, location_text, post_date, platform_category, content_hash, language, triage_passed, triage_reason)
VALUES ('d0000000-0000-0000-0000-000000000135', 'a0000000-0000-0000-0000-000000000002', 'facebook.com', 'fb-659888347061506', 'เขี้ยวเสือไฟแกะเสือ หลวงพ่อนก วัดสังกะสี ปี 2450 - 2465', NULL, 'THB', ARRAY['https://scontent.flas1-2.fna.fbcdn.net/v/t39.84726-6/581958707_3189731794567084_4918283002759276497_n.jpg?stp=c0.100.261.261a_dst-jpg_p261x260_tt6&_nc_cat=100&ccb=1-7&_nc_sid=92e707&_nc_ohc=7a_5TNN1j-0Q7kNvwH9_O_r&_nc_oc=AdrTh5usg6X87V0zJVrx7JYllVqpiUfNODcNBVtw6q7p-TDSQzTqm_0lO38xL7DXF7U&_nc_zt=14&_nc_ht=scontent.flas1-2.fna&_nc_gid=79SHKjbpi9T2cof7z1Y1jQ&_nc_ss=7a389&oh=00_AfxWsE2tfDwgon4zZFUL-hdfFx6mDG6bToUMj18rcUUQzA&oe=69CF4C2A'], ARRAY[]::TEXT[], NULL, 'Bangkok, Thailand', '2026-03-29 10:00:00', NULL, 'c1c529a176561877', 'th', true, 'code_word_match')
ON CONFLICT (platform, platform_listing_id) DO UPDATE SET
  title_original = EXCLUDED.title_original,
  price_amount = EXCLUDED.price_amount,
  images = EXCLUDED.images,
  images_local = EXCLUDED.images_local,
  triage_passed = EXCLUDED.triage_passed,
  triage_reason = EXCLUDED.triage_reason;
INSERT INTO listing_analysis (id, listing_id, code_word_matches, linguistic_risk_score, analysis_method, risk_score, alert_tier, signal_breakdown, agreement_bonus)
VALUES ('e0000000-0000-0000-0000-000000000135', 'd0000000-0000-0000-0000-000000000135', '[]', 0.0, 'deterministic', 2, 'clear', '{"code_word": {"score": 0, "max": 15}, "cites": {"score": 0, "max": 25}, "iucn": {"score": 0, "max": 12}, "seizure": {"score": 0, "max": 13}, "geographic": {"score": 2, "max": 10}, "seller": {"score": 0, "max": 10}, "price": {"score": 0, "max": 3}, "image": {"score": 0, "max": 12}}', 0)
ON CONFLICT (listing_id) DO UPDATE SET
  code_word_matches = EXCLUDED.code_word_matches,
  linguistic_risk_score = EXCLUDED.linguistic_risk_score,
  risk_score = EXCLUDED.risk_score,
  alert_tier = EXCLUDED.alert_tier,
  signal_breakdown = EXCLUDED.signal_breakdown;

-- Listing 136: เขี้ยวเสือ สนใจสอบถามครับ
INSERT INTO listings (id, scan_job_id, platform, platform_listing_id, title_original, price_amount, price_currency, images, images_local, seller_name, location_text, post_date, platform_category, content_hash, language, triage_passed, triage_reason)
VALUES ('d0000000-0000-0000-0000-000000000136', 'a0000000-0000-0000-0000-000000000002', 'facebook.com', 'fb-869542255821066', 'เขี้ยวเสือ สนใจสอบถามครับ', NULL, 'THB', ARRAY['https://scontent.flas1-1.fna.fbcdn.net/v/t39.84726-6/600236328_3449923498491141_4120554093806781772_n.jpg?stp=c0.152.261.261a_dst-jpg_p261x260_tt6&_nc_cat=104&ccb=1-7&_nc_sid=92e707&_nc_ohc=WkOlL3nuD3oQ7kNvwFRw5LA&_nc_oc=Adq7gjaYdaPEyEpsWOBOG6E2Rdy41uyF3-xjnDwQn3sfjltOECq97Lpxdov4Gy1hKrU&_nc_zt=14&_nc_ht=scontent.flas1-1.fna&_nc_gid=79SHKjbpi9T2cof7z1Y1jQ&_nc_ss=7a389&oh=00_AfwSoYVkBpTwTFHHhfOuJDFqNsbmNireoZsC0twUQL4ZkA&oe=69CF669C'], ARRAY[]::TEXT[], NULL, 'Bangkok, Thailand', '2026-03-29 10:00:00', NULL, 'dc65d01713911b4b', 'th', true, 'code_word_match')
ON CONFLICT (platform, platform_listing_id) DO UPDATE SET
  title_original = EXCLUDED.title_original,
  price_amount = EXCLUDED.price_amount,
  images = EXCLUDED.images,
  images_local = EXCLUDED.images_local,
  triage_passed = EXCLUDED.triage_passed,
  triage_reason = EXCLUDED.triage_reason;
INSERT INTO listing_analysis (id, listing_id, code_word_matches, linguistic_risk_score, analysis_method, risk_score, alert_tier, signal_breakdown, agreement_bonus)
VALUES ('e0000000-0000-0000-0000-000000000136', 'd0000000-0000-0000-0000-000000000136', '[]', 0.0, 'deterministic', 2, 'clear', '{"code_word": {"score": 0, "max": 15}, "cites": {"score": 0, "max": 25}, "iucn": {"score": 0, "max": 12}, "seizure": {"score": 0, "max": 13}, "geographic": {"score": 2, "max": 10}, "seller": {"score": 0, "max": 10}, "price": {"score": 0, "max": 3}, "image": {"score": 0, "max": 12}}', 0)
ON CONFLICT (listing_id) DO UPDATE SET
  code_word_matches = EXCLUDED.code_word_matches,
  linguistic_risk_score = EXCLUDED.linguistic_risk_score,
  risk_score = EXCLUDED.risk_score,
  alert_tier = EXCLUDED.alert_tier,
  signal_breakdown = EXCLUDED.signal_breakdown;

-- Listing 137: เขียวเสือแท้ พลอยแท้
INSERT INTO listings (id, scan_job_id, platform, platform_listing_id, title_original, price_amount, price_currency, images, images_local, seller_name, location_text, post_date, platform_category, content_hash, language, triage_passed, triage_reason)
VALUES ('d0000000-0000-0000-0000-000000000137', 'a0000000-0000-0000-0000-000000000002', 'facebook.com', 'fb-1857784471605102', 'เขียวเสือแท้ พลอยแท้', NULL, 'THB', ARRAY['https://scontent.flas1-2.fna.fbcdn.net/v/t39.84726-6/653041952_1185035600195842_5081342273166460197_n.jpg?stp=c0.159.261.261a_dst-jpg_p261x260_tt6&_nc_cat=101&ccb=1-7&_nc_sid=92e707&_nc_ohc=qlUD1X4frn0Q7kNvwF1mJB0&_nc_oc=Ado2RhZlqosFBIzRmGcG9B9erqlsFDdUWEFygB0ok4bLoECNSnOa8NUYwXT3ep1i8RE&_nc_zt=14&_nc_ht=scontent.flas1-2.fna&_nc_gid=79SHKjbpi9T2cof7z1Y1jQ&_nc_ss=7a389&oh=00_AfzJusOkt_hCj9j2_GuMsCCfiFntiBYFgNyTdoPbvj0y2w&oe=69CF4DB6'], ARRAY[]::TEXT[], NULL, 'Bangkok, Thailand', '2026-03-29 10:00:00', NULL, 'a30e423089129523', 'th', true, 'high_risk_category')
ON CONFLICT (platform, platform_listing_id) DO UPDATE SET
  title_original = EXCLUDED.title_original,
  price_amount = EXCLUDED.price_amount,
  images = EXCLUDED.images,
  images_local = EXCLUDED.images_local,
  triage_passed = EXCLUDED.triage_passed,
  triage_reason = EXCLUDED.triage_reason;
INSERT INTO listing_analysis (id, listing_id, code_word_matches, linguistic_risk_score, analysis_method, risk_score, alert_tier, signal_breakdown, agreement_bonus)
VALUES ('e0000000-0000-0000-0000-000000000137', 'd0000000-0000-0000-0000-000000000137', '[]', 0.0, 'deterministic', 2, 'clear', '{"code_word": {"score": 0, "max": 15}, "cites": {"score": 0, "max": 25}, "iucn": {"score": 0, "max": 12}, "seizure": {"score": 0, "max": 13}, "geographic": {"score": 2, "max": 10}, "seller": {"score": 0, "max": 10}, "price": {"score": 0, "max": 3}, "image": {"score": 0, "max": 12}}', 0)
ON CONFLICT (listing_id) DO UPDATE SET
  code_word_matches = EXCLUDED.code_word_matches,
  linguistic_risk_score = EXCLUDED.linguistic_risk_score,
  risk_score = EXCLUDED.risk_score,
  alert_tier = EXCLUDED.alert_tier,
  signal_breakdown = EXCLUDED.signal_breakdown;

-- Listing 138: เปิด,,ภาพที่คุณเห็นคือ เขี้ยวเสือแกะ ซึ่งเป็นเครื่องรางของขล
INSERT INTO listings (id, scan_job_id, platform, platform_listing_id, title_original, price_amount, price_currency, images, images_local, seller_name, location_text, post_date, platform_category, content_hash, language, triage_passed, triage_reason)
VALUES ('d0000000-0000-0000-0000-000000000138', 'a0000000-0000-0000-0000-000000000002', 'facebook.com', 'fb-26468013909553210', 'เปิด,,ภาพที่คุณเห็นคือ เขี้ยวเสือแกะ ซึ่งเป็นเครื่องรางของขลังที่ได้ร?', NULL, 'THB', ARRAY['https://scontent.flas1-2.fna.fbcdn.net/v/t39.84726-6/654312248_863502866740640_2408686521367479831_n.jpg?stp=c0.43.261.261a_dst-jpg_p261x260_tt6&_nc_cat=100&ccb=1-7&_nc_sid=92e707&_nc_ohc=ILqfAEbah5QQ7kNvwFJ_kC9&_nc_oc=AdoaooCV80l2YI4TWFNwWNaB0THaiy3c8Uxb03FYd3Yc8ZuRsHVdL2SroUBFXZLErDM&_nc_zt=14&_nc_ht=scontent.flas1-2.fna&_nc_gid=79SHKjbpi9T2cof7z1Y1jQ&_nc_ss=7a389&oh=00_AfxGeO4iQ-BhP4Jlg0yYlMDqdqW2BebZb-GALZgwh5dvxg&oe=69CF35CB'], ARRAY[]::TEXT[], NULL, 'Bangkok, Thailand', '2026-03-29 10:00:00', NULL, '20eaf6d616e0e139', 'th', true, 'code_word_match')
ON CONFLICT (platform, platform_listing_id) DO UPDATE SET
  title_original = EXCLUDED.title_original,
  price_amount = EXCLUDED.price_amount,
  images = EXCLUDED.images,
  images_local = EXCLUDED.images_local,
  triage_passed = EXCLUDED.triage_passed,
  triage_reason = EXCLUDED.triage_reason;
INSERT INTO listing_analysis (id, listing_id, code_word_matches, linguistic_risk_score, analysis_method, risk_score, alert_tier, signal_breakdown, agreement_bonus)
VALUES ('e0000000-0000-0000-0000-000000000138', 'd0000000-0000-0000-0000-000000000138', '[{"id": 86, "code_word": "เขี้ยวเสือ", "species_scientific": "Panthera tigris", "product_type": "tiger_tooth", "match_type": "exact", "confidence": 0.88}]', 0.88, 'deterministic', 56, 'yellow', '{"code_word": {"score": 15, "max": 15}, "cites": {"score": 25, "max": 25}, "iucn": {"score": 10, "max": 12}, "seizure": {"score": 0, "max": 13}, "geographic": {"score": 6, "max": 10}, "seller": {"score": 0, "max": 10}, "price": {"score": 0, "max": 3}, "image": {"score": 0, "max": 12}}', 0)
ON CONFLICT (listing_id) DO UPDATE SET
  code_word_matches = EXCLUDED.code_word_matches,
  linguistic_risk_score = EXCLUDED.linguistic_risk_score,
  risk_score = EXCLUDED.risk_score,
  alert_tier = EXCLUDED.alert_tier,
  signal_breakdown = EXCLUDED.signal_breakdown;

-- Listing 139: จัดแสดงเขี้ยวหมีแกะรูปเสือ หลวงพ่อนก วัดสังกะสี จ.สมุทรปรากา
INSERT INTO listings (id, scan_job_id, platform, platform_listing_id, title_original, price_amount, price_currency, images, images_local, seller_name, location_text, post_date, platform_category, content_hash, language, triage_passed, triage_reason)
VALUES ('d0000000-0000-0000-0000-000000000139', 'a0000000-0000-0000-0000-000000000002', 'facebook.com', 'fb-891678916555060', 'จัดแสดงเขี้ยวหมีแกะรูปเสือ หลวงพ่อนก วัดสังกะสี จ.สมุทรปราการ สภาพสวยส', NULL, 'THB', ARRAY['https://scontent.flas1-2.fna.fbcdn.net/v/t39.84726-6/612614625_2097904680977358_4133880537867346610_n.jpg?stp=c0.42.261.261a_dst-jpg_p261x260_tt6&_nc_cat=106&ccb=1-7&_nc_sid=92e707&_nc_ohc=y7mcpfjaeZcQ7kNvwFbniH-&_nc_oc=AdppUKUhHK5jNXBnc5lRaEYFVqrdRkKj7CFOvuFpfAwgMErf7w98kboptj73Y22s7og&_nc_zt=14&_nc_ht=scontent.flas1-2.fna&_nc_gid=79SHKjbpi9T2cof7z1Y1jQ&_nc_ss=7a389&oh=00_AfzuJ-0otN27C6itJ8Axjiz36tWXeyJfUvGL_MrzvriZng&oe=69CF4E53'], ARRAY[]::TEXT[], NULL, 'Bangkok, Thailand', '2026-03-29 10:00:00', NULL, '1327fdbc433c2973', 'th', true, 'high_risk_category')
ON CONFLICT (platform, platform_listing_id) DO UPDATE SET
  title_original = EXCLUDED.title_original,
  price_amount = EXCLUDED.price_amount,
  images = EXCLUDED.images,
  images_local = EXCLUDED.images_local,
  triage_passed = EXCLUDED.triage_passed,
  triage_reason = EXCLUDED.triage_reason;
INSERT INTO listing_analysis (id, listing_id, code_word_matches, linguistic_risk_score, analysis_method, risk_score, alert_tier, signal_breakdown, agreement_bonus)
VALUES ('e0000000-0000-0000-0000-000000000139', 'd0000000-0000-0000-0000-000000000139', '[]', 0.0, 'deterministic', 2, 'clear', '{"code_word": {"score": 0, "max": 15}, "cites": {"score": 0, "max": 25}, "iucn": {"score": 0, "max": 12}, "seizure": {"score": 0, "max": 13}, "geographic": {"score": 2, "max": 10}, "seller": {"score": 0, "max": 10}, "price": {"score": 0, "max": 3}, "image": {"score": 0, "max": 12}}', 0)
ON CONFLICT (listing_id) DO UPDATE SET
  code_word_matches = EXCLUDED.code_word_matches,
  linguistic_risk_score = EXCLUDED.linguistic_risk_score,
  risk_score = EXCLUDED.risk_score,
  alert_tier = EXCLUDED.alert_tier,
  signal_breakdown = EXCLUDED.signal_breakdown;

-- Listing 140: ไม้ปิงปองประกอบ
INSERT INTO listings (id, scan_job_id, platform, platform_listing_id, title_original, price_amount, price_currency, images, images_local, seller_name, location_text, post_date, platform_category, content_hash, language, triage_passed, triage_reason)
VALUES ('d0000000-0000-0000-0000-000000000140', 'a0000000-0000-0000-0000-000000000002', 'facebook.com', 'fb-1291818882864660', 'ไม้ปิงปองประกอบ', NULL, 'THB', ARRAY['https://scontent.frez1-1.fna.fbcdn.net/v/t39.84726-6/652716524_963230189464759_4772922014920834229_n.jpg?stp=c0.43.261.261a_dst-jpg_p261x260_tt6&_nc_cat=107&ccb=1-7&_nc_sid=92e707&_nc_ohc=w_ZrPlBs5o4Q7kNvwHy-_ZD&_nc_oc=AdrD1umKsmyHOMc3gvexnNQKEB2o0-pdfRgfGALaDPPNCgAWCCePvaGkWuSikRrJo5c&_nc_zt=14&_nc_ht=scontent.frez1-1.fna&_nc_gid=uFuC3fezqM5Ypo3GXdiT-A&_nc_ss=7a389&oh=00_AfxHe2y_RVmZdwRuZCCIPwsWslLTFn5THi2LVIX5R_VfOg&oe=69CF44E5'], ARRAY[]::TEXT[], NULL, 'Bangkok, Thailand', '2026-03-29 10:00:00', NULL, '256d26b3dbd0a59b', 'th', true, 'high_risk_category')
ON CONFLICT (platform, platform_listing_id) DO UPDATE SET
  title_original = EXCLUDED.title_original,
  price_amount = EXCLUDED.price_amount,
  images = EXCLUDED.images,
  images_local = EXCLUDED.images_local,
  triage_passed = EXCLUDED.triage_passed,
  triage_reason = EXCLUDED.triage_reason;
INSERT INTO listing_analysis (id, listing_id, code_word_matches, linguistic_risk_score, analysis_method, risk_score, alert_tier, signal_breakdown, agreement_bonus)
VALUES ('e0000000-0000-0000-0000-000000000140', 'd0000000-0000-0000-0000-000000000140', '[]', 0.0, 'deterministic', 2, 'clear', '{"code_word": {"score": 0, "max": 15}, "cites": {"score": 0, "max": 25}, "iucn": {"score": 0, "max": 12}, "seizure": {"score": 0, "max": 13}, "geographic": {"score": 2, "max": 10}, "seller": {"score": 0, "max": 10}, "price": {"score": 0, "max": 3}, "image": {"score": 0, "max": 12}}', 0)
ON CONFLICT (listing_id) DO UPDATE SET
  code_word_matches = EXCLUDED.code_word_matches,
  linguistic_risk_score = EXCLUDED.linguistic_risk_score,
  risk_score = EXCLUDED.risk_score,
  alert_tier = EXCLUDED.alert_tier,
  signal_breakdown = EXCLUDED.signal_breakdown;

-- Listing 141: สร้อยข้อมือ หินธิเบต กระดองเต่าเขียว 9 ตา 8-10 มม.
INSERT INTO listings (id, scan_job_id, platform, platform_listing_id, title_original, price_amount, price_currency, images, images_local, seller_name, location_text, post_date, platform_category, content_hash, language, triage_passed, triage_reason)
VALUES ('d0000000-0000-0000-0000-000000000141', 'a0000000-0000-0000-0000-000000000002', 'facebook.com', 'fb-1217459950510799', 'สร้อยข้อมือ หินธิเบต กระดองเต่าเขียว 9 ตา 8-10 มม.', NULL, 'THB', ARRAY['https://scontent.frez1-1.fna.fbcdn.net/v/t39.84726-6/625198141_3848906732071933_3319483823680062179_n.jpg?stp=c0.70.261.261a_dst-jpg_p261x260_tt6&_nc_cat=107&ccb=1-7&_nc_sid=92e707&_nc_ohc=x719778YteIQ7kNvwERWdTb&_nc_oc=AdqWEEbT9Qa4D6neQpBFvimjVGU23rvVHZkhjZbDb_eugLTdO7uCMKLg905BlQE2UQI&_nc_zt=14&_nc_ht=scontent.frez1-1.fna&_nc_gid=uFuC3fezqM5Ypo3GXdiT-A&_nc_ss=7a389&oh=00_AfyyG3c27Q6y4EU8s_FLB7OvK_Mp4rNQKvcVrtSkPqEa3g&oe=69CF3270'], ARRAY[]::TEXT[], NULL, 'Bangkok, Thailand', '2026-03-29 10:00:00', NULL, '0144591cf7a7b614', 'th', true, 'code_word_match')
ON CONFLICT (platform, platform_listing_id) DO UPDATE SET
  title_original = EXCLUDED.title_original,
  price_amount = EXCLUDED.price_amount,
  images = EXCLUDED.images,
  images_local = EXCLUDED.images_local,
  triage_passed = EXCLUDED.triage_passed,
  triage_reason = EXCLUDED.triage_reason;
INSERT INTO listing_analysis (id, listing_id, code_word_matches, linguistic_risk_score, analysis_method, risk_score, alert_tier, signal_breakdown, agreement_bonus)
VALUES ('e0000000-0000-0000-0000-000000000141', 'd0000000-0000-0000-0000-000000000141', '[{"id": 17, "code_word": "กระ", "species_scientific": "Geochelone elegans", "product_type": "tortoiseshell", "match_type": "exact", "confidence": 0.72}, {"id": 18, "code_word": "กระดองเต่า", "species_scientific": "Geochelone elegans", "product_type": "turtle_shell", "match_type": "exact", "confidence": 0.9}]', 0.9, 'deterministic', 53, 'yellow', '{"code_word": {"score": 15, "max": 15}, "cites": {"score": 25, "max": 25}, "iucn": {"score": 7, "max": 12}, "seizure": {"score": 0, "max": 13}, "geographic": {"score": 6, "max": 10}, "seller": {"score": 0, "max": 10}, "price": {"score": 0, "max": 3}, "image": {"score": 0, "max": 12}}', 0)
ON CONFLICT (listing_id) DO UPDATE SET
  code_word_matches = EXCLUDED.code_word_matches,
  linguistic_risk_score = EXCLUDED.linguistic_risk_score,
  risk_score = EXCLUDED.risk_score,
  alert_tier = EXCLUDED.alert_tier,
  signal_breakdown = EXCLUDED.signal_breakdown;

-- Listing 142: ชุด กา ถ้วย ทองเหลือง ราคา 3500
INSERT INTO listings (id, scan_job_id, platform, platform_listing_id, title_original, price_amount, price_currency, images, images_local, seller_name, location_text, post_date, platform_category, content_hash, language, triage_passed, triage_reason)
VALUES ('d0000000-0000-0000-0000-000000000142', 'a0000000-0000-0000-0000-000000000002', 'facebook.com', 'fb-26449488217980778', 'ชุด กา ถ้วย ทองเหลือง ราคา 3500', NULL, 'THB', ARRAY['https://scontent.frez1-1.fna.fbcdn.net/v/t39.84726-6/657271638_2021904815087683_798829746824603901_n.jpg?stp=c0.43.261.261a_dst-jpg_p261x260_tt6&_nc_cat=107&ccb=1-7&_nc_sid=92e707&_nc_ohc=8IBxW9GAJTQQ7kNvwEa6rS9&_nc_oc=AdoSE2V4Y51ZssaGsodhLi9WkI7gF_XS0JhFpMmUD_TFqvt7EuxDJvlAxKDi1iW3QHs&_nc_zt=14&_nc_ht=scontent.frez1-1.fna&_nc_gid=uFuC3fezqM5Ypo3GXdiT-A&_nc_ss=7a389&oh=00_Afygsv7NPB48tp7TwEydyxYCiFjztzXu7kiGnrrno7dRYg&oe=69CF3EB1'], ARRAY[]::TEXT[], NULL, 'Bangkok, Thailand', '2026-03-29 10:00:00', NULL, '93967bfbf89b19bc', 'th', true, 'high_risk_category')
ON CONFLICT (platform, platform_listing_id) DO UPDATE SET
  title_original = EXCLUDED.title_original,
  price_amount = EXCLUDED.price_amount,
  images = EXCLUDED.images,
  images_local = EXCLUDED.images_local,
  triage_passed = EXCLUDED.triage_passed,
  triage_reason = EXCLUDED.triage_reason;
INSERT INTO listing_analysis (id, listing_id, code_word_matches, linguistic_risk_score, analysis_method, risk_score, alert_tier, signal_breakdown, agreement_bonus)
VALUES ('e0000000-0000-0000-0000-000000000142', 'd0000000-0000-0000-0000-000000000142', '[]', 0.0, 'deterministic', 2, 'clear', '{"code_word": {"score": 0, "max": 15}, "cites": {"score": 0, "max": 25}, "iucn": {"score": 0, "max": 12}, "seizure": {"score": 0, "max": 13}, "geographic": {"score": 2, "max": 10}, "seller": {"score": 0, "max": 10}, "price": {"score": 0, "max": 3}, "image": {"score": 0, "max": 12}}', 0)
ON CONFLICT (listing_id) DO UPDATE SET
  code_word_matches = EXCLUDED.code_word_matches,
  linguistic_risk_score = EXCLUDED.linguistic_risk_score,
  risk_score = EXCLUDED.risk_score,
  alert_tier = EXCLUDED.alert_tier,
  signal_breakdown = EXCLUDED.signal_breakdown;

-- Listing 143: สร้อยข้อมือ เทอควอยซ์ เขียว กระดองเต่า 12 มม.
INSERT INTO listings (id, scan_job_id, platform, platform_listing_id, title_original, price_amount, price_currency, images, images_local, seller_name, location_text, post_date, platform_category, content_hash, language, triage_passed, triage_reason)
VALUES ('d0000000-0000-0000-0000-000000000143', 'a0000000-0000-0000-0000-000000000002', 'facebook.com', 'fb-2786071975062137', 'สร้อยข้อมือ เทอควอยซ์ เขียว กระดองเต่า 12 มม.', NULL, 'THB', ARRAY['https://scontent.frez1-1.fna.fbcdn.net/v/t39.84726-6/622385903_1617254879705904_6508735053889910425_n.jpg?stp=c0.49.261.261a_dst-jpg_p261x260_tt6&_nc_cat=105&ccb=1-7&_nc_sid=92e707&_nc_ohc=uC8xKj9JWicQ7kNvwGMNKo3&_nc_oc=AdoUu49GECSlufU2El6Z_h3mdHCBwGJJLmMrBUZDhSnsJ48QFebm14YwVwRzhcO9Bp8&_nc_zt=14&_nc_ht=scontent.frez1-1.fna&_nc_gid=uFuC3fezqM5Ypo3GXdiT-A&_nc_ss=7a389&oh=00_Afxpb0eAqcx0QvoOQ1ZtF4jZFXNGUm6w1LDKn84LihKZ-Q&oe=69CF6150'], ARRAY[]::TEXT[], NULL, 'Bangkok, Thailand', '2026-03-29 10:00:00', NULL, '35bfa3aa430e52c0', 'th', true, 'code_word_match')
ON CONFLICT (platform, platform_listing_id) DO UPDATE SET
  title_original = EXCLUDED.title_original,
  price_amount = EXCLUDED.price_amount,
  images = EXCLUDED.images,
  images_local = EXCLUDED.images_local,
  triage_passed = EXCLUDED.triage_passed,
  triage_reason = EXCLUDED.triage_reason;
INSERT INTO listing_analysis (id, listing_id, code_word_matches, linguistic_risk_score, analysis_method, risk_score, alert_tier, signal_breakdown, agreement_bonus)
VALUES ('e0000000-0000-0000-0000-000000000143', 'd0000000-0000-0000-0000-000000000143', '[{"id": 17, "code_word": "กระ", "species_scientific": "Geochelone elegans", "product_type": "tortoiseshell", "match_type": "exact", "confidence": 0.72}, {"id": 18, "code_word": "กระดองเต่า", "species_scientific": "Geochelone elegans", "product_type": "turtle_shell", "match_type": "exact", "confidence": 0.9}]', 0.9, 'deterministic', 53, 'yellow', '{"code_word": {"score": 15, "max": 15}, "cites": {"score": 25, "max": 25}, "iucn": {"score": 7, "max": 12}, "seizure": {"score": 0, "max": 13}, "geographic": {"score": 6, "max": 10}, "seller": {"score": 0, "max": 10}, "price": {"score": 0, "max": 3}, "image": {"score": 0, "max": 12}}', 0)
ON CONFLICT (listing_id) DO UPDATE SET
  code_word_matches = EXCLUDED.code_word_matches,
  linguistic_risk_score = EXCLUDED.linguistic_risk_score,
  risk_score = EXCLUDED.risk_score,
  alert_tier = EXCLUDED.alert_tier,
  signal_breakdown = EXCLUDED.signal_breakdown;

-- Listing 144: กรอบแว่น กระดองเต่า แท้ 💯 ขนาด 54
INSERT INTO listings (id, scan_job_id, platform, platform_listing_id, title_original, price_amount, price_currency, images, images_local, seller_name, location_text, post_date, platform_category, content_hash, language, triage_passed, triage_reason)
VALUES ('d0000000-0000-0000-0000-000000000144', 'a0000000-0000-0000-0000-000000000002', 'facebook.com', 'fb-1453673873164698', 'กรอบแว่น กระดองเต่า แท้ 💯 ขนาด 54', NULL, 'THB', ARRAY['https://scontent.frez1-1.fna.fbcdn.net/v/t39.84726-6/659928977_1307018384608083_993394302610153434_n.jpg?stp=c0.43.261.261a_dst-jpg_p261x260_tt6&_nc_cat=110&ccb=1-7&_nc_sid=92e707&_nc_ohc=l_OGPCB0kjAQ7kNvwHly_YG&_nc_oc=AdrozzgMwufVlFG1oTEKkMS5PksdXGy4B5IxNfCQdkX9VlHkvrTdGAP8Z99mX1Ui934&_nc_zt=14&_nc_ht=scontent.frez1-1.fna&_nc_gid=uFuC3fezqM5Ypo3GXdiT-A&_nc_ss=7a389&oh=00_AfwaUqLNAZAKcKRoPqEiqJceThjHP819T0KUbbv-Oe68VQ&oe=69CF5365'], ARRAY[]::TEXT[], NULL, 'Bangkok, Thailand', '2026-03-29 10:00:00', NULL, '9cc127923bc3179b', 'th', true, 'code_word_match')
ON CONFLICT (platform, platform_listing_id) DO UPDATE SET
  title_original = EXCLUDED.title_original,
  price_amount = EXCLUDED.price_amount,
  images = EXCLUDED.images,
  images_local = EXCLUDED.images_local,
  triage_passed = EXCLUDED.triage_passed,
  triage_reason = EXCLUDED.triage_reason;
INSERT INTO listing_analysis (id, listing_id, code_word_matches, linguistic_risk_score, analysis_method, risk_score, alert_tier, signal_breakdown, agreement_bonus)
VALUES ('e0000000-0000-0000-0000-000000000144', 'd0000000-0000-0000-0000-000000000144', '[{"id": 17, "code_word": "กระ", "species_scientific": "Geochelone elegans", "product_type": "tortoiseshell", "match_type": "exact", "confidence": 0.72}, {"id": 18, "code_word": "กระดองเต่า", "species_scientific": "Geochelone elegans", "product_type": "turtle_shell", "match_type": "exact", "confidence": 0.9}]', 0.9, 'deterministic', 53, 'yellow', '{"code_word": {"score": 15, "max": 15}, "cites": {"score": 25, "max": 25}, "iucn": {"score": 7, "max": 12}, "seizure": {"score": 0, "max": 13}, "geographic": {"score": 6, "max": 10}, "seller": {"score": 0, "max": 10}, "price": {"score": 0, "max": 3}, "image": {"score": 0, "max": 12}}', 0)
ON CONFLICT (listing_id) DO UPDATE SET
  code_word_matches = EXCLUDED.code_word_matches,
  linguistic_risk_score = EXCLUDED.linguistic_risk_score,
  risk_score = EXCLUDED.risk_score,
  alert_tier = EXCLUDED.alert_tier,
  signal_breakdown = EXCLUDED.signal_breakdown;

-- Listing 145: กระดองเต่า สภาพดี ตามภาพ ขายคู่ 700
INSERT INTO listings (id, scan_job_id, platform, platform_listing_id, title_original, price_amount, price_currency, images, images_local, seller_name, location_text, post_date, platform_category, content_hash, language, triage_passed, triage_reason)
VALUES ('d0000000-0000-0000-0000-000000000145', 'a0000000-0000-0000-0000-000000000002', 'facebook.com', 'fb-1944561439761794', 'กระดองเต่า สภาพดี ตามภาพ ขายคู่ 700', NULL, 'THB', ARRAY['https://scontent.frez1-1.fna.fbcdn.net/v/t39.84726-6/649532783_951943387174428_6221460168651252029_n.jpg?stp=c43.0.260.260a_dst-jpg_p261x260_tt6&_nc_cat=107&ccb=1-7&_nc_sid=92e707&_nc_ohc=y9-GB_QDDvAQ7kNvwEKlk-f&_nc_oc=Adprw4p5FQgAfmDEwq5Hux-eXSIWeis4l1MuAnBIeQImdXi9wSCnFMBrMXTCSiLtOvg&_nc_zt=14&_nc_ht=scontent.frez1-1.fna&_nc_gid=uFuC3fezqM5Ypo3GXdiT-A&_nc_ss=7a389&oh=00_AfxUXUwXx9uaGgmrx1A6S-zXuIspP-Jt_wj18ruOV1WI3w&oe=69CF59EC'], ARRAY[]::TEXT[], NULL, 'Bangkok, Thailand', '2026-03-29 10:00:00', NULL, 'fa8e7864a71edaf0', 'th', true, 'code_word_match')
ON CONFLICT (platform, platform_listing_id) DO UPDATE SET
  title_original = EXCLUDED.title_original,
  price_amount = EXCLUDED.price_amount,
  images = EXCLUDED.images,
  images_local = EXCLUDED.images_local,
  triage_passed = EXCLUDED.triage_passed,
  triage_reason = EXCLUDED.triage_reason;
INSERT INTO listing_analysis (id, listing_id, code_word_matches, linguistic_risk_score, analysis_method, risk_score, alert_tier, signal_breakdown, agreement_bonus)
VALUES ('e0000000-0000-0000-0000-000000000145', 'd0000000-0000-0000-0000-000000000145', '[{"id": 17, "code_word": "กระ", "species_scientific": "Geochelone elegans", "product_type": "tortoiseshell", "match_type": "exact", "confidence": 0.72}, {"id": 18, "code_word": "กระดองเต่า", "species_scientific": "Geochelone elegans", "product_type": "turtle_shell", "match_type": "exact", "confidence": 0.9}]', 0.9, 'deterministic', 53, 'yellow', '{"code_word": {"score": 15, "max": 15}, "cites": {"score": 25, "max": 25}, "iucn": {"score": 7, "max": 12}, "seizure": {"score": 0, "max": 13}, "geographic": {"score": 6, "max": 10}, "seller": {"score": 0, "max": 10}, "price": {"score": 0, "max": 3}, "image": {"score": 0, "max": 12}}', 0)
ON CONFLICT (listing_id) DO UPDATE SET
  code_word_matches = EXCLUDED.code_word_matches,
  linguistic_risk_score = EXCLUDED.linguistic_risk_score,
  risk_score = EXCLUDED.risk_score,
  alert_tier = EXCLUDED.alert_tier,
  signal_breakdown = EXCLUDED.signal_breakdown;

-- Listing 146: ถาดไม้เคลือบแลคเกอร์ลายกระดองเต่าทำจากเปลือกเชอร์รี่วินเทจ จ
INSERT INTO listings (id, scan_job_id, platform, platform_listing_id, title_original, price_amount, price_currency, images, images_local, seller_name, location_text, post_date, platform_category, content_hash, language, triage_passed, triage_reason)
VALUES ('d0000000-0000-0000-0000-000000000146', 'a0000000-0000-0000-0000-000000000002', 'facebook.com', 'fb-938622515593008', 'ถาดไม้เคลือบแลคเกอร์ลายกระดองเต่าทำจากเปลือกเชอร์รี่วินเทจ จาก Cherry Craft', NULL, 'THB', ARRAY['https://scontent.frez1-1.fna.fbcdn.net/v/t39.84726-6/654943620_918392414414618_2603880462638163767_n.jpg?stp=c0.43.261.261a_dst-jpg_p261x260_tt6&_nc_cat=101&ccb=1-7&_nc_sid=92e707&_nc_ohc=7gqTpVYc-xsQ7kNvwEsHeLl&_nc_oc=Adq9hdPaSXD0yx-nSgjYuvzTp1rx_H_2Uy8DReDUw9fakv5yRSotP-WulcmsUs-Pc10&_nc_zt=14&_nc_ht=scontent.frez1-1.fna&_nc_gid=uFuC3fezqM5Ypo3GXdiT-A&_nc_ss=7a389&oh=00_Afz2BfOnGe9CgyhId6xhuibbyZHe6Qyjh75cMsQ78HSyyA&oe=69CF62E3'], ARRAY[]::TEXT[], NULL, 'Bangkok, Thailand', '2026-03-29 10:00:00', NULL, '603c63930757848c', 'th', true, 'code_word_match')
ON CONFLICT (platform, platform_listing_id) DO UPDATE SET
  title_original = EXCLUDED.title_original,
  price_amount = EXCLUDED.price_amount,
  images = EXCLUDED.images,
  images_local = EXCLUDED.images_local,
  triage_passed = EXCLUDED.triage_passed,
  triage_reason = EXCLUDED.triage_reason;
INSERT INTO listing_analysis (id, listing_id, code_word_matches, linguistic_risk_score, analysis_method, risk_score, alert_tier, signal_breakdown, agreement_bonus)
VALUES ('e0000000-0000-0000-0000-000000000146', 'd0000000-0000-0000-0000-000000000146', '[{"id": 17, "code_word": "กระ", "species_scientific": "Geochelone elegans", "product_type": "tortoiseshell", "match_type": "exact", "confidence": 0.72}, {"id": 18, "code_word": "กระดองเต่า", "species_scientific": "Geochelone elegans", "product_type": "turtle_shell", "match_type": "exact", "confidence": 0.9}]', 0.9, 'deterministic', 53, 'yellow', '{"code_word": {"score": 15, "max": 15}, "cites": {"score": 25, "max": 25}, "iucn": {"score": 7, "max": 12}, "seizure": {"score": 0, "max": 13}, "geographic": {"score": 6, "max": 10}, "seller": {"score": 0, "max": 10}, "price": {"score": 0, "max": 3}, "image": {"score": 0, "max": 12}}', 0)
ON CONFLICT (listing_id) DO UPDATE SET
  code_word_matches = EXCLUDED.code_word_matches,
  linguistic_risk_score = EXCLUDED.linguistic_risk_score,
  risk_score = EXCLUDED.risk_score,
  alert_tier = EXCLUDED.alert_tier,
  signal_breakdown = EXCLUDED.signal_breakdown;

-- Listing 147: สร้อยข้อมือหินมงคล เทอร์ควอยซ์กระดองเต่าสีรุ้ง ฟ้า เขียว แดง
INSERT INTO listings (id, scan_job_id, platform, platform_listing_id, title_original, price_amount, price_currency, images, images_local, seller_name, location_text, post_date, platform_category, content_hash, language, triage_passed, triage_reason)
VALUES ('d0000000-0000-0000-0000-000000000147', 'a0000000-0000-0000-0000-000000000002', 'facebook.com', 'fb-2103692083812503', 'สร้อยข้อมือหินมงคล เทอร์ควอยซ์กระดองเต่าสีรุ้ง ฟ้า เขียว แดง หินพ่อมด ?', NULL, 'THB', ARRAY['https://scontent.frez1-1.fna.fbcdn.net/v/t39.84726-6/653412729_1628841944972010_3879341456689031095_n.jpg?stp=c0.43.261.261a_dst-jpg_p261x260_tt6&_nc_cat=104&ccb=1-7&_nc_sid=92e707&_nc_ohc=dcnlA2QZTrAQ7kNvwH2sIZa&_nc_oc=Ado21KmQZiCVgF6Mv1zFwfkM1bNP2QgJOd6VMeLHtmrSgdha4gWfgRH7CxNx6TJ2Vy8&_nc_zt=14&_nc_ht=scontent.frez1-1.fna&_nc_gid=uFuC3fezqM5Ypo3GXdiT-A&_nc_ss=7a389&oh=00_Afw9LruzVT5GyGt0y_8gPWMTs0cEbtYG_bYlyMjiOBpzvQ&oe=69CF399F'], ARRAY[]::TEXT[], NULL, 'Bangkok, Thailand', '2026-03-29 10:00:00', NULL, 'a6a92302bc80936b', 'th', true, 'code_word_match')
ON CONFLICT (platform, platform_listing_id) DO UPDATE SET
  title_original = EXCLUDED.title_original,
  price_amount = EXCLUDED.price_amount,
  images = EXCLUDED.images,
  images_local = EXCLUDED.images_local,
  triage_passed = EXCLUDED.triage_passed,
  triage_reason = EXCLUDED.triage_reason;
INSERT INTO listing_analysis (id, listing_id, code_word_matches, linguistic_risk_score, analysis_method, risk_score, alert_tier, signal_breakdown, agreement_bonus)
VALUES ('e0000000-0000-0000-0000-000000000147', 'd0000000-0000-0000-0000-000000000147', '[{"id": 17, "code_word": "กระ", "species_scientific": "Geochelone elegans", "product_type": "tortoiseshell", "match_type": "exact", "confidence": 0.72}, {"id": 18, "code_word": "กระดองเต่า", "species_scientific": "Geochelone elegans", "product_type": "turtle_shell", "match_type": "exact", "confidence": 0.9}]', 0.9, 'deterministic', 53, 'yellow', '{"code_word": {"score": 15, "max": 15}, "cites": {"score": 25, "max": 25}, "iucn": {"score": 7, "max": 12}, "seizure": {"score": 0, "max": 13}, "geographic": {"score": 6, "max": 10}, "seller": {"score": 0, "max": 10}, "price": {"score": 0, "max": 3}, "image": {"score": 0, "max": 12}}', 0)
ON CONFLICT (listing_id) DO UPDATE SET
  code_word_matches = EXCLUDED.code_word_matches,
  linguistic_risk_score = EXCLUDED.linguistic_risk_score,
  risk_score = EXCLUDED.risk_score,
  alert_tier = EXCLUDED.alert_tier,
  signal_breakdown = EXCLUDED.signal_breakdown;

-- Listing 148: แว่นกระดองเต่าแท้ๆ
INSERT INTO listings (id, scan_job_id, platform, platform_listing_id, title_original, price_amount, price_currency, images, images_local, seller_name, location_text, post_date, platform_category, content_hash, language, triage_passed, triage_reason)
VALUES ('d0000000-0000-0000-0000-000000000148', 'a0000000-0000-0000-0000-000000000002', 'facebook.com', 'fb-1089553812993089', 'แว่นกระดองเต่าแท้ๆ', NULL, 'THB', ARRAY['https://scontent.frez1-1.fna.fbcdn.net/v/t39.84726-6/561401708_24743224178681401_6043993125180075041_n.jpg?stp=c43.0.260.260a_dst-jpg_p261x260_tt6&_nc_cat=106&ccb=1-7&_nc_sid=92e707&_nc_ohc=v95szn4X3fAQ7kNvwGxDABM&_nc_oc=AdrsdAoG3prV4T3XePdoQxXNmb2926bNiYKBmPrt_DXG1jWgAguTTllbASENJ_dVTO0&_nc_zt=14&_nc_ht=scontent.frez1-1.fna&_nc_gid=uFuC3fezqM5Ypo3GXdiT-A&_nc_ss=7a389&oh=00_Afz540R2hmBVEpEMSIex2ImtJ-Qk8QVsIbvaCbUYY6UlGw&oe=69CF4D85'], ARRAY[]::TEXT[], NULL, 'Bangkok, Thailand', '2026-03-29 10:00:00', NULL, '07427b1a5575de3c', 'th', true, 'code_word_match')
ON CONFLICT (platform, platform_listing_id) DO UPDATE SET
  title_original = EXCLUDED.title_original,
  price_amount = EXCLUDED.price_amount,
  images = EXCLUDED.images,
  images_local = EXCLUDED.images_local,
  triage_passed = EXCLUDED.triage_passed,
  triage_reason = EXCLUDED.triage_reason;
INSERT INTO listing_analysis (id, listing_id, code_word_matches, linguistic_risk_score, analysis_method, risk_score, alert_tier, signal_breakdown, agreement_bonus)
VALUES ('e0000000-0000-0000-0000-000000000148', 'd0000000-0000-0000-0000-000000000148', '[{"id": 17, "code_word": "กระ", "species_scientific": "Geochelone elegans", "product_type": "tortoiseshell", "match_type": "exact", "confidence": 0.72}, {"id": 18, "code_word": "กระดองเต่า", "species_scientific": "Geochelone elegans", "product_type": "turtle_shell", "match_type": "exact", "confidence": 0.9}]', 0.9, 'deterministic', 53, 'yellow', '{"code_word": {"score": 15, "max": 15}, "cites": {"score": 25, "max": 25}, "iucn": {"score": 7, "max": 12}, "seizure": {"score": 0, "max": 13}, "geographic": {"score": 6, "max": 10}, "seller": {"score": 0, "max": 10}, "price": {"score": 0, "max": 3}, "image": {"score": 0, "max": 12}}', 0)
ON CONFLICT (listing_id) DO UPDATE SET
  code_word_matches = EXCLUDED.code_word_matches,
  linguistic_risk_score = EXCLUDED.linguistic_risk_score,
  risk_score = EXCLUDED.risk_score,
  alert_tier = EXCLUDED.alert_tier,
  signal_breakdown = EXCLUDED.signal_breakdown;

-- Listing 149: หมวกทรงกระดองเต่า
INSERT INTO listings (id, scan_job_id, platform, platform_listing_id, title_original, price_amount, price_currency, images, images_local, seller_name, location_text, post_date, platform_category, content_hash, language, triage_passed, triage_reason)
VALUES ('d0000000-0000-0000-0000-000000000149', 'a0000000-0000-0000-0000-000000000002', 'facebook.com', 'fb-899810889602738', 'หมวกทรงกระดองเต่า', NULL, 'THB', ARRAY['https://scontent.frez1-1.fna.fbcdn.net/v/t39.84726-6/644949096_1224378196576073_8546878542040747647_n.jpg?stp=c0.46.258.258a_dst-jpg_p235x350_tt6&_nc_cat=105&ccb=1-7&_nc_sid=92e707&_nc_ohc=G44HqaPYC6cQ7kNvwE0jVz9&_nc_oc=AdpGR0wBn118321bAUELMefPawwYHN5kWJ-wSNVry53bKaj2jpEUCotkW2iWIq5fhKM&_nc_zt=14&_nc_ht=scontent.frez1-1.fna&_nc_gid=uFuC3fezqM5Ypo3GXdiT-A&_nc_ss=7a389&oh=00_AfxQN4w_97wR025jJRnAs1alSYUUn3QY8nLP-uok_-mLqg&oe=69CF56DE'], ARRAY[]::TEXT[], NULL, 'Bangkok, Thailand', '2026-03-29 10:00:00', NULL, 'b5444bff9e566ae3', 'th', true, 'code_word_match')
ON CONFLICT (platform, platform_listing_id) DO UPDATE SET
  title_original = EXCLUDED.title_original,
  price_amount = EXCLUDED.price_amount,
  images = EXCLUDED.images,
  images_local = EXCLUDED.images_local,
  triage_passed = EXCLUDED.triage_passed,
  triage_reason = EXCLUDED.triage_reason;
INSERT INTO listing_analysis (id, listing_id, code_word_matches, linguistic_risk_score, analysis_method, risk_score, alert_tier, signal_breakdown, agreement_bonus)
VALUES ('e0000000-0000-0000-0000-000000000149', 'd0000000-0000-0000-0000-000000000149', '[{"id": 17, "code_word": "กระ", "species_scientific": "Geochelone elegans", "product_type": "tortoiseshell", "match_type": "exact", "confidence": 0.72}, {"id": 18, "code_word": "กระดองเต่า", "species_scientific": "Geochelone elegans", "product_type": "turtle_shell", "match_type": "exact", "confidence": 0.9}]', 0.9, 'deterministic', 53, 'yellow', '{"code_word": {"score": 15, "max": 15}, "cites": {"score": 25, "max": 25}, "iucn": {"score": 7, "max": 12}, "seizure": {"score": 0, "max": 13}, "geographic": {"score": 6, "max": 10}, "seller": {"score": 0, "max": 10}, "price": {"score": 0, "max": 3}, "image": {"score": 0, "max": 12}}', 0)
ON CONFLICT (listing_id) DO UPDATE SET
  code_word_matches = EXCLUDED.code_word_matches,
  linguistic_risk_score = EXCLUDED.linguistic_risk_score,
  risk_score = EXCLUDED.risk_score,
  alert_tier = EXCLUDED.alert_tier,
  signal_breakdown = EXCLUDED.signal_breakdown;

-- Listing 150: กรอบแว่นกระดองเต่า Frame Japan Titan-P
INSERT INTO listings (id, scan_job_id, platform, platform_listing_id, title_original, price_amount, price_currency, images, images_local, seller_name, location_text, post_date, platform_category, content_hash, language, triage_passed, triage_reason)
VALUES ('d0000000-0000-0000-0000-000000000150', 'a0000000-0000-0000-0000-000000000002', 'facebook.com', 'fb-893717666998450', 'กรอบแว่นกระดองเต่า Frame Japan Titan-P', NULL, 'THB', ARRAY['https://scontent.frez1-1.fna.fbcdn.net/v/t39.84726-6/659032775_2190396925045153_828359260187038504_n.jpg?stp=c12.0.260.260a_dst-jpg_p261x260_tt6&_nc_cat=104&ccb=1-7&_nc_sid=92e707&_nc_ohc=QZQGGdq03p4Q7kNvwEO19al&_nc_oc=AdpytOyZojODy6qUNt128GXsyFtqM56Y32HTRy9M8qLPDMxivhf3huow-0LpBjSGft8&_nc_zt=14&_nc_ht=scontent.frez1-1.fna&_nc_gid=uFuC3fezqM5Ypo3GXdiT-A&_nc_ss=7a389&oh=00_Afwxm-5jVTqrJCkGOvpDWTUBWGur703yoPAjyfbTvb75Sg&oe=69CF38B2'], ARRAY[]::TEXT[], NULL, 'Bangkok, Thailand', '2026-03-29 10:00:00', NULL, '8de5292bd98d806c', 'th', true, 'code_word_match')
ON CONFLICT (platform, platform_listing_id) DO UPDATE SET
  title_original = EXCLUDED.title_original,
  price_amount = EXCLUDED.price_amount,
  images = EXCLUDED.images,
  images_local = EXCLUDED.images_local,
  triage_passed = EXCLUDED.triage_passed,
  triage_reason = EXCLUDED.triage_reason;
INSERT INTO listing_analysis (id, listing_id, code_word_matches, linguistic_risk_score, analysis_method, risk_score, alert_tier, signal_breakdown, agreement_bonus)
VALUES ('e0000000-0000-0000-0000-000000000150', 'd0000000-0000-0000-0000-000000000150', '[{"id": 17, "code_word": "กระ", "species_scientific": "Geochelone elegans", "product_type": "tortoiseshell", "match_type": "exact", "confidence": 0.72}, {"id": 18, "code_word": "กระดองเต่า", "species_scientific": "Geochelone elegans", "product_type": "turtle_shell", "match_type": "exact", "confidence": 0.9}]', 0.9, 'deterministic', 53, 'yellow', '{"code_word": {"score": 15, "max": 15}, "cites": {"score": 25, "max": 25}, "iucn": {"score": 7, "max": 12}, "seizure": {"score": 0, "max": 13}, "geographic": {"score": 6, "max": 10}, "seller": {"score": 0, "max": 10}, "price": {"score": 0, "max": 3}, "image": {"score": 0, "max": 12}}', 0)
ON CONFLICT (listing_id) DO UPDATE SET
  code_word_matches = EXCLUDED.code_word_matches,
  linguistic_risk_score = EXCLUDED.linguistic_risk_score,
  risk_score = EXCLUDED.risk_score,
  alert_tier = EXCLUDED.alert_tier,
  signal_breakdown = EXCLUDED.signal_breakdown;

-- Listing 151: Adamas 1581-5 หลังเต่ากระดองใหญ่ เสียงดีมีเอกลักษณ์ สภาพสวยบ
INSERT INTO listings (id, scan_job_id, platform, platform_listing_id, title_original, price_amount, price_currency, images, images_local, seller_name, location_text, post_date, platform_category, content_hash, language, triage_passed, triage_reason)
VALUES ('d0000000-0000-0000-0000-000000000151', 'a0000000-0000-0000-0000-000000000002', 'facebook.com', 'fb-1455925256547081', 'Adamas 1581-5 หลังเต่ากระดองใหญ่ เสียงดีมีเอกลักษณ์ สภาพสวยบาดใจ', NULL, 'THB', ARRAY['https://scontent.frez1-1.fna.fbcdn.net/v/t39.84726-6/657236751_1838983360122278_3796604963970207084_n.jpg?stp=c43.0.260.260a_dst-jpg_p261x260_tt6&_nc_cat=107&ccb=1-7&_nc_sid=92e707&_nc_ohc=0_mxKFExEOkQ7kNvwEkN1di&_nc_oc=AdrlCjDukqFpQtS6LZwGmIgdjJxS7IQu4Ddk2oztN_j3tpClowzpzOZM9lCH5q-V3fE&_nc_zt=14&_nc_ht=scontent.frez1-1.fna&_nc_gid=uFuC3fezqM5Ypo3GXdiT-A&_nc_ss=7a389&oh=00_AfwOV3aTnxIwlvw0z8KFlycFkb62lQhF1KoZ1G3AMBKUwg&oe=69CF314F'], ARRAY[]::TEXT[], NULL, 'Bangkok, Thailand', '2026-03-29 10:00:00', NULL, 'd5a020e56bcd2db5', 'th', true, 'code_word_match')
ON CONFLICT (platform, platform_listing_id) DO UPDATE SET
  title_original = EXCLUDED.title_original,
  price_amount = EXCLUDED.price_amount,
  images = EXCLUDED.images,
  images_local = EXCLUDED.images_local,
  triage_passed = EXCLUDED.triage_passed,
  triage_reason = EXCLUDED.triage_reason;
INSERT INTO listing_analysis (id, listing_id, code_word_matches, linguistic_risk_score, analysis_method, risk_score, alert_tier, signal_breakdown, agreement_bonus)
VALUES ('e0000000-0000-0000-0000-000000000151', 'd0000000-0000-0000-0000-000000000151', '[{"id": 17, "code_word": "กระ", "species_scientific": "Geochelone elegans", "product_type": "tortoiseshell", "match_type": "exact", "confidence": 0.72}]', 0.72, 'deterministic', 53, 'yellow', '{"code_word": {"score": 15, "max": 15}, "cites": {"score": 25, "max": 25}, "iucn": {"score": 7, "max": 12}, "seizure": {"score": 0, "max": 13}, "geographic": {"score": 6, "max": 10}, "seller": {"score": 0, "max": 10}, "price": {"score": 0, "max": 3}, "image": {"score": 0, "max": 12}}', 0)
ON CONFLICT (listing_id) DO UPDATE SET
  code_word_matches = EXCLUDED.code_word_matches,
  linguistic_risk_score = EXCLUDED.linguistic_risk_score,
  risk_score = EXCLUDED.risk_score,
  alert_tier = EXCLUDED.alert_tier,
  signal_breakdown = EXCLUDED.signal_breakdown;

-- Listing 152: รองเท้าสตั๊ด​
INSERT INTO listings (id, scan_job_id, platform, platform_listing_id, title_original, price_amount, price_currency, images, images_local, seller_name, location_text, post_date, platform_category, content_hash, language, triage_passed, triage_reason)
VALUES ('d0000000-0000-0000-0000-000000000152', 'a0000000-0000-0000-0000-000000000002', 'facebook.com', 'fb-4074501139508044', 'รองเท้าสตั๊ด​', NULL, 'THB', ARRAY['https://scontent.frez1-1.fna.fbcdn.net/v/t39.84726-6/659628229_1432470288075874_5492876796947962678_n.jpg?stp=c0.43.261.261a_dst-jpg_p261x260_tt6&_nc_cat=102&ccb=1-7&_nc_sid=92e707&_nc_ohc=dWbh3jfe3JQQ7kNvwFE9xeb&_nc_oc=AdrIKi9ibC49fc-6nGcZbzLFP8S2oPCEZ8sNRLHBFUOMPiiMgX9mde0tXSUGKvn5rmA&_nc_zt=14&_nc_ht=scontent.frez1-1.fna&_nc_gid=uFuC3fezqM5Ypo3GXdiT-A&_nc_ss=7a389&oh=00_AfwWp0G-_Ys8pVzjwtkEE8b6B7QdWkEKpm7a-oLxmRzVBg&oe=69CF5221'], ARRAY[]::TEXT[], NULL, 'Bangkok, Thailand', '2026-03-29 10:00:00', NULL, 'a093c0a930eb5932', 'th', true, 'high_risk_category')
ON CONFLICT (platform, platform_listing_id) DO UPDATE SET
  title_original = EXCLUDED.title_original,
  price_amount = EXCLUDED.price_amount,
  images = EXCLUDED.images,
  images_local = EXCLUDED.images_local,
  triage_passed = EXCLUDED.triage_passed,
  triage_reason = EXCLUDED.triage_reason;
INSERT INTO listing_analysis (id, listing_id, code_word_matches, linguistic_risk_score, analysis_method, risk_score, alert_tier, signal_breakdown, agreement_bonus)
VALUES ('e0000000-0000-0000-0000-000000000152', 'd0000000-0000-0000-0000-000000000152', '[]', 0.0, 'deterministic', 2, 'clear', '{"code_word": {"score": 0, "max": 15}, "cites": {"score": 0, "max": 25}, "iucn": {"score": 0, "max": 12}, "seizure": {"score": 0, "max": 13}, "geographic": {"score": 2, "max": 10}, "seller": {"score": 0, "max": 10}, "price": {"score": 0, "max": 3}, "image": {"score": 0, "max": 12}}', 0)
ON CONFLICT (listing_id) DO UPDATE SET
  code_word_matches = EXCLUDED.code_word_matches,
  linguistic_risk_score = EXCLUDED.linguistic_risk_score,
  risk_score = EXCLUDED.risk_score,
  alert_tier = EXCLUDED.alert_tier,
  signal_breakdown = EXCLUDED.signal_breakdown;

-- Listing 153: ตะเกียงแก้ว จิ๋ว ฮ่องกง
INSERT INTO listings (id, scan_job_id, platform, platform_listing_id, title_original, price_amount, price_currency, images, images_local, seller_name, location_text, post_date, platform_category, content_hash, language, triage_passed, triage_reason)
VALUES ('d0000000-0000-0000-0000-000000000153', 'a0000000-0000-0000-0000-000000000002', 'facebook.com', 'fb-3904699353163127', 'ตะเกียงแก้ว จิ๋ว ฮ่องกง', NULL, 'THB', ARRAY['https://scontent.frez1-1.fna.fbcdn.net/v/t39.84726-6/658455545_796723476356681_6355575463886502452_n.jpg?stp=c0.46.258.258a_dst-jpg_p235x350_tt6&_nc_cat=110&ccb=1-7&_nc_sid=92e707&_nc_ohc=jY3ntAv_xwEQ7kNvwG5SLol&_nc_oc=AdpQG_Njgbxp087V6aWpatWIjpjibv5_DYIlOp1LtWlXBMWGSxzst9s-Au-9LPsz7VE&_nc_zt=14&_nc_ht=scontent.frez1-1.fna&_nc_gid=uFuC3fezqM5Ypo3GXdiT-A&_nc_ss=7a389&oh=00_AfwxbCh4BRkoMGv4kne56jc2h1PSAgdHA3AeUkK46TnuLw&oe=69CF482F'], ARRAY[]::TEXT[], NULL, 'Bangkok, Thailand', '2026-03-29 10:00:00', NULL, '2df4e683cc47af4c', 'th', true, 'high_risk_category')
ON CONFLICT (platform, platform_listing_id) DO UPDATE SET
  title_original = EXCLUDED.title_original,
  price_amount = EXCLUDED.price_amount,
  images = EXCLUDED.images,
  images_local = EXCLUDED.images_local,
  triage_passed = EXCLUDED.triage_passed,
  triage_reason = EXCLUDED.triage_reason;
INSERT INTO listing_analysis (id, listing_id, code_word_matches, linguistic_risk_score, analysis_method, risk_score, alert_tier, signal_breakdown, agreement_bonus)
VALUES ('e0000000-0000-0000-0000-000000000153', 'd0000000-0000-0000-0000-000000000153', '[]', 0.0, 'deterministic', 2, 'clear', '{"code_word": {"score": 0, "max": 15}, "cites": {"score": 0, "max": 25}, "iucn": {"score": 0, "max": 12}, "seizure": {"score": 0, "max": 13}, "geographic": {"score": 2, "max": 10}, "seller": {"score": 0, "max": 10}, "price": {"score": 0, "max": 3}, "image": {"score": 0, "max": 12}}', 0)
ON CONFLICT (listing_id) DO UPDATE SET
  code_word_matches = EXCLUDED.code_word_matches,
  linguistic_risk_score = EXCLUDED.linguistic_risk_score,
  risk_score = EXCLUDED.risk_score,
  alert_tier = EXCLUDED.alert_tier,
  signal_breakdown = EXCLUDED.signal_breakdown;

-- Listing 154: ตะเกียงโบราณ
INSERT INTO listings (id, scan_job_id, platform, platform_listing_id, title_original, price_amount, price_currency, images, images_local, seller_name, location_text, post_date, platform_category, content_hash, language, triage_passed, triage_reason)
VALUES ('d0000000-0000-0000-0000-000000000154', 'a0000000-0000-0000-0000-000000000002', 'facebook.com', 'fb-4489137981372672', 'ตะเกียงโบราณ', NULL, 'THB', ARRAY['https://scontent.frez1-1.fna.fbcdn.net/v/t39.84726-6/660513291_1234724985440268_2266887103200002628_n.jpg?stp=c0.43.261.261a_dst-jpg_p261x260_tt6&_nc_cat=111&ccb=1-7&_nc_sid=92e707&_nc_ohc=YlS7oeYN41QQ7kNvwG0-YC_&_nc_oc=Ado1Xsh5dyV2XAeQhMW2xnapR9KWYeiULpa86IOIzGLCr87mkkupoYzDPLsSouRcqGs&_nc_zt=14&_nc_ht=scontent.frez1-1.fna&_nc_gid=uFuC3fezqM5Ypo3GXdiT-A&_nc_ss=7a389&oh=00_Afx1bBacvSLFBlJaC4dlU2AWjYiMbGBQ0Cse1QceTWrMqg&oe=69CF4A41'], ARRAY[]::TEXT[], NULL, 'Bangkok, Thailand', '2026-03-29 10:00:00', NULL, 'b7eef79cc4ca460b', 'th', true, 'high_risk_category')
ON CONFLICT (platform, platform_listing_id) DO UPDATE SET
  title_original = EXCLUDED.title_original,
  price_amount = EXCLUDED.price_amount,
  images = EXCLUDED.images,
  images_local = EXCLUDED.images_local,
  triage_passed = EXCLUDED.triage_passed,
  triage_reason = EXCLUDED.triage_reason;
INSERT INTO listing_analysis (id, listing_id, code_word_matches, linguistic_risk_score, analysis_method, risk_score, alert_tier, signal_breakdown, agreement_bonus)
VALUES ('e0000000-0000-0000-0000-000000000154', 'd0000000-0000-0000-0000-000000000154', '[]', 0.0, 'deterministic', 2, 'clear', '{"code_word": {"score": 0, "max": 15}, "cites": {"score": 0, "max": 25}, "iucn": {"score": 0, "max": 12}, "seizure": {"score": 0, "max": 13}, "geographic": {"score": 2, "max": 10}, "seller": {"score": 0, "max": 10}, "price": {"score": 0, "max": 3}, "image": {"score": 0, "max": 12}}', 0)
ON CONFLICT (listing_id) DO UPDATE SET
  code_word_matches = EXCLUDED.code_word_matches,
  linguistic_risk_score = EXCLUDED.linguistic_risk_score,
  risk_score = EXCLUDED.risk_score,
  alert_tier = EXCLUDED.alert_tier,
  signal_breakdown = EXCLUDED.signal_breakdown;

-- Listing 155: 1969 Volkswagen เต่า ยกกระดองแล้ว
INSERT INTO listings (id, scan_job_id, platform, platform_listing_id, title_original, price_amount, price_currency, images, images_local, seller_name, location_text, post_date, platform_category, content_hash, language, triage_passed, triage_reason)
VALUES ('d0000000-0000-0000-0000-000000000155', 'a0000000-0000-0000-0000-000000000002', 'facebook.com', 'fb-2162160907936114', '1969 Volkswagen เต่า ยกกระดองแล้ว', NULL, 'THB', ARRAY['https://scontent.frez1-1.fna.fbcdn.net/v/t39.30808-6/656044575_874566315644390_3244882347344615996_n.jpg?stp=c58.0.349.349a_dst-jpg_s261x260_tt6&_nc_cat=106&ccb=1-7&_nc_sid=4f26a2&_nc_ohc=TuJKHGdNRnkQ7kNvwEEfKwY&_nc_oc=Adrj-Q2zmRNodzN3OjUbtr-QKipPkfTI98R_XFiLrLdhqCQqgbFf1feRgtGay0YYy5Y&_nc_zt=23&_nc_ht=scontent.frez1-1.fna&_nc_gid=uFuC3fezqM5Ypo3GXdiT-A&_nc_ss=7a389&oh=00_AfzW0DIJtpuAS1QmGRTDh6JKDv5L4kyn9024Lyz0q7YRfw&oe=69CF6462'], ARRAY[]::TEXT[], NULL, 'Bangkok, Thailand', '2026-03-29 10:00:00', NULL, '05a405f5c2a90c16', 'th', true, 'code_word_match')
ON CONFLICT (platform, platform_listing_id) DO UPDATE SET
  title_original = EXCLUDED.title_original,
  price_amount = EXCLUDED.price_amount,
  images = EXCLUDED.images,
  images_local = EXCLUDED.images_local,
  triage_passed = EXCLUDED.triage_passed,
  triage_reason = EXCLUDED.triage_reason;
INSERT INTO listing_analysis (id, listing_id, code_word_matches, linguistic_risk_score, analysis_method, risk_score, alert_tier, signal_breakdown, agreement_bonus)
VALUES ('e0000000-0000-0000-0000-000000000155', 'd0000000-0000-0000-0000-000000000155', '[{"id": 17, "code_word": "กระ", "species_scientific": "Geochelone elegans", "product_type": "tortoiseshell", "match_type": "exact", "confidence": 0.72}]', 0.72, 'deterministic', 53, 'yellow', '{"code_word": {"score": 15, "max": 15}, "cites": {"score": 25, "max": 25}, "iucn": {"score": 7, "max": 12}, "seizure": {"score": 0, "max": 13}, "geographic": {"score": 6, "max": 10}, "seller": {"score": 0, "max": 10}, "price": {"score": 0, "max": 3}, "image": {"score": 0, "max": 12}}', 0)
ON CONFLICT (listing_id) DO UPDATE SET
  code_word_matches = EXCLUDED.code_word_matches,
  linguistic_risk_score = EXCLUDED.linguistic_risk_score,
  risk_score = EXCLUDED.risk_score,
  alert_tier = EXCLUDED.alert_tier,
  signal_breakdown = EXCLUDED.signal_breakdown;

-- Listing 156: กระดองเต่า ของเก่า 17.5*15 นิ้ว
INSERT INTO listings (id, scan_job_id, platform, platform_listing_id, title_original, price_amount, price_currency, images, images_local, seller_name, location_text, post_date, platform_category, content_hash, language, triage_passed, triage_reason)
VALUES ('d0000000-0000-0000-0000-000000000156', 'a0000000-0000-0000-0000-000000000002', 'facebook.com', 'fb-1360274835478170', 'กระดองเต่า ของเก่า 17.5*15 นิ้ว', NULL, 'THB', ARRAY['https://scontent.frez1-1.fna.fbcdn.net/v/t39.84726-6/584515279_1270723641483693_3568543050596779110_n.jpg?stp=c43.0.260.260a_dst-jpg_p261x260_tt6&_nc_cat=106&ccb=1-7&_nc_sid=92e707&_nc_ohc=ocq10A3BdroQ7kNvwE484eR&_nc_oc=AdoHgcc5540Bkc3_JG8YW8QlVyIHKX4C0iInDY_WN8BS8_hqA-5djMwuX6egu77l9Rk&_nc_zt=14&_nc_ht=scontent.frez1-1.fna&_nc_gid=uFuC3fezqM5Ypo3GXdiT-A&_nc_ss=7a389&oh=00_AfzzM9VvEexPpnbo9Ex9hiQ4Xo-Ul94ufx3GuBHhIyWIog&oe=69CF42D6'], ARRAY[]::TEXT[], NULL, 'Bangkok, Thailand', '2026-03-29 10:00:00', NULL, 'ba3da800e9487df3', 'th', true, 'code_word_match')
ON CONFLICT (platform, platform_listing_id) DO UPDATE SET
  title_original = EXCLUDED.title_original,
  price_amount = EXCLUDED.price_amount,
  images = EXCLUDED.images,
  images_local = EXCLUDED.images_local,
  triage_passed = EXCLUDED.triage_passed,
  triage_reason = EXCLUDED.triage_reason;
INSERT INTO listing_analysis (id, listing_id, code_word_matches, linguistic_risk_score, analysis_method, risk_score, alert_tier, signal_breakdown, agreement_bonus)
VALUES ('e0000000-0000-0000-0000-000000000156', 'd0000000-0000-0000-0000-000000000156', '[{"id": 17, "code_word": "กระ", "species_scientific": "Geochelone elegans", "product_type": "tortoiseshell", "match_type": "exact", "confidence": 0.72}, {"id": 18, "code_word": "กระดองเต่า", "species_scientific": "Geochelone elegans", "product_type": "turtle_shell", "match_type": "exact", "confidence": 0.9}]', 0.9, 'deterministic', 53, 'yellow', '{"code_word": {"score": 15, "max": 15}, "cites": {"score": 25, "max": 25}, "iucn": {"score": 7, "max": 12}, "seizure": {"score": 0, "max": 13}, "geographic": {"score": 6, "max": 10}, "seller": {"score": 0, "max": 10}, "price": {"score": 0, "max": 3}, "image": {"score": 0, "max": 12}}', 0)
ON CONFLICT (listing_id) DO UPDATE SET
  code_word_matches = EXCLUDED.code_word_matches,
  linguistic_risk_score = EXCLUDED.linguistic_risk_score,
  risk_score = EXCLUDED.risk_score,
  alert_tier = EXCLUDED.alert_tier,
  signal_breakdown = EXCLUDED.signal_breakdown;

-- Listing 157: กิ๊บติดผมเรซินสีกระดองเต่าลวดลายทอง 250บาท
INSERT INTO listings (id, scan_job_id, platform, platform_listing_id, title_original, price_amount, price_currency, images, images_local, seller_name, location_text, post_date, platform_category, content_hash, language, triage_passed, triage_reason)
VALUES ('d0000000-0000-0000-0000-000000000157', 'a0000000-0000-0000-0000-000000000002', 'facebook.com', 'fb-1173600108017092', 'กิ๊บติดผมเรซินสีกระดองเต่าลวดลายทอง 250บาท', NULL, 'THB', ARRAY['https://scontent.frez1-1.fna.fbcdn.net/v/t39.84726-6/566348692_1157012872524913_6018165650483435272_n.jpg?stp=c0.43.261.261a_dst-jpg_p261x260_tt6&_nc_cat=103&ccb=1-7&_nc_sid=92e707&_nc_ohc=JeCszpCtZy8Q7kNvwEV8cD3&_nc_oc=Adq4b4cPVXN2rHRBHmHL2VwyV89pE6NjDiSS90q83qVpnknlk3o2y3HiOw_pGOydYXA&_nc_zt=14&_nc_ht=scontent.frez1-1.fna&_nc_gid=uFuC3fezqM5Ypo3GXdiT-A&_nc_ss=7a389&oh=00_AfzXQMuZHjPxueGbp2rJGm-Ft94DxpfQdVQlqLeeu7wl4A&oe=69CF40B0'], ARRAY[]::TEXT[], NULL, 'Bangkok, Thailand', '2026-03-29 10:00:00', NULL, '9c40ecfd4174ba58', 'th', true, 'code_word_match')
ON CONFLICT (platform, platform_listing_id) DO UPDATE SET
  title_original = EXCLUDED.title_original,
  price_amount = EXCLUDED.price_amount,
  images = EXCLUDED.images,
  images_local = EXCLUDED.images_local,
  triage_passed = EXCLUDED.triage_passed,
  triage_reason = EXCLUDED.triage_reason;
INSERT INTO listing_analysis (id, listing_id, code_word_matches, linguistic_risk_score, analysis_method, risk_score, alert_tier, signal_breakdown, agreement_bonus)
VALUES ('e0000000-0000-0000-0000-000000000157', 'd0000000-0000-0000-0000-000000000157', '[{"id": 17, "code_word": "กระ", "species_scientific": "Geochelone elegans", "product_type": "tortoiseshell", "match_type": "exact", "confidence": 0.72}]', 0.72, 'deterministic', 53, 'yellow', '{"code_word": {"score": 15, "max": 15}, "cites": {"score": 25, "max": 25}, "iucn": {"score": 7, "max": 12}, "seizure": {"score": 0, "max": 13}, "geographic": {"score": 6, "max": 10}, "seller": {"score": 0, "max": 10}, "price": {"score": 0, "max": 3}, "image": {"score": 0, "max": 12}}', 0)
ON CONFLICT (listing_id) DO UPDATE SET
  code_word_matches = EXCLUDED.code_word_matches,
  linguistic_risk_score = EXCLUDED.linguistic_risk_score,
  risk_score = EXCLUDED.risk_score,
  alert_tier = EXCLUDED.alert_tier,
  signal_breakdown = EXCLUDED.signal_breakdown;

-- Listing 158: แว่นตา กระดองเต่า แท้ 🐢🐢
INSERT INTO listings (id, scan_job_id, platform, platform_listing_id, title_original, price_amount, price_currency, images, images_local, seller_name, location_text, post_date, platform_category, content_hash, language, triage_passed, triage_reason)
VALUES ('d0000000-0000-0000-0000-000000000158', 'a0000000-0000-0000-0000-000000000002', 'facebook.com', 'fb-886983167670583', 'แว่นตา กระดองเต่า แท้ 🐢🐢', NULL, 'THB', ARRAY['https://scontent.frez1-1.fna.fbcdn.net/v/t39.84726-6/650871568_1884387398871983_20571989623506574_n.jpg?stp=c43.0.260.260a_dst-jpg_p261x260_tt6&_nc_cat=111&ccb=1-7&_nc_sid=92e707&_nc_ohc=zgI-hunwgooQ7kNvwEBGGO4&_nc_oc=AdowYn86JBiuX0Hss0Nm_wBq8K8C9m1Z6hZUpqGsX4fC46Mv8surSZU5rQneGw_hH3Q&_nc_zt=14&_nc_ht=scontent.frez1-1.fna&_nc_gid=uFuC3fezqM5Ypo3GXdiT-A&_nc_ss=7a389&oh=00_Afzx35aNAUNWrADK8hdI-m0gL66pHQ_oTgGzLa4Q2AsD1w&oe=69CF3A65'], ARRAY[]::TEXT[], NULL, 'Bangkok, Thailand', '2026-03-29 10:00:00', NULL, 'd75d9c636dda7429', 'th', true, 'code_word_match')
ON CONFLICT (platform, platform_listing_id) DO UPDATE SET
  title_original = EXCLUDED.title_original,
  price_amount = EXCLUDED.price_amount,
  images = EXCLUDED.images,
  images_local = EXCLUDED.images_local,
  triage_passed = EXCLUDED.triage_passed,
  triage_reason = EXCLUDED.triage_reason;
INSERT INTO listing_analysis (id, listing_id, code_word_matches, linguistic_risk_score, analysis_method, risk_score, alert_tier, signal_breakdown, agreement_bonus)
VALUES ('e0000000-0000-0000-0000-000000000158', 'd0000000-0000-0000-0000-000000000158', '[{"id": 17, "code_word": "กระ", "species_scientific": "Geochelone elegans", "product_type": "tortoiseshell", "match_type": "exact", "confidence": 0.72}, {"id": 18, "code_word": "กระดองเต่า", "species_scientific": "Geochelone elegans", "product_type": "turtle_shell", "match_type": "exact", "confidence": 0.9}]', 0.9, 'deterministic', 53, 'yellow', '{"code_word": {"score": 15, "max": 15}, "cites": {"score": 25, "max": 25}, "iucn": {"score": 7, "max": 12}, "seizure": {"score": 0, "max": 13}, "geographic": {"score": 6, "max": 10}, "seller": {"score": 0, "max": 10}, "price": {"score": 0, "max": 3}, "image": {"score": 0, "max": 12}}', 0)
ON CONFLICT (listing_id) DO UPDATE SET
  code_word_matches = EXCLUDED.code_word_matches,
  linguistic_risk_score = EXCLUDED.linguistic_risk_score,
  risk_score = EXCLUDED.risk_score,
  alert_tier = EXCLUDED.alert_tier,
  signal_breakdown = EXCLUDED.signal_breakdown;

-- Listing 159: A 225 กระเป๋าเป้น้ำ CAMELBAK พราง ทะเลทราย ผ้า CORDURA (ไม่ม
INSERT INTO listings (id, scan_job_id, platform, platform_listing_id, title_original, price_amount, price_currency, images, images_local, seller_name, location_text, post_date, platform_category, content_hash, language, triage_passed, triage_reason)
VALUES ('d0000000-0000-0000-0000-000000000159', 'a0000000-0000-0000-0000-000000000002', 'facebook.com', 'fb-1888698908549163', 'A 225 กระเป๋าเป้น้ำ CAMELBAK พราง ทะเลทราย ผ้า CORDURA (ไม่มีถุงน้ำ)', NULL, 'THB', ARRAY['https://scontent.frez1-1.fna.fbcdn.net/v/t39.84726-6/657351409_960715526645330_7062629365911450734_n.jpg?stp=c0.15.261.261a_dst-jpg_p261x260_tt6&_nc_cat=106&ccb=1-7&_nc_sid=92e707&_nc_ohc=G3rE23e-IKIQ7kNvwG-w9lD&_nc_oc=AdrsSS5e374o4GQgz8GC_rcSdkW7v8DsRI5Zmah9DwHU28NgiJ6tE1MDHPOBqBLk9NM&_nc_zt=14&_nc_ht=scontent.frez1-1.fna&_nc_gid=uFuC3fezqM5Ypo3GXdiT-A&_nc_ss=7a389&oh=00_AfxnuKEeHLM3M-rASKn0DDPrEaOiAJjdTrdf-_nIn1hk8Q&oe=69CF33E7'], ARRAY[]::TEXT[], NULL, 'Bangkok, Thailand', '2026-03-29 10:00:00', NULL, '47ac10d3d5479e05', 'th', true, 'code_word_match')
ON CONFLICT (platform, platform_listing_id) DO UPDATE SET
  title_original = EXCLUDED.title_original,
  price_amount = EXCLUDED.price_amount,
  images = EXCLUDED.images,
  images_local = EXCLUDED.images_local,
  triage_passed = EXCLUDED.triage_passed,
  triage_reason = EXCLUDED.triage_reason;
INSERT INTO listing_analysis (id, listing_id, code_word_matches, linguistic_risk_score, analysis_method, risk_score, alert_tier, signal_breakdown, agreement_bonus)
VALUES ('e0000000-0000-0000-0000-000000000159', 'd0000000-0000-0000-0000-000000000159', '[]', 0.0, 'deterministic', 2, 'clear', '{"code_word": {"score": 0, "max": 15}, "cites": {"score": 0, "max": 25}, "iucn": {"score": 0, "max": 12}, "seizure": {"score": 0, "max": 13}, "geographic": {"score": 2, "max": 10}, "seller": {"score": 0, "max": 10}, "price": {"score": 0, "max": 3}, "image": {"score": 0, "max": 12}}', 0)
ON CONFLICT (listing_id) DO UPDATE SET
  code_word_matches = EXCLUDED.code_word_matches,
  linguistic_risk_score = EXCLUDED.linguistic_risk_score,
  risk_score = EXCLUDED.risk_score,
  alert_tier = EXCLUDED.alert_tier,
  signal_breakdown = EXCLUDED.signal_breakdown;

-- Listing 160: หมอนกระเบื้องเคลือบ
INSERT INTO listings (id, scan_job_id, platform, platform_listing_id, title_original, price_amount, price_currency, images, images_local, seller_name, location_text, post_date, platform_category, content_hash, language, triage_passed, triage_reason)
VALUES ('d0000000-0000-0000-0000-000000000160', 'a0000000-0000-0000-0000-000000000002', 'facebook.com', 'fb-2420427535102564', 'หมอนกระเบื้องเคลือบ', NULL, 'THB', ARRAY['https://scontent.frez1-1.fna.fbcdn.net/v/t39.84726-6/658980939_929759729673962_6858165122487225723_n.jpg?stp=c0.101.261.261a_dst-jpg_p261x260_tt6&_nc_cat=101&ccb=1-7&_nc_sid=92e707&_nc_ohc=fah7THmIriEQ7kNvwEO1g9H&_nc_oc=Adpgdblvb17A63yDnE_EfubnzpDjE5a-p4hurwnaBEbxLPSp3qjFBeiBXPtYwZ5bMJ4&_nc_zt=14&_nc_ht=scontent.frez1-1.fna&_nc_gid=uFuC3fezqM5Ypo3GXdiT-A&_nc_ss=7a389&oh=00_AfxWiSAH9BCxXE8A3l8pJhtLItR8QpoxI-zM0BqXPtsniA&oe=69CF6272'], ARRAY[]::TEXT[], NULL, 'Bangkok, Thailand', '2026-03-29 10:00:00', NULL, 'b1f8ab98c6933596', 'th', true, 'code_word_match')
ON CONFLICT (platform, platform_listing_id) DO UPDATE SET
  title_original = EXCLUDED.title_original,
  price_amount = EXCLUDED.price_amount,
  images = EXCLUDED.images,
  images_local = EXCLUDED.images_local,
  triage_passed = EXCLUDED.triage_passed,
  triage_reason = EXCLUDED.triage_reason;
INSERT INTO listing_analysis (id, listing_id, code_word_matches, linguistic_risk_score, analysis_method, risk_score, alert_tier, signal_breakdown, agreement_bonus)
VALUES ('e0000000-0000-0000-0000-000000000160', 'd0000000-0000-0000-0000-000000000160', '[]', 0.0, 'deterministic', 2, 'clear', '{"code_word": {"score": 0, "max": 15}, "cites": {"score": 0, "max": 25}, "iucn": {"score": 0, "max": 12}, "seizure": {"score": 0, "max": 13}, "geographic": {"score": 2, "max": 10}, "seller": {"score": 0, "max": 10}, "price": {"score": 0, "max": 3}, "image": {"score": 0, "max": 12}}', 0)
ON CONFLICT (listing_id) DO UPDATE SET
  code_word_matches = EXCLUDED.code_word_matches,
  linguistic_risk_score = EXCLUDED.linguistic_risk_score,
  risk_score = EXCLUDED.risk_score,
  alert_tier = EXCLUDED.alert_tier,
  signal_breakdown = EXCLUDED.signal_breakdown;

-- Listing 161: กระบอกใส่ภูกัน
INSERT INTO listings (id, scan_job_id, platform, platform_listing_id, title_original, price_amount, price_currency, images, images_local, seller_name, location_text, post_date, platform_category, content_hash, language, triage_passed, triage_reason)
VALUES ('d0000000-0000-0000-0000-000000000161', 'a0000000-0000-0000-0000-000000000002', 'facebook.com', 'fb-1351589293372894', 'กระบอกใส่ภูกัน', NULL, 'THB', ARRAY['https://scontent-mia3-2.xx.fbcdn.net/v/t39.84726-6/566198775_1509999503358239_8018502902236192248_n.jpg?stp=c43.0.260.260a_dst-jpg_p261x260_tt6&_nc_cat=105&ccb=1-7&_nc_sid=92e707&_nc_ohc=2yYLpZgm3NoQ7kNvwG-qdWF&_nc_oc=Adpm5C3Q85l9DJy19DcZ209VqEZ55pWjuwqG0UAgyN6QiTVdW4cC83lIvYTHtJjlRPg&_nc_zt=14&_nc_ht=scontent-mia3-2.xx&_nc_gid=c47mK5C_Z5M3yIQyf_Ypxg&_nc_ss=7a389&oh=00_AfyxZSZT4faBmYVmVFEJKKBO8Y2bv-KQgL6sE0Y4XxwxgA&oe=69CF597A'], ARRAY[]::TEXT[], NULL, 'Bangkok, Thailand', '2026-03-29 10:00:00', NULL, '6b75f7dfa001fff4', 'th', true, 'code_word_match')
ON CONFLICT (platform, platform_listing_id) DO UPDATE SET
  title_original = EXCLUDED.title_original,
  price_amount = EXCLUDED.price_amount,
  images = EXCLUDED.images,
  images_local = EXCLUDED.images_local,
  triage_passed = EXCLUDED.triage_passed,
  triage_reason = EXCLUDED.triage_reason;
INSERT INTO listing_analysis (id, listing_id, code_word_matches, linguistic_risk_score, analysis_method, risk_score, alert_tier, signal_breakdown, agreement_bonus)
VALUES ('e0000000-0000-0000-0000-000000000161', 'd0000000-0000-0000-0000-000000000161', '[]', 0.0, 'deterministic', 2, 'clear', '{"code_word": {"score": 0, "max": 15}, "cites": {"score": 0, "max": 25}, "iucn": {"score": 0, "max": 12}, "seizure": {"score": 0, "max": 13}, "geographic": {"score": 2, "max": 10}, "seller": {"score": 0, "max": 10}, "price": {"score": 0, "max": 3}, "image": {"score": 0, "max": 12}}', 0)
ON CONFLICT (listing_id) DO UPDATE SET
  code_word_matches = EXCLUDED.code_word_matches,
  linguistic_risk_score = EXCLUDED.linguistic_risk_score,
  risk_score = EXCLUDED.risk_score,
  alert_tier = EXCLUDED.alert_tier,
  signal_breakdown = EXCLUDED.signal_breakdown;

-- Listing 162: รับแกะสลักหินและหยกตามแบบมีรับประกัน
INSERT INTO listings (id, scan_job_id, platform, platform_listing_id, title_original, price_amount, price_currency, images, images_local, seller_name, location_text, post_date, platform_category, content_hash, language, triage_passed, triage_reason)
VALUES ('d0000000-0000-0000-0000-000000000162', 'a0000000-0000-0000-0000-000000000002', 'facebook.com', 'fb-1244508901102537', 'รับแกะสลักหินและหยกตามแบบมีรับประกัน', NULL, 'THB', ARRAY['https://scontent-mia3-3.xx.fbcdn.net/v/t39.84726-6/658926539_1495876482230779_2447197250830541997_n.jpg?stp=c0.0.261.261a_dst-jpg_p261x260_tt6&_nc_cat=109&ccb=1-7&_nc_sid=92e707&_nc_ohc=0Kr64MXY9mwQ7kNvwFpBLNo&_nc_oc=Adqn8goZX1qGa1Pl9QeKncFMOLHc9V75vCafNa8YTnsaB_bDjfn-6RJDhSTP5M4h5kY&_nc_zt=14&_nc_ht=scontent-mia3-3.xx&_nc_gid=c47mK5C_Z5M3yIQyf_Ypxg&_nc_ss=7a389&oh=00_AfyQJKDyiLz5k928oo8gs8iY_Iy7MZjj8Q7KF_sZNrWYMQ&oe=69CF3E6C'], ARRAY[]::TEXT[], NULL, 'Bangkok, Thailand', '2026-03-29 10:00:00', NULL, 'd5ddc37acf0cd8f2', 'th', true, 'high_risk_category')
ON CONFLICT (platform, platform_listing_id) DO UPDATE SET
  title_original = EXCLUDED.title_original,
  price_amount = EXCLUDED.price_amount,
  images = EXCLUDED.images,
  images_local = EXCLUDED.images_local,
  triage_passed = EXCLUDED.triage_passed,
  triage_reason = EXCLUDED.triage_reason;
INSERT INTO listing_analysis (id, listing_id, code_word_matches, linguistic_risk_score, analysis_method, risk_score, alert_tier, signal_breakdown, agreement_bonus)
VALUES ('e0000000-0000-0000-0000-000000000162', 'd0000000-0000-0000-0000-000000000162', '[]', 0.0, 'deterministic', 2, 'clear', '{"code_word": {"score": 0, "max": 15}, "cites": {"score": 0, "max": 25}, "iucn": {"score": 0, "max": 12}, "seizure": {"score": 0, "max": 13}, "geographic": {"score": 2, "max": 10}, "seller": {"score": 0, "max": 10}, "price": {"score": 0, "max": 3}, "image": {"score": 0, "max": 12}}', 0)
ON CONFLICT (listing_id) DO UPDATE SET
  code_word_matches = EXCLUDED.code_word_matches,
  linguistic_risk_score = EXCLUDED.linguistic_risk_score,
  risk_score = EXCLUDED.risk_score,
  alert_tier = EXCLUDED.alert_tier,
  signal_breakdown = EXCLUDED.signal_breakdown;

-- Listing 163: รับแกะสลักหยกและหิน อัญมณีทุกชนิดมีรับประกันคืนเงินและรับประ
INSERT INTO listings (id, scan_job_id, platform, platform_listing_id, title_original, price_amount, price_currency, images, images_local, seller_name, location_text, post_date, platform_category, content_hash, language, triage_passed, triage_reason)
VALUES ('d0000000-0000-0000-0000-000000000163', 'a0000000-0000-0000-0000-000000000002', 'facebook.com', 'fb-899945839618273', 'รับแกะสลักหยกและหิน อัญมณีทุกชนิดมีรับประกันคืนเงินและรับประกันสินค?', NULL, 'THB', ARRAY['https://scontent-mia3-3.xx.fbcdn.net/v/t39.84726-6/645588678_1249484834057562_8099388613981941618_n.jpg?stp=c0.0.261.261a_dst-jpg_p261x260_tt6&_nc_cat=108&ccb=1-7&_nc_sid=92e707&_nc_ohc=tfQiuM3y8KoQ7kNvwG9MW2q&_nc_oc=AdqibVESb1N4KqSPEKzRRtL6l8IQ-P3GBgY0dFkpFljnWvBauzMvCrlwmm5Q2VqNVw8&_nc_zt=14&_nc_ht=scontent-mia3-3.xx&_nc_gid=c47mK5C_Z5M3yIQyf_Ypxg&_nc_ss=7a389&oh=00_Afw0HWUh6oPYR7L0BCSeWTuJ4cON3UBYfDBQo8FxGDvIZw&oe=69CF65A6'], ARRAY[]::TEXT[], NULL, 'Bangkok, Thailand', '2026-03-29 10:00:00', NULL, 'd9c6407ece679176', 'th', true, 'high_risk_category')
ON CONFLICT (platform, platform_listing_id) DO UPDATE SET
  title_original = EXCLUDED.title_original,
  price_amount = EXCLUDED.price_amount,
  images = EXCLUDED.images,
  images_local = EXCLUDED.images_local,
  triage_passed = EXCLUDED.triage_passed,
  triage_reason = EXCLUDED.triage_reason;
INSERT INTO listing_analysis (id, listing_id, code_word_matches, linguistic_risk_score, analysis_method, risk_score, alert_tier, signal_breakdown, agreement_bonus)
VALUES ('e0000000-0000-0000-0000-000000000163', 'd0000000-0000-0000-0000-000000000163', '[]', 0.0, 'deterministic', 2, 'clear', '{"code_word": {"score": 0, "max": 15}, "cites": {"score": 0, "max": 25}, "iucn": {"score": 0, "max": 12}, "seizure": {"score": 0, "max": 13}, "geographic": {"score": 2, "max": 10}, "seller": {"score": 0, "max": 10}, "price": {"score": 0, "max": 3}, "image": {"score": 0, "max": 12}}', 0)
ON CONFLICT (listing_id) DO UPDATE SET
  code_word_matches = EXCLUDED.code_word_matches,
  linguistic_risk_score = EXCLUDED.linguistic_risk_score,
  risk_score = EXCLUDED.risk_score,
  alert_tier = EXCLUDED.alert_tier,
  signal_breakdown = EXCLUDED.signal_breakdown;

-- Listing 164: อุปกรณ์แกะสลักวินเทจ รวม 2 ชุด
INSERT INTO listings (id, scan_job_id, platform, platform_listing_id, title_original, price_amount, price_currency, images, images_local, seller_name, location_text, post_date, platform_category, content_hash, language, triage_passed, triage_reason)
VALUES ('d0000000-0000-0000-0000-000000000164', 'a0000000-0000-0000-0000-000000000002', 'facebook.com', 'fb-1085775410419031', 'อุปกรณ์แกะสลักวินเทจ รวม 2 ชุด', NULL, 'THB', ARRAY['https://scontent-mia3-1.xx.fbcdn.net/v/t39.84726-6/653712597_956642510385250_7462803816276040796_n.jpg?stp=c0.101.261.261a_dst-jpg_p261x260_tt6&_nc_cat=106&ccb=1-7&_nc_sid=92e707&_nc_ohc=TZq_JVaEQn8Q7kNvwEjHYko&_nc_oc=AdogdHwzv4ItUoAiKq5E7oR5BToMfVhFgaXNqtM_jHE9Xkkci-vftNxIlgIFcNWw2MQ&_nc_zt=14&_nc_ht=scontent-mia3-1.xx&_nc_gid=c47mK5C_Z5M3yIQyf_Ypxg&_nc_ss=7a389&oh=00_Afyg6XFPHyLgTwWdExNyH_3irCpwowHmWi6VrOnFw84hgw&oe=69CF654B'], ARRAY[]::TEXT[], NULL, 'Bangkok, Thailand', '2026-03-29 10:00:00', NULL, '98ec89ca4dd47db4', 'th', true, 'high_risk_category')
ON CONFLICT (platform, platform_listing_id) DO UPDATE SET
  title_original = EXCLUDED.title_original,
  price_amount = EXCLUDED.price_amount,
  images = EXCLUDED.images,
  images_local = EXCLUDED.images_local,
  triage_passed = EXCLUDED.triage_passed,
  triage_reason = EXCLUDED.triage_reason;
INSERT INTO listing_analysis (id, listing_id, code_word_matches, linguistic_risk_score, analysis_method, risk_score, alert_tier, signal_breakdown, agreement_bonus)
VALUES ('e0000000-0000-0000-0000-000000000164', 'd0000000-0000-0000-0000-000000000164', '[]', 0.0, 'deterministic', 2, 'clear', '{"code_word": {"score": 0, "max": 15}, "cites": {"score": 0, "max": 25}, "iucn": {"score": 0, "max": 12}, "seizure": {"score": 0, "max": 13}, "geographic": {"score": 2, "max": 10}, "seller": {"score": 0, "max": 10}, "price": {"score": 0, "max": 3}, "image": {"score": 0, "max": 12}}', 0)
ON CONFLICT (listing_id) DO UPDATE SET
  code_word_matches = EXCLUDED.code_word_matches,
  linguistic_risk_score = EXCLUDED.linguistic_risk_score,
  risk_score = EXCLUDED.risk_score,
  alert_tier = EXCLUDED.alert_tier,
  signal_breakdown = EXCLUDED.signal_breakdown;

-- Listing 165: งาประดับ ตกแต่ง แกะสลัก เรซิ่น ขาย234บาท
INSERT INTO listings (id, scan_job_id, platform, platform_listing_id, title_original, price_amount, price_currency, images, images_local, seller_name, location_text, post_date, platform_category, content_hash, language, triage_passed, triage_reason)
VALUES ('d0000000-0000-0000-0000-000000000165', 'a0000000-0000-0000-0000-000000000002', 'facebook.com', 'fb-4284763805097406', 'งาประดับ ตกแต่ง แกะสลัก เรซิ่น ขาย234บาท', NULL, 'THB', ARRAY['https://scontent-mia3-1.xx.fbcdn.net/v/t39.84726-6/661608103_1449107326944641_7345518936959009995_n.jpg?stp=c0.43.261.261a_dst-jpg_p261x260_tt6&_nc_cat=111&ccb=1-7&_nc_sid=92e707&_nc_ohc=r2o10YjRfIMQ7kNvwEKsWqA&_nc_oc=AdpYuPnyqiIAAnm3hm43slyLlRlEHgc9wKgl6jvC-ErE_eT4pcMp2XeidE_Ic_Yr7tQ&_nc_zt=14&_nc_ht=scontent-mia3-1.xx&_nc_gid=c47mK5C_Z5M3yIQyf_Ypxg&_nc_ss=7a389&oh=00_AfwG25jHBEZVmy9Rh1CT38zqHL1l9Jk7rfgduLuW6fNmBw&oe=69CF34D4'], ARRAY[]::TEXT[], NULL, 'Bangkok, Thailand', '2026-03-29 10:00:00', NULL, '1e79c065d3f8375c', 'th', true, 'high_risk_category')
ON CONFLICT (platform, platform_listing_id) DO UPDATE SET
  title_original = EXCLUDED.title_original,
  price_amount = EXCLUDED.price_amount,
  images = EXCLUDED.images,
  images_local = EXCLUDED.images_local,
  triage_passed = EXCLUDED.triage_passed,
  triage_reason = EXCLUDED.triage_reason;
INSERT INTO listing_analysis (id, listing_id, code_word_matches, linguistic_risk_score, analysis_method, risk_score, alert_tier, signal_breakdown, agreement_bonus)
VALUES ('e0000000-0000-0000-0000-000000000165', 'd0000000-0000-0000-0000-000000000165', '[]', 0.0, 'deterministic', 2, 'clear', '{"code_word": {"score": 0, "max": 15}, "cites": {"score": 0, "max": 25}, "iucn": {"score": 0, "max": 12}, "seizure": {"score": 0, "max": 13}, "geographic": {"score": 2, "max": 10}, "seller": {"score": 0, "max": 10}, "price": {"score": 0, "max": 3}, "image": {"score": 0, "max": 12}}', 0)
ON CONFLICT (listing_id) DO UPDATE SET
  code_word_matches = EXCLUDED.code_word_matches,
  linguistic_risk_score = EXCLUDED.linguistic_risk_score,
  risk_score = EXCLUDED.risk_score,
  alert_tier = EXCLUDED.alert_tier,
  signal_breakdown = EXCLUDED.signal_breakdown;

-- Listing 166: ป้ายไม้แกะสลัก
INSERT INTO listings (id, scan_job_id, platform, platform_listing_id, title_original, price_amount, price_currency, images, images_local, seller_name, location_text, post_date, platform_category, content_hash, language, triage_passed, triage_reason)
VALUES ('d0000000-0000-0000-0000-000000000166', 'a0000000-0000-0000-0000-000000000002', 'facebook.com', 'fb-1233089972142939', 'ป้ายไม้แกะสลัก', NULL, 'THB', ARRAY['https://scontent-mia5-1.xx.fbcdn.net/v/t39.84726-6/656753602_955026723636601_3699071067912451469_n.jpg?stp=c0.43.261.261a_dst-jpg_p261x260_tt6&_nc_cat=104&ccb=1-7&_nc_sid=92e707&_nc_ohc=6syl8W2apAQQ7kNvwGBAwbp&_nc_oc=AdrCi41j7gbnLddPYhVjGW9vwLwgvTj75p6RluNN2V75gAX0A8zgWNnLu3XudCLP9NE&_nc_zt=14&_nc_ht=scontent-mia5-1.xx&_nc_gid=c47mK5C_Z5M3yIQyf_Ypxg&_nc_ss=7a389&oh=00_Afx3F2h6586ak6y31s_I2umYCt0rhqAmKdWUbeujcUIFfA&oe=69CF60E8'], ARRAY[]::TEXT[], NULL, 'Bangkok, Thailand', '2026-03-29 10:00:00', NULL, '09ecc18c55520112', 'th', true, 'high_risk_category')
ON CONFLICT (platform, platform_listing_id) DO UPDATE SET
  title_original = EXCLUDED.title_original,
  price_amount = EXCLUDED.price_amount,
  images = EXCLUDED.images,
  images_local = EXCLUDED.images_local,
  triage_passed = EXCLUDED.triage_passed,
  triage_reason = EXCLUDED.triage_reason;
INSERT INTO listing_analysis (id, listing_id, code_word_matches, linguistic_risk_score, analysis_method, risk_score, alert_tier, signal_breakdown, agreement_bonus)
VALUES ('e0000000-0000-0000-0000-000000000166', 'd0000000-0000-0000-0000-000000000166', '[]', 0.0, 'deterministic', 2, 'clear', '{"code_word": {"score": 0, "max": 15}, "cites": {"score": 0, "max": 25}, "iucn": {"score": 0, "max": 12}, "seizure": {"score": 0, "max": 13}, "geographic": {"score": 2, "max": 10}, "seller": {"score": 0, "max": 10}, "price": {"score": 0, "max": 3}, "image": {"score": 0, "max": 12}}', 0)
ON CONFLICT (listing_id) DO UPDATE SET
  code_word_matches = EXCLUDED.code_word_matches,
  linguistic_risk_score = EXCLUDED.linguistic_risk_score,
  risk_score = EXCLUDED.risk_score,
  alert_tier = EXCLUDED.alert_tier,
  signal_breakdown = EXCLUDED.signal_breakdown;

-- Listing 167: แกะสลักรูปม้า
INSERT INTO listings (id, scan_job_id, platform, platform_listing_id, title_original, price_amount, price_currency, images, images_local, seller_name, location_text, post_date, platform_category, content_hash, language, triage_passed, triage_reason)
VALUES ('d0000000-0000-0000-0000-000000000167', 'a0000000-0000-0000-0000-000000000002', 'facebook.com', 'fb-2091096704959231', 'แกะสลักรูปม้า', NULL, 'THB', ARRAY['https://scontent-mia5-1.xx.fbcdn.net/v/t39.84726-6/629237985_1198364208947058_5308086591343999809_n.jpg?stp=c43.0.260.260a_dst-jpg_p261x260_tt6&_nc_cat=104&ccb=1-7&_nc_sid=92e707&_nc_ohc=P2QY8fiyAHAQ7kNvwEp6Oi5&_nc_oc=Adp05aJahOjDrm1YYPraLAmxFv7o_TfsHB0g3-bMWYRjjxkWkHaeOUt_Q7Gyj6bDt9U&_nc_zt=14&_nc_ht=scontent-mia5-1.xx&_nc_gid=c47mK5C_Z5M3yIQyf_Ypxg&_nc_ss=7a389&oh=00_AfzXybb8AGFVJuDlrUuhylH1nIoGbl3rC9huDgIXfazAMA&oe=69CF4E6B'], ARRAY[]::TEXT[], NULL, 'Bangkok, Thailand', '2026-03-29 10:00:00', NULL, '83838db5e49fc116', 'th', true, 'high_risk_category')
ON CONFLICT (platform, platform_listing_id) DO UPDATE SET
  title_original = EXCLUDED.title_original,
  price_amount = EXCLUDED.price_amount,
  images = EXCLUDED.images,
  images_local = EXCLUDED.images_local,
  triage_passed = EXCLUDED.triage_passed,
  triage_reason = EXCLUDED.triage_reason;
INSERT INTO listing_analysis (id, listing_id, code_word_matches, linguistic_risk_score, analysis_method, risk_score, alert_tier, signal_breakdown, agreement_bonus)
VALUES ('e0000000-0000-0000-0000-000000000167', 'd0000000-0000-0000-0000-000000000167', '[]', 0.0, 'deterministic', 2, 'clear', '{"code_word": {"score": 0, "max": 15}, "cites": {"score": 0, "max": 25}, "iucn": {"score": 0, "max": 12}, "seizure": {"score": 0, "max": 13}, "geographic": {"score": 2, "max": 10}, "seller": {"score": 0, "max": 10}, "price": {"score": 0, "max": 3}, "image": {"score": 0, "max": 12}}', 0)
ON CONFLICT (listing_id) DO UPDATE SET
  code_word_matches = EXCLUDED.code_word_matches,
  linguistic_risk_score = EXCLUDED.linguistic_risk_score,
  risk_score = EXCLUDED.risk_score,
  alert_tier = EXCLUDED.alert_tier,
  signal_breakdown = EXCLUDED.signal_breakdown;

-- Listing 168: ฆ้องไทยวงเล็ก แกะสลักปิดทอง
INSERT INTO listings (id, scan_job_id, platform, platform_listing_id, title_original, price_amount, price_currency, images, images_local, seller_name, location_text, post_date, platform_category, content_hash, language, triage_passed, triage_reason)
VALUES ('d0000000-0000-0000-0000-000000000168', 'a0000000-0000-0000-0000-000000000002', 'facebook.com', 'fb-1128649316135830', 'ฆ้องไทยวงเล็ก แกะสลักปิดทอง', NULL, 'THB', ARRAY['https://scontent-mia3-2.xx.fbcdn.net/v/t39.84726-6/578948315_1155364563397881_7730149834374471636_n.jpg?stp=c0.43.261.261a_dst-jpg_p261x260_tt6&_nc_cat=107&ccb=1-7&_nc_sid=92e707&_nc_ohc=7buh2AxbX44Q7kNvwEIv-AL&_nc_oc=AdpuDu8lXCPDwCfANc8rKRrMO1WniKZqUaMAK6J2M-kAwfsC3kh71qtiDGx-Ztzs3IY&_nc_zt=14&_nc_ht=scontent-mia3-2.xx&_nc_gid=c47mK5C_Z5M3yIQyf_Ypxg&_nc_ss=7a389&oh=00_Afyi1Xrl8JGSnxxIyzukiEoctwbFbu1z9hReZCkJO5-Ykw&oe=69CF4060'], ARRAY[]::TEXT[], NULL, 'Bangkok, Thailand', '2026-03-29 10:00:00', NULL, '059e4ea5aa4acb7c', 'th', true, 'high_risk_category')
ON CONFLICT (platform, platform_listing_id) DO UPDATE SET
  title_original = EXCLUDED.title_original,
  price_amount = EXCLUDED.price_amount,
  images = EXCLUDED.images,
  images_local = EXCLUDED.images_local,
  triage_passed = EXCLUDED.triage_passed,
  triage_reason = EXCLUDED.triage_reason;
INSERT INTO listing_analysis (id, listing_id, code_word_matches, linguistic_risk_score, analysis_method, risk_score, alert_tier, signal_breakdown, agreement_bonus)
VALUES ('e0000000-0000-0000-0000-000000000168', 'd0000000-0000-0000-0000-000000000168', '[]', 0.0, 'deterministic', 2, 'clear', '{"code_word": {"score": 0, "max": 15}, "cites": {"score": 0, "max": 25}, "iucn": {"score": 0, "max": 12}, "seizure": {"score": 0, "max": 13}, "geographic": {"score": 2, "max": 10}, "seller": {"score": 0, "max": 10}, "price": {"score": 0, "max": 3}, "image": {"score": 0, "max": 12}}', 0)
ON CONFLICT (listing_id) DO UPDATE SET
  code_word_matches = EXCLUDED.code_word_matches,
  linguistic_risk_score = EXCLUDED.linguistic_risk_score,
  risk_score = EXCLUDED.risk_score,
  alert_tier = EXCLUDED.alert_tier,
  signal_breakdown = EXCLUDED.signal_breakdown;

-- Listing 169: หน้ากากแกะสลัก
INSERT INTO listings (id, scan_job_id, platform, platform_listing_id, title_original, price_amount, price_currency, images, images_local, seller_name, location_text, post_date, platform_category, content_hash, language, triage_passed, triage_reason)
VALUES ('d0000000-0000-0000-0000-000000000169', 'a0000000-0000-0000-0000-000000000002', 'facebook.com', 'fb-2164074211001167', 'หน้ากากแกะสลัก', NULL, 'THB', ARRAY['https://scontent-mia3-2.xx.fbcdn.net/v/t39.84726-6/649842439_1272582741409512_1223915396179247105_n.jpg?stp=c0.43.261.261a_dst-jpg_p261x260_tt6&_nc_cat=105&ccb=1-7&_nc_sid=92e707&_nc_ohc=CJsF3tjTYDQQ7kNvwEIe0t6&_nc_oc=AdpqV6dkyq0TA26yUTsl0gzTlndRQEiVUjolaSlvYGKsDcN41pVyykxm_kRmgaqBjyo&_nc_zt=14&_nc_ht=scontent-mia3-2.xx&_nc_gid=c47mK5C_Z5M3yIQyf_Ypxg&_nc_ss=7a389&oh=00_AfzFENpZ6aSeraSt9oeFNJK7T-uBFpQwUASrL2LkCsdPZA&oe=69CF4C11'], ARRAY[]::TEXT[], NULL, 'Bangkok, Thailand', '2026-03-29 10:00:00', NULL, '599837db13b3b48b', 'th', true, 'high_risk_category')
ON CONFLICT (platform, platform_listing_id) DO UPDATE SET
  title_original = EXCLUDED.title_original,
  price_amount = EXCLUDED.price_amount,
  images = EXCLUDED.images,
  images_local = EXCLUDED.images_local,
  triage_passed = EXCLUDED.triage_passed,
  triage_reason = EXCLUDED.triage_reason;
INSERT INTO listing_analysis (id, listing_id, code_word_matches, linguistic_risk_score, analysis_method, risk_score, alert_tier, signal_breakdown, agreement_bonus)
VALUES ('e0000000-0000-0000-0000-000000000169', 'd0000000-0000-0000-0000-000000000169', '[]', 0.0, 'deterministic', 2, 'clear', '{"code_word": {"score": 0, "max": 15}, "cites": {"score": 0, "max": 25}, "iucn": {"score": 0, "max": 12}, "seizure": {"score": 0, "max": 13}, "geographic": {"score": 2, "max": 10}, "seller": {"score": 0, "max": 10}, "price": {"score": 0, "max": 3}, "image": {"score": 0, "max": 12}}', 0)
ON CONFLICT (listing_id) DO UPDATE SET
  code_word_matches = EXCLUDED.code_word_matches,
  linguistic_risk_score = EXCLUDED.linguistic_risk_score,
  risk_score = EXCLUDED.risk_score,
  alert_tier = EXCLUDED.alert_tier,
  signal_breakdown = EXCLUDED.signal_breakdown;

-- Listing 170: รับแกะสลักพระ ตามแบบ หินและหยก มีรับประกันงาน
INSERT INTO listings (id, scan_job_id, platform, platform_listing_id, title_original, price_amount, price_currency, images, images_local, seller_name, location_text, post_date, platform_category, content_hash, language, triage_passed, triage_reason)
VALUES ('d0000000-0000-0000-0000-000000000170', 'a0000000-0000-0000-0000-000000000002', 'facebook.com', 'fb-944922861611384', 'รับแกะสลักพระ ตามแบบ หินและหยก มีรับประกันงาน', NULL, 'THB', ARRAY['https://scontent-mia5-2.xx.fbcdn.net/v/t39.84726-6/657563356_26383355048012117_1645384640883131950_n.jpg?stp=c0.43.261.261a_dst-jpg_p261x260_tt6&_nc_cat=100&ccb=1-7&_nc_sid=92e707&_nc_ohc=wXpO75iAdnUQ7kNvwEZGkIY&_nc_oc=Adqk0ndDXWL_GDRnMXhyPq_209xv1nojgX3bpakCJFdiBCkw-I4OsY1-zh52c4NJnbE&_nc_zt=14&_nc_ht=scontent-mia5-2.xx&_nc_gid=c47mK5C_Z5M3yIQyf_Ypxg&_nc_ss=7a389&oh=00_Afxfbqf-extEJ_3XKd1uD95kWUsCpHcgE9sKzH_mVvofuA&oe=69CF374E'], ARRAY[]::TEXT[], NULL, 'Bangkok, Thailand', '2026-03-29 10:00:00', NULL, '5be768d9e24cf982', 'th', true, 'high_risk_category')
ON CONFLICT (platform, platform_listing_id) DO UPDATE SET
  title_original = EXCLUDED.title_original,
  price_amount = EXCLUDED.price_amount,
  images = EXCLUDED.images,
  images_local = EXCLUDED.images_local,
  triage_passed = EXCLUDED.triage_passed,
  triage_reason = EXCLUDED.triage_reason;
INSERT INTO listing_analysis (id, listing_id, code_word_matches, linguistic_risk_score, analysis_method, risk_score, alert_tier, signal_breakdown, agreement_bonus)
VALUES ('e0000000-0000-0000-0000-000000000170', 'd0000000-0000-0000-0000-000000000170', '[]', 0.0, 'deterministic', 2, 'clear', '{"code_word": {"score": 0, "max": 15}, "cites": {"score": 0, "max": 25}, "iucn": {"score": 0, "max": 12}, "seizure": {"score": 0, "max": 13}, "geographic": {"score": 2, "max": 10}, "seller": {"score": 0, "max": 10}, "price": {"score": 0, "max": 3}, "image": {"score": 0, "max": 12}}', 0)
ON CONFLICT (listing_id) DO UPDATE SET
  code_word_matches = EXCLUDED.code_word_matches,
  linguistic_risk_score = EXCLUDED.linguistic_risk_score,
  risk_score = EXCLUDED.risk_score,
  alert_tier = EXCLUDED.alert_tier,
  signal_breakdown = EXCLUDED.signal_breakdown;

-- Listing 171: จี้กระต่ายหยกนำโชค รับประกันคืนเงิน รับแกะสลักทุกแบบ
INSERT INTO listings (id, scan_job_id, platform, platform_listing_id, title_original, price_amount, price_currency, images, images_local, seller_name, location_text, post_date, platform_category, content_hash, language, triage_passed, triage_reason)
VALUES ('d0000000-0000-0000-0000-000000000171', 'a0000000-0000-0000-0000-000000000002', 'facebook.com', 'fb-1462186198863697', 'จี้กระต่ายหยกนำโชค รับประกันคืนเงิน รับแกะสลักทุกแบบ', NULL, 'THB', ARRAY['https://scontent-mia3-2.xx.fbcdn.net/v/t39.84726-6/645578046_1436929027504335_467796433151307512_n.jpg?stp=c64.0.260.260a_dst-jpg_p261x260_tt6&_nc_cat=105&ccb=1-7&_nc_sid=92e707&_nc_ohc=STncoKMiZOMQ7kNvwG7QOxB&_nc_oc=Adp7YNHPAwkeflr1H0fr84suTGKD3LcCzBAcpcLVce7K_XzPznA6gN8z-E-rocItI0c&_nc_zt=14&_nc_ht=scontent-mia3-2.xx&_nc_gid=c47mK5C_Z5M3yIQyf_Ypxg&_nc_ss=7a389&oh=00_Afx716e3-WujuhXCtrlg5sK8kf0nVt7CzzLVVYxcOg4CtQ&oe=69CF3ADE'], ARRAY[]::TEXT[], NULL, 'Bangkok, Thailand', '2026-03-29 10:00:00', NULL, 'df219a1d84ac070d', 'th', true, 'code_word_match')
ON CONFLICT (platform, platform_listing_id) DO UPDATE SET
  title_original = EXCLUDED.title_original,
  price_amount = EXCLUDED.price_amount,
  images = EXCLUDED.images,
  images_local = EXCLUDED.images_local,
  triage_passed = EXCLUDED.triage_passed,
  triage_reason = EXCLUDED.triage_reason;
INSERT INTO listing_analysis (id, listing_id, code_word_matches, linguistic_risk_score, analysis_method, risk_score, alert_tier, signal_breakdown, agreement_bonus)
VALUES ('e0000000-0000-0000-0000-000000000171', 'd0000000-0000-0000-0000-000000000171', '[]', 0.0, 'deterministic', 2, 'clear', '{"code_word": {"score": 0, "max": 15}, "cites": {"score": 0, "max": 25}, "iucn": {"score": 0, "max": 12}, "seizure": {"score": 0, "max": 13}, "geographic": {"score": 2, "max": 10}, "seller": {"score": 0, "max": 10}, "price": {"score": 0, "max": 3}, "image": {"score": 0, "max": 12}}', 0)
ON CONFLICT (listing_id) DO UPDATE SET
  code_word_matches = EXCLUDED.code_word_matches,
  linguistic_risk_score = EXCLUDED.linguistic_risk_score,
  risk_score = EXCLUDED.risk_score,
  alert_tier = EXCLUDED.alert_tier,
  signal_breakdown = EXCLUDED.signal_breakdown;

-- Listing 172: 🙇🙇ตู้ใส่ของงานไม้ฮอกกานีแท้ แกะสลักลวดลายละเอียดสวยงาม ดีไซน
INSERT INTO listings (id, scan_job_id, platform, platform_listing_id, title_original, price_amount, price_currency, images, images_local, seller_name, location_text, post_date, platform_category, content_hash, language, triage_passed, triage_reason)
VALUES ('d0000000-0000-0000-0000-000000000172', 'a0000000-0000-0000-0000-000000000002', 'facebook.com', 'fb-1600485787832265', '🙇🙇ตู้ใส่ของงานไม้ฮอกกานีแท้ แกะสลักลวดลายละเอียดสวยงาม ดีไซน์ทรงสวย?', NULL, 'THB', ARRAY['https://scontent-mia3-3.xx.fbcdn.net/v/t39.84726-6/657441529_1304610687748704_7413010213690142674_n.jpg?stp=c0.32.261.261a_dst-jpg_p261x260_tt6&_nc_cat=110&ccb=1-7&_nc_sid=92e707&_nc_ohc=ODizWQf3GH0Q7kNvwGsjxAU&_nc_oc=AdqaD29qCsSnOgKLY16s-J7zFIWF-LAAP4xmpcOxnEajwKDK_nC0wIdbk_aDsoWWNfk&_nc_zt=14&_nc_ht=scontent-mia3-3.xx&_nc_gid=c47mK5C_Z5M3yIQyf_Ypxg&_nc_ss=7a389&oh=00_AfxKaS8Nls3iTlPaq-0EhiXP2dJaKkaunS0sbBGAMjA8cA&oe=69CF5E5D'], ARRAY[]::TEXT[], NULL, 'Bangkok, Thailand', '2026-03-29 10:00:00', NULL, '3abd69ad98f7ae80', 'th', true, 'high_risk_category')
ON CONFLICT (platform, platform_listing_id) DO UPDATE SET
  title_original = EXCLUDED.title_original,
  price_amount = EXCLUDED.price_amount,
  images = EXCLUDED.images,
  images_local = EXCLUDED.images_local,
  triage_passed = EXCLUDED.triage_passed,
  triage_reason = EXCLUDED.triage_reason;
INSERT INTO listing_analysis (id, listing_id, code_word_matches, linguistic_risk_score, analysis_method, risk_score, alert_tier, signal_breakdown, agreement_bonus)
VALUES ('e0000000-0000-0000-0000-000000000172', 'd0000000-0000-0000-0000-000000000172', '[]', 0.0, 'deterministic', 2, 'clear', '{"code_word": {"score": 0, "max": 15}, "cites": {"score": 0, "max": 25}, "iucn": {"score": 0, "max": 12}, "seizure": {"score": 0, "max": 13}, "geographic": {"score": 2, "max": 10}, "seller": {"score": 0, "max": 10}, "price": {"score": 0, "max": 3}, "image": {"score": 0, "max": 12}}', 0)
ON CONFLICT (listing_id) DO UPDATE SET
  code_word_matches = EXCLUDED.code_word_matches,
  linguistic_risk_score = EXCLUDED.linguistic_risk_score,
  risk_score = EXCLUDED.risk_score,
  alert_tier = EXCLUDED.alert_tier,
  signal_breakdown = EXCLUDED.signal_breakdown;

-- Listing 173: หน้ากากไม้แกะสลักหน้าคน
INSERT INTO listings (id, scan_job_id, platform, platform_listing_id, title_original, price_amount, price_currency, images, images_local, seller_name, location_text, post_date, platform_category, content_hash, language, triage_passed, triage_reason)
VALUES ('d0000000-0000-0000-0000-000000000173', 'a0000000-0000-0000-0000-000000000002', 'facebook.com', 'fb-1168907758545734', 'หน้ากากไม้แกะสลักหน้าคน', NULL, 'THB', ARRAY['https://scontent-mia3-3.xx.fbcdn.net/v/t39.84726-6/653054514_946759144972413_5107096017201800373_n.jpg?stp=c0.0.261.261a_dst-jpg_p261x260_tt6&_nc_cat=109&ccb=1-7&_nc_sid=92e707&_nc_ohc=4r7IT9h9Y1UQ7kNvwFwNF0c&_nc_oc=AdpKDTBg-R1xkr9SojbXUXF2qb-iqGXlYvzItqDL40uPWSUkrIYmBwNp1Asm_Dl4jjY&_nc_zt=14&_nc_ht=scontent-mia3-3.xx&_nc_gid=c47mK5C_Z5M3yIQyf_Ypxg&_nc_ss=7a389&oh=00_Afxd5cS8VeI2Q9wWR3m2JMjwVb6YPpREHUP5AbUSvkl_hw&oe=69CF4D3A'], ARRAY[]::TEXT[], NULL, 'Bangkok, Thailand', '2026-03-29 10:00:00', NULL, '4f8abd863c365adf', 'th', true, 'high_risk_category')
ON CONFLICT (platform, platform_listing_id) DO UPDATE SET
  title_original = EXCLUDED.title_original,
  price_amount = EXCLUDED.price_amount,
  images = EXCLUDED.images,
  images_local = EXCLUDED.images_local,
  triage_passed = EXCLUDED.triage_passed,
  triage_reason = EXCLUDED.triage_reason;
INSERT INTO listing_analysis (id, listing_id, code_word_matches, linguistic_risk_score, analysis_method, risk_score, alert_tier, signal_breakdown, agreement_bonus)
VALUES ('e0000000-0000-0000-0000-000000000173', 'd0000000-0000-0000-0000-000000000173', '[]', 0.0, 'deterministic', 2, 'clear', '{"code_word": {"score": 0, "max": 15}, "cites": {"score": 0, "max": 25}, "iucn": {"score": 0, "max": 12}, "seizure": {"score": 0, "max": 13}, "geographic": {"score": 2, "max": 10}, "seller": {"score": 0, "max": 10}, "price": {"score": 0, "max": 3}, "image": {"score": 0, "max": 12}}', 0)
ON CONFLICT (listing_id) DO UPDATE SET
  code_word_matches = EXCLUDED.code_word_matches,
  linguistic_risk_score = EXCLUDED.linguistic_risk_score,
  risk_score = EXCLUDED.risk_score,
  alert_tier = EXCLUDED.alert_tier,
  signal_breakdown = EXCLUDED.signal_breakdown;

-- Listing 174: ชุดแกะสลักไม้ Yoshiharu เป็นบริษัทผลิตมีดแกะสลักไม้ คุณภาพสู
INSERT INTO listings (id, scan_job_id, platform, platform_listing_id, title_original, price_amount, price_currency, images, images_local, seller_name, location_text, post_date, platform_category, content_hash, language, triage_passed, triage_reason)
VALUES ('d0000000-0000-0000-0000-000000000174', 'a0000000-0000-0000-0000-000000000002', 'facebook.com', 'fb-711153788689315', 'ชุดแกะสลักไม้ Yoshiharu เป็นบริษัทผลิตมีดแกะสลักไม้ คุณภาพสูงของญี่ปุ่น', NULL, 'THB', ARRAY['https://scontent-mia3-3.xx.fbcdn.net/v/t39.84726-6/656892484_1374446367778435_3558007034209631929_n.jpg?stp=c0.159.261.261a_dst-jpg_p261x260_tt6&_nc_cat=109&ccb=1-7&_nc_sid=92e707&_nc_ohc=KH0Hw-vhMGgQ7kNvwFaIY-2&_nc_oc=AdpasQJMpxns3RYzPqyYLXPwTxLHeNEWxfibwg32hlvPcRNv08X_Jw5QuQZKr9eHqDY&_nc_zt=14&_nc_ht=scontent-mia3-3.xx&_nc_gid=c47mK5C_Z5M3yIQyf_Ypxg&_nc_ss=7a389&oh=00_Afy25HBq2qX8t8mAAJDAqeKZyoTNXmKacEDX938Ge6_Dvg&oe=69CF6513'], ARRAY[]::TEXT[], NULL, 'Bangkok, Thailand', '2026-03-29 10:00:00', NULL, '3927e81a55978979', 'th', true, 'high_risk_category')
ON CONFLICT (platform, platform_listing_id) DO UPDATE SET
  title_original = EXCLUDED.title_original,
  price_amount = EXCLUDED.price_amount,
  images = EXCLUDED.images,
  images_local = EXCLUDED.images_local,
  triage_passed = EXCLUDED.triage_passed,
  triage_reason = EXCLUDED.triage_reason;
INSERT INTO listing_analysis (id, listing_id, code_word_matches, linguistic_risk_score, analysis_method, risk_score, alert_tier, signal_breakdown, agreement_bonus)
VALUES ('e0000000-0000-0000-0000-000000000174', 'd0000000-0000-0000-0000-000000000174', '[]', 0.0, 'deterministic', 2, 'clear', '{"code_word": {"score": 0, "max": 15}, "cites": {"score": 0, "max": 25}, "iucn": {"score": 0, "max": 12}, "seizure": {"score": 0, "max": 13}, "geographic": {"score": 2, "max": 10}, "seller": {"score": 0, "max": 10}, "price": {"score": 0, "max": 3}, "image": {"score": 0, "max": 12}}', 0)
ON CONFLICT (listing_id) DO UPDATE SET
  code_word_matches = EXCLUDED.code_word_matches,
  linguistic_risk_score = EXCLUDED.linguistic_risk_score,
  risk_score = EXCLUDED.risk_score,
  alert_tier = EXCLUDED.alert_tier,
  signal_breakdown = EXCLUDED.signal_breakdown;

-- Listing 175: รับแกะสลักตามแบบ
INSERT INTO listings (id, scan_job_id, platform, platform_listing_id, title_original, price_amount, price_currency, images, images_local, seller_name, location_text, post_date, platform_category, content_hash, language, triage_passed, triage_reason)
VALUES ('d0000000-0000-0000-0000-000000000175', 'a0000000-0000-0000-0000-000000000002', 'facebook.com', 'fb-1225370889355806', 'รับแกะสลักตามแบบ', NULL, 'THB', ARRAY['https://scontent-mia3-1.xx.fbcdn.net/v/t39.84726-6/659102232_2117097005722682_2451362650096251179_n.jpg?stp=c0.0.261.261a_dst-jpg_p261x260_tt6&_nc_cat=111&ccb=1-7&_nc_sid=92e707&_nc_ohc=mEM0Q24hHoQQ7kNvwHytnY0&_nc_oc=AdpJw1uurKiv-wK6Bl2G_GhhM2sjygK4BDYH26UFfffIADDziG9bnpYVI4pLsC1Jppo&_nc_zt=14&_nc_ht=scontent-mia3-1.xx&_nc_gid=c47mK5C_Z5M3yIQyf_Ypxg&_nc_ss=7a389&oh=00_AfwG26Mva0yjCFSdimYeHh3uqbvo1ILkgyyCKhxwnswppg&oe=69CF3CB3'], ARRAY[]::TEXT[], NULL, 'Bangkok, Thailand', '2026-03-29 10:00:00', NULL, 'bd2ae5100d955a88', 'th', true, 'high_risk_category')
ON CONFLICT (platform, platform_listing_id) DO UPDATE SET
  title_original = EXCLUDED.title_original,
  price_amount = EXCLUDED.price_amount,
  images = EXCLUDED.images,
  images_local = EXCLUDED.images_local,
  triage_passed = EXCLUDED.triage_passed,
  triage_reason = EXCLUDED.triage_reason;
INSERT INTO listing_analysis (id, listing_id, code_word_matches, linguistic_risk_score, analysis_method, risk_score, alert_tier, signal_breakdown, agreement_bonus)
VALUES ('e0000000-0000-0000-0000-000000000175', 'd0000000-0000-0000-0000-000000000175', '[]', 0.0, 'deterministic', 2, 'clear', '{"code_word": {"score": 0, "max": 15}, "cites": {"score": 0, "max": 25}, "iucn": {"score": 0, "max": 12}, "seizure": {"score": 0, "max": 13}, "geographic": {"score": 2, "max": 10}, "seller": {"score": 0, "max": 10}, "price": {"score": 0, "max": 3}, "image": {"score": 0, "max": 12}}', 0)
ON CONFLICT (listing_id) DO UPDATE SET
  code_word_matches = EXCLUDED.code_word_matches,
  linguistic_risk_score = EXCLUDED.linguistic_risk_score,
  risk_score = EXCLUDED.risk_score,
  alert_tier = EXCLUDED.alert_tier,
  signal_breakdown = EXCLUDED.signal_breakdown;

-- Listing 176: หลวงปู่ทวด​ -​ หลวงพ่อพัฒน์
INSERT INTO listings (id, scan_job_id, platform, platform_listing_id, title_original, price_amount, price_currency, images, images_local, seller_name, location_text, post_date, platform_category, content_hash, language, triage_passed, triage_reason)
VALUES ('d0000000-0000-0000-0000-000000000176', 'a0000000-0000-0000-0000-000000000002', 'facebook.com', 'fb-786330377343817', 'หลวงปู่ทวด​ -​ หลวงพ่อพัฒน์', NULL, 'THB', ARRAY['https://scontent-mia5-1.xx.fbcdn.net/v/t39.84726-6/565233563_801360109263557_1982185354977304777_n.jpg?stp=c0.43.261.261a_dst-jpg_p261x260_tt6&_nc_cat=102&ccb=1-7&_nc_sid=92e707&_nc_ohc=o0QCu-BFruIQ7kNvwHiS9Gj&_nc_oc=AdpSLKOpXj8nNMUSiWtYC3OT_jPWAJsvCDirhyIhqRl9a6Iv7jL_1LX-RUqZ5J6tA2s&_nc_zt=14&_nc_ht=scontent-mia5-1.xx&_nc_gid=c47mK5C_Z5M3yIQyf_Ypxg&_nc_ss=7a389&oh=00_Afxw-9xkXxekASnq_YBsl8Lhz3nYfk94TNS_CBFZbk2ulQ&oe=69CF4D4B'], ARRAY[]::TEXT[], NULL, 'Bangkok, Thailand', '2026-03-29 10:00:00', NULL, '9f2c132b48f812c9', 'th', true, 'high_risk_category')
ON CONFLICT (platform, platform_listing_id) DO UPDATE SET
  title_original = EXCLUDED.title_original,
  price_amount = EXCLUDED.price_amount,
  images = EXCLUDED.images,
  images_local = EXCLUDED.images_local,
  triage_passed = EXCLUDED.triage_passed,
  triage_reason = EXCLUDED.triage_reason;
INSERT INTO listing_analysis (id, listing_id, code_word_matches, linguistic_risk_score, analysis_method, risk_score, alert_tier, signal_breakdown, agreement_bonus)
VALUES ('e0000000-0000-0000-0000-000000000176', 'd0000000-0000-0000-0000-000000000176', '[]', 0.0, 'deterministic', 2, 'clear', '{"code_word": {"score": 0, "max": 15}, "cites": {"score": 0, "max": 25}, "iucn": {"score": 0, "max": 12}, "seizure": {"score": 0, "max": 13}, "geographic": {"score": 2, "max": 10}, "seller": {"score": 0, "max": 10}, "price": {"score": 0, "max": 3}, "image": {"score": 0, "max": 12}}', 0)
ON CONFLICT (listing_id) DO UPDATE SET
  code_word_matches = EXCLUDED.code_word_matches,
  linguistic_risk_score = EXCLUDED.linguistic_risk_score,
  risk_score = EXCLUDED.risk_score,
  alert_tier = EXCLUDED.alert_tier,
  signal_breakdown = EXCLUDED.signal_breakdown;

-- Listing 177: นกไม้แกะสลักงานเก่า
INSERT INTO listings (id, scan_job_id, platform, platform_listing_id, title_original, price_amount, price_currency, images, images_local, seller_name, location_text, post_date, platform_category, content_hash, language, triage_passed, triage_reason)
VALUES ('d0000000-0000-0000-0000-000000000177', 'a0000000-0000-0000-0000-000000000002', 'facebook.com', 'fb-1585650712709365', 'นกไม้แกะสลักงานเก่า', NULL, 'THB', ARRAY['https://scontent-mia3-1.xx.fbcdn.net/v/t39.84726-6/641507783_721059824293335_9120477876883557095_n.jpg?stp=c0.43.261.261a_dst-jpg_p261x260_tt6&_nc_cat=106&ccb=1-7&_nc_sid=92e707&_nc_ohc=bm5tW-regJ8Q7kNvwHgOhQc&_nc_oc=AdptDgqfYsuFmny-gL7SRV8S6b1b5faf3qAr8lbk91iDb_Zc-2Tc3Tf1btw8sbumZWI&_nc_zt=14&_nc_ht=scontent-mia3-1.xx&_nc_gid=c47mK5C_Z5M3yIQyf_Ypxg&_nc_ss=7a389&oh=00_AfzHa56oulKE7M5i8ph019Hz1MT99PO3l-5CHlUJzrZ_Cw&oe=69CF4AD5'], ARRAY[]::TEXT[], NULL, 'Bangkok, Thailand', '2026-03-29 10:00:00', NULL, 'd9c2b10d594a2e0b', 'th', true, 'high_risk_category')
ON CONFLICT (platform, platform_listing_id) DO UPDATE SET
  title_original = EXCLUDED.title_original,
  price_amount = EXCLUDED.price_amount,
  images = EXCLUDED.images,
  images_local = EXCLUDED.images_local,
  triage_passed = EXCLUDED.triage_passed,
  triage_reason = EXCLUDED.triage_reason;
INSERT INTO listing_analysis (id, listing_id, code_word_matches, linguistic_risk_score, analysis_method, risk_score, alert_tier, signal_breakdown, agreement_bonus)
VALUES ('e0000000-0000-0000-0000-000000000177', 'd0000000-0000-0000-0000-000000000177', '[]', 0.0, 'deterministic', 2, 'clear', '{"code_word": {"score": 0, "max": 15}, "cites": {"score": 0, "max": 25}, "iucn": {"score": 0, "max": 12}, "seizure": {"score": 0, "max": 13}, "geographic": {"score": 2, "max": 10}, "seller": {"score": 0, "max": 10}, "price": {"score": 0, "max": 3}, "image": {"score": 0, "max": 12}}', 0)
ON CONFLICT (listing_id) DO UPDATE SET
  code_word_matches = EXCLUDED.code_word_matches,
  linguistic_risk_score = EXCLUDED.linguistic_risk_score,
  risk_score = EXCLUDED.risk_score,
  alert_tier = EXCLUDED.alert_tier,
  signal_breakdown = EXCLUDED.signal_breakdown;

-- Listing 178: กระทิง
INSERT INTO listings (id, scan_job_id, platform, platform_listing_id, title_original, price_amount, price_currency, images, images_local, seller_name, location_text, post_date, platform_category, content_hash, language, triage_passed, triage_reason)
VALUES ('d0000000-0000-0000-0000-000000000178', 'a0000000-0000-0000-0000-000000000002', 'facebook.com', 'fb-1385840612850818', 'กระทิง', NULL, 'THB', ARRAY['https://scontent-mia3-1.xx.fbcdn.net/v/t39.84726-6/633422829_26331482473104999_7179381515022407607_n.jpg?stp=c0.62.261.261a_dst-jpg_p261x260_tt6&_nc_cat=111&ccb=1-7&_nc_sid=92e707&_nc_ohc=1cFQaArtwlcQ7kNvwHpfefJ&_nc_oc=Adou9dp6p0zj-i_j7gqVOhfpnEyuK1-s9Be7lehSbJ_gPqWyMIq52V10PfXmMkkmVro&_nc_zt=14&_nc_ht=scontent-mia3-1.xx&_nc_gid=c47mK5C_Z5M3yIQyf_Ypxg&_nc_ss=7a389&oh=00_Afyvl7lQPCoyakAuI-UbmeaPJiwi8xsd3iQ7jgVwZAjhVQ&oe=69CF37AF'], ARRAY[]::TEXT[], NULL, 'Bangkok, Thailand', '2026-03-29 10:00:00', NULL, '685e572adc510893', 'th', true, 'code_word_match')
ON CONFLICT (platform, platform_listing_id) DO UPDATE SET
  title_original = EXCLUDED.title_original,
  price_amount = EXCLUDED.price_amount,
  images = EXCLUDED.images,
  images_local = EXCLUDED.images_local,
  triage_passed = EXCLUDED.triage_passed,
  triage_reason = EXCLUDED.triage_reason;
INSERT INTO listing_analysis (id, listing_id, code_word_matches, linguistic_risk_score, analysis_method, risk_score, alert_tier, signal_breakdown, agreement_bonus)
VALUES ('e0000000-0000-0000-0000-000000000178', 'd0000000-0000-0000-0000-000000000178', '[]', 0.0, 'deterministic', 2, 'clear', '{"code_word": {"score": 0, "max": 15}, "cites": {"score": 0, "max": 25}, "iucn": {"score": 0, "max": 12}, "seizure": {"score": 0, "max": 13}, "geographic": {"score": 2, "max": 10}, "seller": {"score": 0, "max": 10}, "price": {"score": 0, "max": 3}, "image": {"score": 0, "max": 12}}', 0)
ON CONFLICT (listing_id) DO UPDATE SET
  code_word_matches = EXCLUDED.code_word_matches,
  linguistic_risk_score = EXCLUDED.linguistic_risk_score,
  risk_score = EXCLUDED.risk_score,
  alert_tier = EXCLUDED.alert_tier,
  signal_breakdown = EXCLUDED.signal_breakdown;

-- Listing 179: เขาควายเผือกแกะสลัก
INSERT INTO listings (id, scan_job_id, platform, platform_listing_id, title_original, price_amount, price_currency, images, images_local, seller_name, location_text, post_date, platform_category, content_hash, language, triage_passed, triage_reason)
VALUES ('d0000000-0000-0000-0000-000000000179', 'a0000000-0000-0000-0000-000000000002', 'facebook.com', 'fb-1683513869755378', 'เขาควายเผือกแกะสลัก', NULL, 'THB', ARRAY['https://scontent-mia3-3.xx.fbcdn.net/v/t39.84726-6/658368741_25900912912943158_1996206436222932883_n.jpg?stp=c0.76.261.261a_dst-jpg_p261x260_tt6&_nc_cat=108&ccb=1-7&_nc_sid=92e707&_nc_ohc=GsB8Z-EpMlwQ7kNvwGIqpso&_nc_oc=AdpdvrMlITUMIwxzdY2BB5WFyk2xitcpyhAv7BIHQx5UlvPQtnWYrWpRpBSVCh6Rqrs&_nc_zt=14&_nc_ht=scontent-mia3-3.xx&_nc_gid=c47mK5C_Z5M3yIQyf_Ypxg&_nc_ss=7a389&oh=00_Afz9EWvCHWG9KPh5K5WxOiPsF5GP4rV-K3LaKmYd3usKXw&oe=69CF4C33'], ARRAY[]::TEXT[], NULL, 'Bangkok, Thailand', '2026-03-29 10:00:00', NULL, '22d985c49bb8c9c1', 'th', true, 'high_risk_category')
ON CONFLICT (platform, platform_listing_id) DO UPDATE SET
  title_original = EXCLUDED.title_original,
  price_amount = EXCLUDED.price_amount,
  images = EXCLUDED.images,
  images_local = EXCLUDED.images_local,
  triage_passed = EXCLUDED.triage_passed,
  triage_reason = EXCLUDED.triage_reason;
INSERT INTO listing_analysis (id, listing_id, code_word_matches, linguistic_risk_score, analysis_method, risk_score, alert_tier, signal_breakdown, agreement_bonus)
VALUES ('e0000000-0000-0000-0000-000000000179', 'd0000000-0000-0000-0000-000000000179', '[]', 0.0, 'deterministic', 2, 'clear', '{"code_word": {"score": 0, "max": 15}, "cites": {"score": 0, "max": 25}, "iucn": {"score": 0, "max": 12}, "seizure": {"score": 0, "max": 13}, "geographic": {"score": 2, "max": 10}, "seller": {"score": 0, "max": 10}, "price": {"score": 0, "max": 3}, "image": {"score": 0, "max": 12}}', 0)
ON CONFLICT (listing_id) DO UPDATE SET
  code_word_matches = EXCLUDED.code_word_matches,
  linguistic_risk_score = EXCLUDED.linguistic_risk_score,
  risk_score = EXCLUDED.risk_score,
  alert_tier = EXCLUDED.alert_tier,
  signal_breakdown = EXCLUDED.signal_breakdown;

-- Listing 180: คอกกั้นสัตว์เลี้ยง โครงไม้สไตล์มินิมอล 🐶🐱 สภาพดีมาก แข็งแรง 
INSERT INTO listings (id, scan_job_id, platform, platform_listing_id, title_original, price_amount, price_currency, images, images_local, seller_name, location_text, post_date, platform_category, content_hash, language, triage_passed, triage_reason)
VALUES ('d0000000-0000-0000-0000-000000000180', 'a0000000-0000-0000-0000-000000000002', 'facebook.com', 'fb-1232900062368364', 'คอกกั้นสัตว์เลี้ยง โครงไม้สไตล์มินิมอล 🐶🐱 สภาพดีมาก แข็งแรง สวยเข้ากั?', NULL, 'THB', ARRAY['https://scontent.fslz8-2.fna.fbcdn.net/v/t39.84726-6/641214091_26114822681544664_7086935800840992343_n.jpg?stp=c0.43.261.261a_dst-jpg_p261x260_tt6&_nc_cat=109&ccb=1-7&_nc_sid=92e707&_nc_ohc=hoQ65SltuqAQ7kNvwEUbUL9&_nc_oc=AdogEoJFrMXNvVi79yIdJQ41hEeOp0IdO9Uz3Om50wXIkc9T8LNSm-tfJbFntZDHiUs&_nc_zt=14&_nc_ht=scontent.fslz8-2.fna&_nc_gid=P_fgrZIAWWp8WJ5vJZaepg&_nc_ss=7a389&oh=00_AfyJIsKliFLIMYjj8LD-byKMVWxpGP34nlG5hSkpNkbmJQ&oe=69CF3C3F'], ARRAY[]::TEXT[], NULL, 'Bangkok, Thailand', '2026-03-29 10:00:00', NULL, 'c0010ccbd3520c69', 'th', true, 'high_risk_category')
ON CONFLICT (platform, platform_listing_id) DO UPDATE SET
  title_original = EXCLUDED.title_original,
  price_amount = EXCLUDED.price_amount,
  images = EXCLUDED.images,
  images_local = EXCLUDED.images_local,
  triage_passed = EXCLUDED.triage_passed,
  triage_reason = EXCLUDED.triage_reason;
INSERT INTO listing_analysis (id, listing_id, code_word_matches, linguistic_risk_score, analysis_method, risk_score, alert_tier, signal_breakdown, agreement_bonus)
VALUES ('e0000000-0000-0000-0000-000000000180', 'd0000000-0000-0000-0000-000000000180', '[]', 0.0, 'deterministic', 2, 'clear', '{"code_word": {"score": 0, "max": 15}, "cites": {"score": 0, "max": 25}, "iucn": {"score": 0, "max": 12}, "seizure": {"score": 0, "max": 13}, "geographic": {"score": 2, "max": 10}, "seller": {"score": 0, "max": 10}, "price": {"score": 0, "max": 3}, "image": {"score": 0, "max": 12}}', 0)
ON CONFLICT (listing_id) DO UPDATE SET
  code_word_matches = EXCLUDED.code_word_matches,
  linguistic_risk_score = EXCLUDED.linguistic_risk_score,
  risk_score = EXCLUDED.risk_score,
  alert_tier = EXCLUDED.alert_tier,
  signal_breakdown = EXCLUDED.signal_breakdown;

-- Listing 181: ตามหาเขาสัตว์เก่าโบราณติดบ้านตกแต่งร้าน🫎🫎🫎
INSERT INTO listings (id, scan_job_id, platform, platform_listing_id, title_original, price_amount, price_currency, images, images_local, seller_name, location_text, post_date, platform_category, content_hash, language, triage_passed, triage_reason)
VALUES ('d0000000-0000-0000-0000-000000000181', 'a0000000-0000-0000-0000-000000000002', 'facebook.com', 'fb-1425665869024978', 'ตามหาเขาสัตว์เก่าโบราณติดบ้านตกแต่งร้าน🫎🫎🫎', NULL, 'THB', ARRAY['https://scontent.fslz8-2.fna.fbcdn.net/v/t39.84726-6/652929258_1837583096932564_7733748468929916309_n.jpg?stp=c63.0.260.260a_dst-jpg_p261x260_tt6&_nc_cat=110&ccb=1-7&_nc_sid=92e707&_nc_ohc=2cu9K9nv8A4Q7kNvwG0B7jS&_nc_oc=AdpZmRjN1lEE9wlw19iFLGKHh3DiW82iqwurJOrBNq6BvLdZo3z0V-pq7uXJEzIP300&_nc_zt=14&_nc_ht=scontent.fslz8-2.fna&_nc_gid=P_fgrZIAWWp8WJ5vJZaepg&_nc_ss=7a389&oh=00_Afz0kC2VT96P2lm0T6Ol2kX_JjGoKL91_baBi1ERTxdFkA&oe=69CF3B17'], ARRAY[]::TEXT[], NULL, 'Bangkok, Thailand', '2026-03-29 10:00:00', NULL, '3cd272e8cde354e0', 'th', true, 'high_risk_category')
ON CONFLICT (platform, platform_listing_id) DO UPDATE SET
  title_original = EXCLUDED.title_original,
  price_amount = EXCLUDED.price_amount,
  images = EXCLUDED.images,
  images_local = EXCLUDED.images_local,
  triage_passed = EXCLUDED.triage_passed,
  triage_reason = EXCLUDED.triage_reason;
INSERT INTO listing_analysis (id, listing_id, code_word_matches, linguistic_risk_score, analysis_method, risk_score, alert_tier, signal_breakdown, agreement_bonus)
VALUES ('e0000000-0000-0000-0000-000000000181', 'd0000000-0000-0000-0000-000000000181', '[]', 0.0, 'deterministic', 2, 'clear', '{"code_word": {"score": 0, "max": 15}, "cites": {"score": 0, "max": 25}, "iucn": {"score": 0, "max": 12}, "seizure": {"score": 0, "max": 13}, "geographic": {"score": 2, "max": 10}, "seller": {"score": 0, "max": 10}, "price": {"score": 0, "max": 3}, "image": {"score": 0, "max": 12}}', 0)
ON CONFLICT (listing_id) DO UPDATE SET
  code_word_matches = EXCLUDED.code_word_matches,
  linguistic_risk_score = EXCLUDED.linguistic_risk_score,
  risk_score = EXCLUDED.risk_score,
  alert_tier = EXCLUDED.alert_tier,
  signal_breakdown = EXCLUDED.signal_breakdown;

-- Listing 182: ลูกคิดจีนโบราณ.17 แถวของอากง
INSERT INTO listings (id, scan_job_id, platform, platform_listing_id, title_original, price_amount, price_currency, images, images_local, seller_name, location_text, post_date, platform_category, content_hash, language, triage_passed, triage_reason)
VALUES ('d0000000-0000-0000-0000-000000000182', 'a0000000-0000-0000-0000-000000000002', 'facebook.com', 'fb-3967282933569623', 'ลูกคิดจีนโบราณ.17 แถวของอากง', NULL, 'THB', ARRAY['https://scontent.fslz8-2.fna.fbcdn.net/v/t39.84726-6/648946118_1571911220573463_353286615182107123_n.jpg?stp=c0.43.261.261a_dst-jpg_p261x260_tt6&_nc_cat=107&ccb=1-7&_nc_sid=92e707&_nc_ohc=zix-0ffrNY8Q7kNvwEKyHow&_nc_oc=AdrMDbeLJ1240463gFd37DeKbxTdmsRo6wjJHByzsaa6f5A621uB8_322cak1vgTQxU&_nc_zt=14&_nc_ht=scontent.fslz8-2.fna&_nc_gid=P_fgrZIAWWp8WJ5vJZaepg&_nc_ss=7a389&oh=00_AfzdmM3qF43znrNWHUO9c72aoN-xTymHcWMcqDGd9T55Ew&oe=69CF5C02'], ARRAY[]::TEXT[], NULL, 'Bangkok, Thailand', '2026-03-29 10:00:00', NULL, '0e095d9bd0961092', 'th', true, 'high_risk_category')
ON CONFLICT (platform, platform_listing_id) DO UPDATE SET
  title_original = EXCLUDED.title_original,
  price_amount = EXCLUDED.price_amount,
  images = EXCLUDED.images,
  images_local = EXCLUDED.images_local,
  triage_passed = EXCLUDED.triage_passed,
  triage_reason = EXCLUDED.triage_reason;
INSERT INTO listing_analysis (id, listing_id, code_word_matches, linguistic_risk_score, analysis_method, risk_score, alert_tier, signal_breakdown, agreement_bonus)
VALUES ('e0000000-0000-0000-0000-000000000182', 'd0000000-0000-0000-0000-000000000182', '[]', 0.0, 'deterministic', 2, 'clear', '{"code_word": {"score": 0, "max": 15}, "cites": {"score": 0, "max": 25}, "iucn": {"score": 0, "max": 12}, "seizure": {"score": 0, "max": 13}, "geographic": {"score": 2, "max": 10}, "seller": {"score": 0, "max": 10}, "price": {"score": 0, "max": 3}, "image": {"score": 0, "max": 12}}', 0)
ON CONFLICT (listing_id) DO UPDATE SET
  code_word_matches = EXCLUDED.code_word_matches,
  linguistic_risk_score = EXCLUDED.linguistic_risk_score,
  risk_score = EXCLUDED.risk_score,
  alert_tier = EXCLUDED.alert_tier,
  signal_breakdown = EXCLUDED.signal_breakdown;

-- Listing 183: เขาสัตว์
INSERT INTO listings (id, scan_job_id, platform, platform_listing_id, title_original, price_amount, price_currency, images, images_local, seller_name, location_text, post_date, platform_category, content_hash, language, triage_passed, triage_reason)
VALUES ('d0000000-0000-0000-0000-000000000183', 'a0000000-0000-0000-0000-000000000002', 'facebook.com', 'fb-1585375589264188', 'เขาสัตว์', NULL, 'THB', ARRAY['https://scontent.fslz8-2.fna.fbcdn.net/v/t39.84726-6/607989984_841442812054786_4085902007401867599_n.jpg?stp=c0.0.261.261a_dst-jpg_p261x260_tt6&_nc_cat=100&ccb=1-7&_nc_sid=92e707&_nc_ohc=ugeHUfOoc5kQ7kNvwGUJMRR&_nc_oc=Ado3SxpIfeJh332DBy09UTyVyI2n-opwMLCKxaWexbqC03k4r81O8J6xKak2JrJ5anQ&_nc_zt=14&_nc_ht=scontent.fslz8-2.fna&_nc_gid=P_fgrZIAWWp8WJ5vJZaepg&_nc_ss=7a389&oh=00_Afz-Z4NQBpezlHEbA5uSH3orf_Y2-8038bV0ZshyHgp3SA&oe=69CF6428'], ARRAY[]::TEXT[], NULL, 'Bangkok, Thailand', '2026-03-29 10:00:00', NULL, '5828a618ac8161f0', 'th', true, 'high_risk_category')
ON CONFLICT (platform, platform_listing_id) DO UPDATE SET
  title_original = EXCLUDED.title_original,
  price_amount = EXCLUDED.price_amount,
  images = EXCLUDED.images,
  images_local = EXCLUDED.images_local,
  triage_passed = EXCLUDED.triage_passed,
  triage_reason = EXCLUDED.triage_reason;
INSERT INTO listing_analysis (id, listing_id, code_word_matches, linguistic_risk_score, analysis_method, risk_score, alert_tier, signal_breakdown, agreement_bonus)
VALUES ('e0000000-0000-0000-0000-000000000183', 'd0000000-0000-0000-0000-000000000183', '[]', 0.0, 'deterministic', 2, 'clear', '{"code_word": {"score": 0, "max": 15}, "cites": {"score": 0, "max": 25}, "iucn": {"score": 0, "max": 12}, "seizure": {"score": 0, "max": 13}, "geographic": {"score": 2, "max": 10}, "seller": {"score": 0, "max": 10}, "price": {"score": 0, "max": 3}, "image": {"score": 0, "max": 12}}', 0)
ON CONFLICT (listing_id) DO UPDATE SET
  code_word_matches = EXCLUDED.code_word_matches,
  linguistic_risk_score = EXCLUDED.linguistic_risk_score,
  risk_score = EXCLUDED.risk_score,
  alert_tier = EXCLUDED.alert_tier,
  signal_breakdown = EXCLUDED.signal_breakdown;

-- Listing 184: เศษยาจีนเขาสัตว์
INSERT INTO listings (id, scan_job_id, platform, platform_listing_id, title_original, price_amount, price_currency, images, images_local, seller_name, location_text, post_date, platform_category, content_hash, language, triage_passed, triage_reason)
VALUES ('d0000000-0000-0000-0000-000000000184', 'a0000000-0000-0000-0000-000000000002', 'facebook.com', 'fb-886996414211633', 'เศษยาจีนเขาสัตว์', NULL, 'THB', ARRAY['https://scontent.fslz8-1.fna.fbcdn.net/v/t39.84726-6/647222167_1409125820698407_2612661787089880857_n.jpg?stp=c0.43.261.261a_dst-jpg_p261x260_tt6&_nc_cat=108&ccb=1-7&_nc_sid=92e707&_nc_ohc=dD6BpPVozwsQ7kNvwG8HbVg&_nc_oc=Adpndd6AF40iUAYYhQQDrNH0_2YSkSGdqsNPuAWiyEw0h4aKAmCZ2iec7Lmwvew1QmQ&_nc_zt=14&_nc_ht=scontent.fslz8-1.fna&_nc_gid=P_fgrZIAWWp8WJ5vJZaepg&_nc_ss=7a389&oh=00_Afy8Mz_rTZ6DkaUVyR2UpZHlxUVxnSJPV29YOhIBznGE3Q&oe=69CF30DC'], ARRAY[]::TEXT[], NULL, 'Bangkok, Thailand', '2026-03-29 10:00:00', NULL, '5f1ecaf34ef24c09', 'th', true, 'high_risk_category')
ON CONFLICT (platform, platform_listing_id) DO UPDATE SET
  title_original = EXCLUDED.title_original,
  price_amount = EXCLUDED.price_amount,
  images = EXCLUDED.images,
  images_local = EXCLUDED.images_local,
  triage_passed = EXCLUDED.triage_passed,
  triage_reason = EXCLUDED.triage_reason;
INSERT INTO listing_analysis (id, listing_id, code_word_matches, linguistic_risk_score, analysis_method, risk_score, alert_tier, signal_breakdown, agreement_bonus)
VALUES ('e0000000-0000-0000-0000-000000000184', 'd0000000-0000-0000-0000-000000000184', '[]', 0.0, 'deterministic', 2, 'clear', '{"code_word": {"score": 0, "max": 15}, "cites": {"score": 0, "max": 25}, "iucn": {"score": 0, "max": 12}, "seizure": {"score": 0, "max": 13}, "geographic": {"score": 2, "max": 10}, "seller": {"score": 0, "max": 10}, "price": {"score": 0, "max": 3}, "image": {"score": 0, "max": 12}}', 0)
ON CONFLICT (listing_id) DO UPDATE SET
  code_word_matches = EXCLUDED.code_word_matches,
  linguistic_risk_score = EXCLUDED.linguistic_risk_score,
  risk_score = EXCLUDED.risk_score,
  alert_tier = EXCLUDED.alert_tier,
  signal_breakdown = EXCLUDED.signal_breakdown;

-- Listing 185: หาเขาสัตว์เก่า 🫎
INSERT INTO listings (id, scan_job_id, platform, platform_listing_id, title_original, price_amount, price_currency, images, images_local, seller_name, location_text, post_date, platform_category, content_hash, language, triage_passed, triage_reason)
VALUES ('d0000000-0000-0000-0000-000000000185', 'a0000000-0000-0000-0000-000000000002', 'facebook.com', 'fb-975718721795064', 'หาเขาสัตว์เก่า 🫎', NULL, 'THB', ARRAY['https://scontent.fslz8-1.fna.fbcdn.net/v/t39.84726-6/651247196_1656411542454664_5934200588147261531_n.jpg?stp=c63.0.260.260a_dst-jpg_p261x260_tt6&_nc_cat=105&ccb=1-7&_nc_sid=92e707&_nc_ohc=wr0UndwNyF0Q7kNvwHXPGGy&_nc_oc=AdpeNAWtP3NZnkyykJSwmYI1LZgWrCbCmo_w6RH_WS6SAeBIwTuwg1uoiFI4Sj1uVdk&_nc_zt=14&_nc_ht=scontent.fslz8-1.fna&_nc_gid=P_fgrZIAWWp8WJ5vJZaepg&_nc_ss=7a389&oh=00_AfxOxbycTG0-Z3LlJY3NeM6jcHYZorSXSka89_EWpk81FA&oe=69CF3327'], ARRAY[]::TEXT[], NULL, 'Bangkok, Thailand', '2026-03-29 10:00:00', NULL, 'a0849d7fac8338cc', 'th', true, 'high_risk_category')
ON CONFLICT (platform, platform_listing_id) DO UPDATE SET
  title_original = EXCLUDED.title_original,
  price_amount = EXCLUDED.price_amount,
  images = EXCLUDED.images,
  images_local = EXCLUDED.images_local,
  triage_passed = EXCLUDED.triage_passed,
  triage_reason = EXCLUDED.triage_reason;
INSERT INTO listing_analysis (id, listing_id, code_word_matches, linguistic_risk_score, analysis_method, risk_score, alert_tier, signal_breakdown, agreement_bonus)
VALUES ('e0000000-0000-0000-0000-000000000185', 'd0000000-0000-0000-0000-000000000185', '[]', 0.0, 'deterministic', 2, 'clear', '{"code_word": {"score": 0, "max": 15}, "cites": {"score": 0, "max": 25}, "iucn": {"score": 0, "max": 12}, "seizure": {"score": 0, "max": 13}, "geographic": {"score": 2, "max": 10}, "seller": {"score": 0, "max": 10}, "price": {"score": 0, "max": 3}, "image": {"score": 0, "max": 12}}', 0)
ON CONFLICT (listing_id) DO UPDATE SET
  code_word_matches = EXCLUDED.code_word_matches,
  linguistic_risk_score = EXCLUDED.linguistic_risk_score,
  risk_score = EXCLUDED.risk_score,
  alert_tier = EXCLUDED.alert_tier,
  signal_breakdown = EXCLUDED.signal_breakdown;

-- Listing 186: สร้อยคอวัสดุเขาสัตว์
INSERT INTO listings (id, scan_job_id, platform, platform_listing_id, title_original, price_amount, price_currency, images, images_local, seller_name, location_text, post_date, platform_category, content_hash, language, triage_passed, triage_reason)
VALUES ('d0000000-0000-0000-0000-000000000186', 'a0000000-0000-0000-0000-000000000002', 'facebook.com', 'fb-1489635759165989', 'สร้อยคอวัสดุเขาสัตว์', NULL, 'THB', ARRAY['https://scontent.fslz8-1.fna.fbcdn.net/v/t39.84726-6/654835815_1289546836384854_2495830003375790718_n.jpg?stp=c0.101.261.261a_dst-jpg_p261x260_tt6&_nc_cat=103&ccb=1-7&_nc_sid=92e707&_nc_ohc=tvi9bwVp21MQ7kNvwHl4_B8&_nc_oc=AdpjZEEQoEwOFd49_tQ8OMInGneXMx2yJ43o_FwCBeqPZold_S3SO1KnmSgSMltZIEg&_nc_zt=14&_nc_ht=scontent.fslz8-1.fna&_nc_gid=P_fgrZIAWWp8WJ5vJZaepg&_nc_ss=7a389&oh=00_Afxm_AkHWs44VCihsllWIK_fnpWX9xXV5YvLQzp0nvpeLA&oe=69CF4FB1'], ARRAY[]::TEXT[], NULL, 'Bangkok, Thailand', '2026-03-29 10:00:00', NULL, '116dcd31c2f0ac7d', 'th', true, 'high_risk_category')
ON CONFLICT (platform, platform_listing_id) DO UPDATE SET
  title_original = EXCLUDED.title_original,
  price_amount = EXCLUDED.price_amount,
  images = EXCLUDED.images,
  images_local = EXCLUDED.images_local,
  triage_passed = EXCLUDED.triage_passed,
  triage_reason = EXCLUDED.triage_reason;
INSERT INTO listing_analysis (id, listing_id, code_word_matches, linguistic_risk_score, analysis_method, risk_score, alert_tier, signal_breakdown, agreement_bonus)
VALUES ('e0000000-0000-0000-0000-000000000186', 'd0000000-0000-0000-0000-000000000186', '[]', 0.0, 'deterministic', 2, 'clear', '{"code_word": {"score": 0, "max": 15}, "cites": {"score": 0, "max": 25}, "iucn": {"score": 0, "max": 12}, "seizure": {"score": 0, "max": 13}, "geographic": {"score": 2, "max": 10}, "seller": {"score": 0, "max": 10}, "price": {"score": 0, "max": 3}, "image": {"score": 0, "max": 12}}', 0)
ON CONFLICT (listing_id) DO UPDATE SET
  code_word_matches = EXCLUDED.code_word_matches,
  linguistic_risk_score = EXCLUDED.linguistic_risk_score,
  risk_score = EXCLUDED.risk_score,
  alert_tier = EXCLUDED.alert_tier,
  signal_breakdown = EXCLUDED.signal_breakdown;

-- Listing 187: พรมหนังสัตว์แท้ แกะ,จิงโจ้ ราคาในโพสค่ะ
INSERT INTO listings (id, scan_job_id, platform, platform_listing_id, title_original, price_amount, price_currency, images, images_local, seller_name, location_text, post_date, platform_category, content_hash, language, triage_passed, triage_reason)
VALUES ('d0000000-0000-0000-0000-000000000187', 'a0000000-0000-0000-0000-000000000002', 'facebook.com', 'fb-1422660666265890', 'พรมหนังสัตว์แท้ แกะ,จิงโจ้ ราคาในโพสค่ะ', NULL, 'THB', ARRAY['https://scontent.fslz8-2.fna.fbcdn.net/v/t39.84726-6/629784727_2718199758539475_4258510204173239123_n.jpg?stp=c0.0.261.261a_dst-jpg_p261x260_tt6&_nc_cat=100&ccb=1-7&_nc_sid=92e707&_nc_ohc=dNB_VTTL7IQQ7kNvwFoJry6&_nc_oc=AdqPnt1c5_6IAjnoHMvp6-TzPfn6_6jDU3f0kiJwfYzD5JtbedKs6CtqlYt3WaaxXHM&_nc_zt=14&_nc_ht=scontent.fslz8-2.fna&_nc_gid=P_fgrZIAWWp8WJ5vJZaepg&_nc_ss=7a389&oh=00_AfxwdeboK84ZVHWZDsqRnR2JONcoxCusN25MJrtqaF7L1g&oe=69CF4365'], ARRAY[]::TEXT[], NULL, 'Bangkok, Thailand', '2026-03-29 10:00:00', NULL, '77452e04621073e0', 'th', true, 'high_risk_category')
ON CONFLICT (platform, platform_listing_id) DO UPDATE SET
  title_original = EXCLUDED.title_original,
  price_amount = EXCLUDED.price_amount,
  images = EXCLUDED.images,
  images_local = EXCLUDED.images_local,
  triage_passed = EXCLUDED.triage_passed,
  triage_reason = EXCLUDED.triage_reason;
INSERT INTO listing_analysis (id, listing_id, code_word_matches, linguistic_risk_score, analysis_method, risk_score, alert_tier, signal_breakdown, agreement_bonus)
VALUES ('e0000000-0000-0000-0000-000000000187', 'd0000000-0000-0000-0000-000000000187', '[]', 0.0, 'deterministic', 2, 'clear', '{"code_word": {"score": 0, "max": 15}, "cites": {"score": 0, "max": 25}, "iucn": {"score": 0, "max": 12}, "seizure": {"score": 0, "max": 13}, "geographic": {"score": 2, "max": 10}, "seller": {"score": 0, "max": 10}, "price": {"score": 0, "max": 3}, "image": {"score": 0, "max": 12}}', 0)
ON CONFLICT (listing_id) DO UPDATE SET
  code_word_matches = EXCLUDED.code_word_matches,
  linguistic_risk_score = EXCLUDED.linguistic_risk_score,
  risk_score = EXCLUDED.risk_score,
  alert_tier = EXCLUDED.alert_tier,
  signal_breakdown = EXCLUDED.signal_breakdown;

-- Listing 188: หาเขาสัตว์เก่า
INSERT INTO listings (id, scan_job_id, platform, platform_listing_id, title_original, price_amount, price_currency, images, images_local, seller_name, location_text, post_date, platform_category, content_hash, language, triage_passed, triage_reason)
VALUES ('d0000000-0000-0000-0000-000000000188', 'a0000000-0000-0000-0000-000000000002', 'facebook.com', 'fb-700969813037775', 'หาเขาสัตว์เก่า', NULL, 'THB', ARRAY['https://scontent.fslz8-2.fna.fbcdn.net/v/t39.84726-6/651701925_1244698107796345_4621421079759209403_n.jpg?stp=c12.0.260.260a_dst-jpg_p261x260_tt6&_nc_cat=109&ccb=1-7&_nc_sid=92e707&_nc_ohc=IaFskPvfRsIQ7kNvwFNgQ8R&_nc_oc=AdrN3SdJc1n2ljiY5Tbg00_I1Rj9AC4MHSlQ7XThje97v-E8LT1ozXfDlqThSxdF9TM&_nc_zt=14&_nc_ht=scontent.fslz8-2.fna&_nc_gid=P_fgrZIAWWp8WJ5vJZaepg&_nc_ss=7a389&oh=00_AfzFfJkKohWo9fuVfIBXHLA55jfwQVHKt7CsogMFN5uvnQ&oe=69CF3DC9'], ARRAY[]::TEXT[], NULL, 'Bangkok, Thailand', '2026-03-29 10:00:00', NULL, 'f87c0431e16329d7', 'th', true, 'high_risk_category')
ON CONFLICT (platform, platform_listing_id) DO UPDATE SET
  title_original = EXCLUDED.title_original,
  price_amount = EXCLUDED.price_amount,
  images = EXCLUDED.images,
  images_local = EXCLUDED.images_local,
  triage_passed = EXCLUDED.triage_passed,
  triage_reason = EXCLUDED.triage_reason;
INSERT INTO listing_analysis (id, listing_id, code_word_matches, linguistic_risk_score, analysis_method, risk_score, alert_tier, signal_breakdown, agreement_bonus)
VALUES ('e0000000-0000-0000-0000-000000000188', 'd0000000-0000-0000-0000-000000000188', '[]', 0.0, 'deterministic', 2, 'clear', '{"code_word": {"score": 0, "max": 15}, "cites": {"score": 0, "max": 25}, "iucn": {"score": 0, "max": 12}, "seizure": {"score": 0, "max": 13}, "geographic": {"score": 2, "max": 10}, "seller": {"score": 0, "max": 10}, "price": {"score": 0, "max": 3}, "image": {"score": 0, "max": 12}}', 0)
ON CONFLICT (listing_id) DO UPDATE SET
  code_word_matches = EXCLUDED.code_word_matches,
  linguistic_risk_score = EXCLUDED.linguistic_risk_score,
  risk_score = EXCLUDED.risk_score,
  alert_tier = EXCLUDED.alert_tier,
  signal_breakdown = EXCLUDED.signal_breakdown;

-- Listing 189: แป้นไม้ปุ่มมะค่า ติดเขาสัตว์
INSERT INTO listings (id, scan_job_id, platform, platform_listing_id, title_original, price_amount, price_currency, images, images_local, seller_name, location_text, post_date, platform_category, content_hash, language, triage_passed, triage_reason)
VALUES ('d0000000-0000-0000-0000-000000000189', 'a0000000-0000-0000-0000-000000000002', 'facebook.com', 'fb-1529558675480041', 'แป้นไม้ปุ่มมะค่า ติดเขาสัตว์', NULL, 'THB', ARRAY['https://scontent.fslz8-1.fna.fbcdn.net/v/t39.84726-6/607304469_2122027908536430_1574160087389400396_n.jpg?stp=c43.0.260.260a_dst-jpg_p261x260_tt6&_nc_cat=105&ccb=1-7&_nc_sid=92e707&_nc_ohc=d2nquQzPjhAQ7kNvwGBPetP&_nc_oc=AdpOQ3pDtalIFiwgkF4tkPysYlAZVgMx_DVLcFePwDQFMPlJpUXh1DijYCEO2PSa4Is&_nc_zt=14&_nc_ht=scontent.fslz8-1.fna&_nc_gid=P_fgrZIAWWp8WJ5vJZaepg&_nc_ss=7a389&oh=00_AfzHyCq52P4GK51dGaa50pV4LVh43-qp0p69qkQUFxG7ng&oe=69CF4C07'], ARRAY[]::TEXT[], NULL, 'Bangkok, Thailand', '2026-03-29 10:00:00', NULL, '12bd4fb90a711762', 'th', true, 'high_risk_category')
ON CONFLICT (platform, platform_listing_id) DO UPDATE SET
  title_original = EXCLUDED.title_original,
  price_amount = EXCLUDED.price_amount,
  images = EXCLUDED.images,
  images_local = EXCLUDED.images_local,
  triage_passed = EXCLUDED.triage_passed,
  triage_reason = EXCLUDED.triage_reason;
INSERT INTO listing_analysis (id, listing_id, code_word_matches, linguistic_risk_score, analysis_method, risk_score, alert_tier, signal_breakdown, agreement_bonus)
VALUES ('e0000000-0000-0000-0000-000000000189', 'd0000000-0000-0000-0000-000000000189', '[]', 0.0, 'deterministic', 2, 'clear', '{"code_word": {"score": 0, "max": 15}, "cites": {"score": 0, "max": 25}, "iucn": {"score": 0, "max": 12}, "seizure": {"score": 0, "max": 13}, "geographic": {"score": 2, "max": 10}, "seller": {"score": 0, "max": 10}, "price": {"score": 0, "max": 3}, "image": {"score": 0, "max": 12}}', 0)
ON CONFLICT (listing_id) DO UPDATE SET
  code_word_matches = EXCLUDED.code_word_matches,
  linguistic_risk_score = EXCLUDED.linguistic_risk_score,
  risk_score = EXCLUDED.risk_score,
  alert_tier = EXCLUDED.alert_tier,
  signal_breakdown = EXCLUDED.signal_breakdown;

-- Listing 190: เขากวาง 2 ชุด
INSERT INTO listings (id, scan_job_id, platform, platform_listing_id, title_original, price_amount, price_currency, images, images_local, seller_name, location_text, post_date, platform_category, content_hash, language, triage_passed, triage_reason)
VALUES ('d0000000-0000-0000-0000-000000000190', 'a0000000-0000-0000-0000-000000000002', 'facebook.com', 'fb-1232603139029297', 'เขากวาง 2 ชุด', NULL, 'THB', ARRAY['https://scontent.fslz8-2.fna.fbcdn.net/v/t39.84726-6/653049115_1666461281365934_5578639569031554116_n.jpg?stp=c0.43.261.261a_dst-jpg_p261x260_tt6&_nc_cat=109&ccb=1-7&_nc_sid=92e707&_nc_ohc=eOt6txI2u1sQ7kNvwGHoC98&_nc_oc=AdqL5vEErO4cXuc7ryLvcA_8OmzUY7nhhl-k_pw9r8_kGLIhAyGV-99uQwk62qt87L4&_nc_zt=14&_nc_ht=scontent.fslz8-2.fna&_nc_gid=P_fgrZIAWWp8WJ5vJZaepg&_nc_ss=7a389&oh=00_Afx1fuH4W3KE85A22qXXZ4GrBW8Ov7oCreBb-tfw8FEC9A&oe=69CF4688'], ARRAY[]::TEXT[], NULL, 'Bangkok, Thailand', '2026-03-29 10:00:00', NULL, 'd79019f03586d4b7', 'th', true, 'high_risk_category')
ON CONFLICT (platform, platform_listing_id) DO UPDATE SET
  title_original = EXCLUDED.title_original,
  price_amount = EXCLUDED.price_amount,
  images = EXCLUDED.images,
  images_local = EXCLUDED.images_local,
  triage_passed = EXCLUDED.triage_passed,
  triage_reason = EXCLUDED.triage_reason;
INSERT INTO listing_analysis (id, listing_id, code_word_matches, linguistic_risk_score, analysis_method, risk_score, alert_tier, signal_breakdown, agreement_bonus)
VALUES ('e0000000-0000-0000-0000-000000000190', 'd0000000-0000-0000-0000-000000000190', '[]', 0.0, 'deterministic', 2, 'clear', '{"code_word": {"score": 0, "max": 15}, "cites": {"score": 0, "max": 25}, "iucn": {"score": 0, "max": 12}, "seizure": {"score": 0, "max": 13}, "geographic": {"score": 2, "max": 10}, "seller": {"score": 0, "max": 10}, "price": {"score": 0, "max": 3}, "image": {"score": 0, "max": 12}}', 0)
ON CONFLICT (listing_id) DO UPDATE SET
  code_word_matches = EXCLUDED.code_word_matches,
  linguistic_risk_score = EXCLUDED.linguistic_risk_score,
  risk_score = EXCLUDED.risk_score,
  alert_tier = EXCLUDED.alert_tier,
  signal_breakdown = EXCLUDED.signal_breakdown;

-- Listing 191: วัสดุธรรมชาติเขาควาย แกะรูปช้าง
INSERT INTO listings (id, scan_job_id, platform, platform_listing_id, title_original, price_amount, price_currency, images, images_local, seller_name, location_text, post_date, platform_category, content_hash, language, triage_passed, triage_reason)
VALUES ('d0000000-0000-0000-0000-000000000191', 'a0000000-0000-0000-0000-000000000002', 'facebook.com', 'fb-1479062526946850', 'วัสดุธรรมชาติเขาควาย แกะรูปช้าง', NULL, 'THB', ARRAY['https://scontent.fslz8-2.fna.fbcdn.net/v/t39.84726-6/656003917_1453260466263490_4600819116320841658_n.jpg?stp=c0.101.261.261a_dst-jpg_p261x260_tt6&_nc_cat=100&ccb=1-7&_nc_sid=92e707&_nc_ohc=WVUPZfWFmP8Q7kNvwGnSsnI&_nc_oc=AdrmyCbcthzT8L1aLQTTA-kUWcOTx0GmiXvLviF7YHKQqpJzgrPyh-edhvbqoo5jOys&_nc_zt=14&_nc_ht=scontent.fslz8-2.fna&_nc_gid=P_fgrZIAWWp8WJ5vJZaepg&_nc_ss=7a389&oh=00_AfyVmP5yRUUXoXU1d1iAnUjZeuQUlujzpeG5yDKOxLq7Bw&oe=69CF331C'], ARRAY[]::TEXT[], NULL, 'Bangkok, Thailand', '2026-03-29 10:00:00', NULL, '41e22ba1f1fb2671', 'th', true, 'high_risk_category')
ON CONFLICT (platform, platform_listing_id) DO UPDATE SET
  title_original = EXCLUDED.title_original,
  price_amount = EXCLUDED.price_amount,
  images = EXCLUDED.images,
  images_local = EXCLUDED.images_local,
  triage_passed = EXCLUDED.triage_passed,
  triage_reason = EXCLUDED.triage_reason;
INSERT INTO listing_analysis (id, listing_id, code_word_matches, linguistic_risk_score, analysis_method, risk_score, alert_tier, signal_breakdown, agreement_bonus)
VALUES ('e0000000-0000-0000-0000-000000000191', 'd0000000-0000-0000-0000-000000000191', '[]', 0.0, 'deterministic', 2, 'clear', '{"code_word": {"score": 0, "max": 15}, "cites": {"score": 0, "max": 25}, "iucn": {"score": 0, "max": 12}, "seizure": {"score": 0, "max": 13}, "geographic": {"score": 2, "max": 10}, "seller": {"score": 0, "max": 10}, "price": {"score": 0, "max": 3}, "image": {"score": 0, "max": 12}}', 0)
ON CONFLICT (listing_id) DO UPDATE SET
  code_word_matches = EXCLUDED.code_word_matches,
  linguistic_risk_score = EXCLUDED.linguistic_risk_score,
  risk_score = EXCLUDED.risk_score,
  alert_tier = EXCLUDED.alert_tier,
  signal_breakdown = EXCLUDED.signal_breakdown;

-- Listing 192: .ชุดมีดอเนกประสงค์ งานวินเทจ ยุค เก่า โบราณตัวเรือนเป็นเขาสั
INSERT INTO listings (id, scan_job_id, platform, platform_listing_id, title_original, price_amount, price_currency, images, images_local, seller_name, location_text, post_date, platform_category, content_hash, language, triage_passed, triage_reason)
VALUES ('d0000000-0000-0000-0000-000000000192', 'a0000000-0000-0000-0000-000000000002', 'facebook.com', 'fb-1450739429880839', '.ชุดมีดอเนกประสงค์ งานวินเทจ ยุค เก่า โบราณตัวเรือนเป็นเขาสัตว์ ประกบด?', NULL, 'THB', ARRAY['https://scontent.fslz8-1.fna.fbcdn.net/v/t39.84726-6/657662133_2298342580691242_9069924406097480399_n.jpg?stp=c0.43.261.261a_dst-jpg_p261x260_tt6&_nc_cat=102&ccb=1-7&_nc_sid=92e707&_nc_ohc=ieJBjpUB9e4Q7kNvwEP3rXo&_nc_oc=Ado_ql1K6yHqJdFGxDMahdX_CNzsOqSoDK-pjc2uJp6016_8I9s8gjRQHqn1AVVno8c&_nc_zt=14&_nc_ht=scontent.fslz8-1.fna&_nc_gid=P_fgrZIAWWp8WJ5vJZaepg&_nc_ss=7a389&oh=00_AfwkK0K5IbFNmvZdTczdsyyhEz7X88ziL6xZdICbyfaUOw&oe=69CF496C'], ARRAY[]::TEXT[], NULL, 'Bangkok, Thailand', '2026-03-29 10:00:00', NULL, '9b418a59682d8555', 'th', true, 'high_risk_category')
ON CONFLICT (platform, platform_listing_id) DO UPDATE SET
  title_original = EXCLUDED.title_original,
  price_amount = EXCLUDED.price_amount,
  images = EXCLUDED.images,
  images_local = EXCLUDED.images_local,
  triage_passed = EXCLUDED.triage_passed,
  triage_reason = EXCLUDED.triage_reason;
INSERT INTO listing_analysis (id, listing_id, code_word_matches, linguistic_risk_score, analysis_method, risk_score, alert_tier, signal_breakdown, agreement_bonus)
VALUES ('e0000000-0000-0000-0000-000000000192', 'd0000000-0000-0000-0000-000000000192', '[]', 0.0, 'deterministic', 2, 'clear', '{"code_word": {"score": 0, "max": 15}, "cites": {"score": 0, "max": 25}, "iucn": {"score": 0, "max": 12}, "seizure": {"score": 0, "max": 13}, "geographic": {"score": 2, "max": 10}, "seller": {"score": 0, "max": 10}, "price": {"score": 0, "max": 3}, "image": {"score": 0, "max": 12}}', 0)
ON CONFLICT (listing_id) DO UPDATE SET
  code_word_matches = EXCLUDED.code_word_matches,
  linguistic_risk_score = EXCLUDED.linguistic_risk_score,
  risk_score = EXCLUDED.risk_score,
  alert_tier = EXCLUDED.alert_tier,
  signal_breakdown = EXCLUDED.signal_breakdown;

-- Listing 193: เขาสัตว์ 1 คู่
INSERT INTO listings (id, scan_job_id, platform, platform_listing_id, title_original, price_amount, price_currency, images, images_local, seller_name, location_text, post_date, platform_category, content_hash, language, triage_passed, triage_reason)
VALUES ('d0000000-0000-0000-0000-000000000193', 'a0000000-0000-0000-0000-000000000002', 'facebook.com', 'fb-2094999931310891', 'เขาสัตว์ 1 คู่', NULL, 'THB', ARRAY['https://scontent.fslz8-2.fna.fbcdn.net/v/t39.84726-6/607959497_25589995943952695_6509615701283012789_n.jpg?stp=c0.43.261.261a_dst-jpg_p261x260_tt6&_nc_cat=109&ccb=1-7&_nc_sid=92e707&_nc_ohc=suP9euW4up0Q7kNvwGIkEts&_nc_oc=AdqTYP9KYRZNyYTXwvfx7HDJqbpF1W7DXfhVHWfIjSK7Yxd4Ym4N1sCVmcEMVePvBrk&_nc_zt=14&_nc_ht=scontent.fslz8-2.fna&_nc_gid=P_fgrZIAWWp8WJ5vJZaepg&_nc_ss=7a389&oh=00_Afyc7dJIUvz-iNkOd5TgW4_C1hc6PmHixKbCdjGVrf3rqA&oe=69CF3D70'], ARRAY[]::TEXT[], NULL, 'Bangkok, Thailand', '2026-03-29 10:00:00', NULL, 'cd680ab2469599ef', 'th', true, 'high_risk_category')
ON CONFLICT (platform, platform_listing_id) DO UPDATE SET
  title_original = EXCLUDED.title_original,
  price_amount = EXCLUDED.price_amount,
  images = EXCLUDED.images,
  images_local = EXCLUDED.images_local,
  triage_passed = EXCLUDED.triage_passed,
  triage_reason = EXCLUDED.triage_reason;
INSERT INTO listing_analysis (id, listing_id, code_word_matches, linguistic_risk_score, analysis_method, risk_score, alert_tier, signal_breakdown, agreement_bonus)
VALUES ('e0000000-0000-0000-0000-000000000193', 'd0000000-0000-0000-0000-000000000193', '[]', 0.0, 'deterministic', 2, 'clear', '{"code_word": {"score": 0, "max": 15}, "cites": {"score": 0, "max": 25}, "iucn": {"score": 0, "max": 12}, "seizure": {"score": 0, "max": 13}, "geographic": {"score": 2, "max": 10}, "seller": {"score": 0, "max": 10}, "price": {"score": 0, "max": 3}, "image": {"score": 0, "max": 12}}', 0)
ON CONFLICT (listing_id) DO UPDATE SET
  code_word_matches = EXCLUDED.code_word_matches,
  linguistic_risk_score = EXCLUDED.linguistic_risk_score,
  risk_score = EXCLUDED.risk_score,
  alert_tier = EXCLUDED.alert_tier,
  signal_breakdown = EXCLUDED.signal_breakdown;
